<?xml version="1.0" encoding="utf-8"?>
<COLLADA xmlns="http://www.collada.org/2005/11/COLLADASchema" version="1.4.1" xmlns:xsi="http://www.w3.org/2001/XMLSchema-instance">
  <asset>
    <contributor>
      <author>Blender User</author>
      <authoring_tool>Blender 4.2.18 LTS commit date:2026-02-16, commit time:13:37, hash:d71e3422e438</authoring_tool>
    </contributor>
    <created>2026-03-21T12:41:17</created>
    <modified>2026-03-21T12:41:17</modified>
    <unit name="meter" meter="1"/>
    <up_axis>Z_UP</up_axis>
  </asset>
  <library_cameras>
    <camera id="Camera-camera" name="Camera">
      <optics>
        <technique_common>
          <perspective>
            <xfov sid="xfov">39.59775</xfov>
            <aspect_ratio>1.777778</aspect_ratio>
            <znear sid="znear">0.1</znear>
            <zfar sid="zfar">100</zfar>
          </perspective>
        </technique_common>
      </optics>
      <extra>
        <technique profile="blender">
          <shiftx sid="shiftx" type="float">0</shiftx>
          <shifty sid="shifty" type="float">0</shifty>
          <dof_distance sid="dof_distance" type="float">10</dof_distance>
        </technique>
      </extra>
    </camera>
  </library_cameras>
  <library_lights>
    <light id="Light-light" name="Light">
      <technique_common>
        <point>
          <color sid="color">1000 1000 1000</color>
          <constant_attenuation>1</constant_attenuation>
          <linear_attenuation>0</linear_attenuation>
          <quadratic_attenuation>0</quadratic_attenuation>
        </point>
      </technique_common>
      <extra>
        <technique profile="blender">
          <type sid="type" type="int">0</type>
          <flag sid="flag" type="int">0</flag>
          <mode sid="mode" type="int">2097153</mode>
          <red sid="red" type="float">1</red>
          <green sid="green" type="float">1</green>
          <blue sid="blue" type="float">1</blue>
          <shadow_r sid="blender_shadow_r" type="float">0</shadow_r>
          <shadow_g sid="blender_shadow_g" type="float">0</shadow_g>
          <shadow_b sid="blender_shadow_b" type="float">0</shadow_b>
          <energy sid="blender_energy" type="float">1000</energy>
          <spotsize sid="spotsize" type="float">75</spotsize>
          <spotblend sid="spotblend" type="float">0.15</spotblend>
          <clipsta sid="clipsta" type="float">0.04999995</clipsta>
          <clipend sid="clipend" type="float">30.002</clipend>
          <bias sid="bias" type="float">1</bias>
          <radius sid="radius" type="float">0.1</radius>
          <area_shape sid="area_shape" type="int">1</area_shape>
          <area_size sid="area_size" type="float">0.1</area_size>
          <area_sizey sid="area_sizey" type="float">0.1</area_sizey>
          <area_sizez sid="area_sizez" type="float">1</area_sizez>
        </technique>
      </extra>
    </light>
  </library_lights>
  <library_effects>
    <effect id="Right_Side_Image-effect">
      <profile_COMMON>
        <technique sid="common">
          <lambert>
            <emission>
              <color sid="emission">0 0 0 1</color>
            </emission>
            <diffuse>
              <color sid="diffuse">0.8 0.8 0.8 1</color>
            </diffuse>
            <index_of_refraction>
              <float sid="ior">1.45</float>
            </index_of_refraction>
          </lambert>
        </technique>
      </profile_COMMON>
    </effect>
    <effect id="Steel_-_Satin-effect">
      <profile_COMMON>
        <technique sid="common">
          <lambert>
            <emission>
              <color sid="emission">0 0 0 1</color>
            </emission>
            <diffuse>
              <color sid="diffuse">0.8 0.8 0.8 1</color>
            </diffuse>
            <index_of_refraction>
              <float sid="ior">1.45</float>
            </index_of_refraction>
          </lambert>
        </technique>
      </profile_COMMON>
    </effect>
    <effect id="Opaque_192_192_192_-effect">
      <profile_COMMON>
        <technique sid="common">
          <lambert>
            <emission>
              <color sid="emission">0 0 0 1</color>
            </emission>
            <diffuse>
              <color sid="diffuse">0.8 0.8 0.8 1</color>
            </diffuse>
            <index_of_refraction>
              <float sid="ior">1.45</float>
            </index_of_refraction>
          </lambert>
        </technique>
      </profile_COMMON>
    </effect>
    <effect id="Red-effect">
      <profile_COMMON>
        <technique sid="common">
          <lambert>
            <emission>
              <color sid="emission">0 0 0 1</color>
            </emission>
            <diffuse>
              <color sid="diffuse">1 0 0 1</color>
            </diffuse>
            <reflectivity>
              <float sid="specular">0.5</float>
            </reflectivity>
            <index_of_refraction>
              <float sid="ior">1.45</float>
            </index_of_refraction>
          </lambert>
        </technique>
      </profile_COMMON>
    </effect>
    <effect id="Black-effect">
      <profile_COMMON>
        <technique sid="common">
          <lambert>
            <emission>
              <color sid="emission">0 0 0 1</color>
            </emission>
            <diffuse>
              <color sid="diffuse">0 0 0 1</color>
            </diffuse>
            <index_of_refraction>
              <float sid="ior">1.45</float>
            </index_of_refraction>
          </lambert>
        </technique>
      </profile_COMMON>
    </effect>
    <effect id="Material_002-effect">
      <profile_COMMON>
        <technique sid="common">
          <lambert>
            <emission>
              <color sid="emission">0 0 0 1</color>
            </emission>
            <diffuse>
              <color sid="diffuse">0.8 0.8 0.8 1</color>
            </diffuse>
            <index_of_refraction>
              <float sid="ior">1.45</float>
            </index_of_refraction>
          </lambert>
        </technique>
      </profile_COMMON>
    </effect>
    <effect id="Opaque_255_0_0_-effect">
      <profile_COMMON>
        <technique sid="common">
          <lambert>
            <emission>
              <color sid="emission">0 0 0 1</color>
            </emission>
            <diffuse>
              <color sid="diffuse">0.8 0.8 0.8 1</color>
            </diffuse>
            <index_of_refraction>
              <float sid="ior">1.45</float>
            </index_of_refraction>
          </lambert>
        </technique>
      </profile_COMMON>
    </effect>
    <effect id="Material_004-effect">
      <profile_COMMON>
        <newparam sid="search_and_rescue_png-surface">
          <surface type="2D">
            <init_from>search_and_rescue_png</init_from>
          </surface>
        </newparam>
        <newparam sid="search_and_rescue_png-sampler">
          <sampler2D>
            <source>search_and_rescue_png-surface</source>
          </sampler2D>
        </newparam>
        <technique sid="common">
          <lambert>
            <emission>
              <color sid="emission">0 0 0 1</color>
            </emission>
            <diffuse>
              <texture texture="search_and_rescue_png-sampler" texcoord="Plane-mesh-map-0"/>
            </diffuse>
            <index_of_refraction>
              <float sid="ior">1.5</float>
            </index_of_refraction>
          </lambert>
        </technique>
      </profile_COMMON>
    </effect>
    <effect id="Material_003-effect">
      <profile_COMMON>
        <newparam sid="repair_gate_png-surface">
          <surface type="2D">
            <init_from>repair_gate_png</init_from>
          </surface>
        </newparam>
        <newparam sid="repair_gate_png-sampler">
          <sampler2D>
            <source>repair_gate_png-surface</source>
          </sampler2D>
        </newparam>
        <technique sid="common">
          <lambert>
            <emission>
              <color sid="emission">0 0 0 1</color>
            </emission>
            <diffuse>
              <texture texture="repair_gate_png-sampler" texcoord="Plane_001-mesh-map-0"/>
            </diffuse>
            <index_of_refraction>
              <float sid="ior">1.5</float>
            </index_of_refraction>
          </lambert>
        </technique>
      </profile_COMMON>
    </effect>
  </library_effects>
  <library_images>
    <image id="repair_gate_png" name="repair_gate_png">
      <init_from>repair_gate.png</init_from>
    </image>
    <image id="search_and_rescue_png" name="search_and_rescue_png">
      <init_from>search_and_rescue.png</init_from>
    </image>
  </library_images>
  <library_materials>
    <material id="Right_Side_Image-material" name="Right Side Image">
      <instance_effect url="#Right_Side_Image-effect"/>
    </material>
    <material id="Steel_-_Satin-material" name="Steel_-_Satin">
      <instance_effect url="#Steel_-_Satin-effect"/>
    </material>
    <material id="Opaque_192_192_192_-material" name="Opaque(192,192,192)">
      <instance_effect url="#Opaque_192_192_192_-effect"/>
    </material>
    <material id="Red-material" name="Red">
      <instance_effect url="#Red-effect"/>
    </material>
    <material id="Black-material" name="Black">
      <instance_effect url="#Black-effect"/>
    </material>
    <material id="Material_002-material" name="Material.002">
      <instance_effect url="#Material_002-effect"/>
    </material>
    <material id="Opaque_255_0_0_-material" name="Opaque(255,0,0)">
      <instance_effect url="#Opaque_255_0_0_-effect"/>
    </material>
    <material id="Material_004-material" name="Material.004">
      <instance_effect url="#Material_004-effect"/>
    </material>
    <material id="Material_003-material" name="Material.003">
      <instance_effect url="#Material_003-effect"/>
    </material>
  </library_materials>
  <library_geometries>
    <geometry id="Gate2_v1-mesh" name="Gate2_v1">
      <mesh>
        <source id="Gate2_v1-mesh-positions">
          <float_array id="Gate2_v1-mesh-positions-array" count="6582">1.508323 0.3355708 -0.01257973 1.508323 0.3328796 -0.01231467 1.508323 0.3302918 -0.01152986 1.508323 0.3279069 -0.01025485 1.508323 0.3258164 -0.008539497 1.508323 0.3241007 -0.006449103 1.508323 0.3228259 -0.004064083 1.508323 0.322041 -0.001476228 1.508323 0.3217759 0.001214921 1.508323 0.322041 0.003906071 1.508323 0.3228259 0.006493926 1.508323 0.3241007 0.008878946 1.508323 0.3258164 0.0109694 1.508323 0.3279069 0.01268494 1.508323 0.3302918 0.01395952 1.508323 0.3328796 0.01474452 1.508323 0.3355708 0.01500982 1.508323 0.3382621 0.01474452 1.508323 0.3408499 0.01395952 1.508323 0.343235 0.01268494 1.508323 0.3453252 0.0109694 1.508323 0.3470409 0.008878946 1.508323 0.3483157 0.006493926 1.508323 0.3491006 0.003906071 1.508323 0.3493657 0.001214921 1.508323 0.3491006 -0.001476228 1.508323 0.3483157 -0.004064083 1.508323 0.3470409 -0.006449103 1.508323 0.3453252 -0.008539497 1.508323 0.343235 -0.01025485 1.508323 0.3408499 -0.01152986 1.508323 0.3382621 -0.01231467 1.508323 0.3355708 -0.009566664 1.508323 0.33797 -0.009296357 1.508323 0.3402488 -0.008498966 1.508323 0.342293 -0.007214367 1.508323 0.3440003 -0.00550729 1.508323 0.3452847 -0.00346297 1.508323 0.3460822 -0.001184165 1.508323 0.3463526 0.001214921 1.508323 0.3460822 0.003614068 1.508323 0.3452847 0.005892813 1.508323 0.3440003 0.007937133 1.508323 0.342293 0.009644329 1.508323 0.3402488 0.01092875 1.508323 0.33797 0.0117262 1.508323 0.3355708 0.01199632 1.508323 0.3331716 0.0117262 1.508323 0.3308928 0.01092875 1.508323 0.3288486 0.009644329 1.508323 0.3271413 0.007937133 1.508323 0.3258569 0.005892813 1.508323 0.3250594 0.003614068 1.508323 0.3247893 0.001214921 1.508323 0.3250594 -0.001184165 1.508323 0.3258569 -0.00346297 1.508323 0.3271413 -0.00550729 1.508323 0.3288486 -0.007214367 1.508323 0.3308928 -0.008498966 1.508323 0.3331716 -0.009296357 1.527393 0.3355708 -0.009414136 1.527393 0.3379359 -0.009147644 1.527393 0.3401826 -0.008361518 1.527393 0.3421979 -0.007095158 1.527393 0.3438809 -0.005412161 1.527393 0.3451474 -0.003396809 1.527393 0.3459334 -0.00115025 1.527393 0.3462 0.001214921 1.527393 0.3459334 0.003580093 1.527393 0.3451474 0.005826652 1.527393 0.3438809 0.007842004 1.527393 0.3421979 0.00952506 1.527393 0.3401826 0.01079136 1.527393 0.3379359 0.01157724 1.527393 0.3355708 0.01184386 1.527393 0.3332057 0.01157724 1.527393 0.3309591 0.01079136 1.527393 0.3289437 0.00952506 1.527393 0.3272607 0.007842004 1.527393 0.3259943 0.005826652 1.527393 0.3252082 0.003580093 1.527393 0.3249416 0.001214921 1.527393 0.3252082 -0.00115025 1.527393 0.3259943 -0.003396809 1.527393 0.3272607 -0.005412161 1.527393 0.3289437 -0.007095158 1.527393 0.3309591 -0.008361518 1.527393 0.3332057 -0.009147644 1.527393 0.3228567 -0.004137456 1.526923 0.3223875 -0.002846539 1.526588 0.3220489 -0.001515269 1.526382 0.3218443 -1.56979e-4 1.526313 0.3217759 0.001214921 1.526382 0.3218443 0.002586722 1.526588 0.3220489 0.003945112 1.526923 0.3223875 0.005276322 1.527393 0.3228567 0.006567299 1.527393 0.324142 0.008940219 1.527393 0.3258648 0.01101744 1.527393 0.3279588 0.01271951 1.527393 0.3303442 0.01398134 1.527393 0.3329296 0.01475459 1.527393 0.3356164 0.01500976 1.527393 0.3383012 0.01473695 1.527393 0.3408814 0.01394665 1.527393 0.3432584 0.0126689 1.527393 0.3453412 0.01095306 1.527393 0.3470504 0.00886476 1.527393 0.34832 0.006483495 1.527393 0.3491018 0.003900468 1.527393 0.3493657 0.001214921 1.527393 0.3491018 -0.001470685 1.527393 0.34832 -0.004053652 1.527393 0.3470504 -0.006434917 1.527393 0.3453412 -0.008523464 1.527393 0.3432584 -0.0102393 1.527393 0.3408814 -0.01151669 1.527393 0.3383012 -0.01230686 1.527393 0.3356164 -0.01257961 1.527393 0.3329296 -0.01232475 1.527393 0.3303442 -0.01155138 1.527393 0.3279588 -0.01028949 1.527393 0.3258648 -0.008587539 1.527393 0.324142 -0.006510317 1.540107 0.3228567 0.009123146 1.538062 0.3228567 0.008853673 1.536155 0.3228567 0.008063614 1.534515 0.3228567 0.00680685 1.53326 0.3228567 0.005169034 1.53247 0.3228567 0.003261685 1.532199 0.3228567 0.001214921 1.53247 0.3228567 -8.31874e-4 1.53326 0.3228567 -0.002739131 1.534515 0.3228567 -0.004377007 1.536155 0.3228567 -0.005633771 1.538062 0.3228567 -0.006423771 1.540107 0.3228567 -0.006693184 1.542155 0.3228567 -0.006423771 1.544063 0.3228567 -0.005633771 1.545699 0.3228567 -0.004377007 1.546954 0.3228567 -0.002739131 1.547748 0.3228567 -8.31874e-4 1.548015 0.3228567 0.001214921 1.547748 0.3228567 0.003261685 1.546954 0.3228567 0.005169034 1.545699 0.3228567 0.00680685 1.544063 0.3228567 0.008063614 1.542155 0.3228567 0.008853673 1.527393 0.3355708 0.009123146 1.527393 0.3376176 0.008853673 1.527393 0.339525 0.008063614 1.527393 0.3411627 0.00680685 1.527393 0.3424196 0.005169034 1.527393 0.3432095 0.003261685 1.527393 0.3434789 0.001214921 1.527393 0.3432095 -8.31874e-4 1.527393 0.3424196 -0.002739131 1.527393 0.3411627 -0.004377007 1.527393 0.339525 -0.005633771 1.527393 0.3376176 -0.006423771 1.527393 0.3355708 -0.006693184 1.527393 0.333524 -0.006423771 1.527393 0.3316166 -0.005633771 1.527393 0.329979 -0.004377007 1.527393 0.328722 -0.002739131 1.527393 0.3279321 -8.31874e-4 1.527393 0.3276627 0.001214921 1.527393 0.3279321 0.003261685 1.527393 0.328722 0.005169034 1.527393 0.329979 0.00680685 1.527393 0.3316166 0.008063614 1.527393 0.333524 0.008853673 1.532142 0.3236084 0.001214921 1.531966 0.3243418 0.001214921 1.531677 0.3250384 0.001214921 1.531284 0.3256815 0.001214921 1.530791 0.3262549 0.001214921 1.530219 0.3267448 0.001214921 1.529575 0.3271387 0.001214921 1.528877 0.3274274 0.001214921 1.528148 0.3276033 0.001214921 1.532405 0.3236506 0.003261685 1.533187 0.3237741 0.005169034 1.534431 0.3239708 0.00680685 1.536048 0.3242271 0.008063614 1.537929 0.3245254 0.008853673 1.539951 0.3248456 0.009123146 1.541972 0.3251658 0.008853673 1.543857 0.325464 0.008063614 1.545474 0.3257203 0.00680685 1.546718 0.3259168 0.005169034 1.547496 0.3260405 0.003261685 1.547763 0.3260827 0.001214921 1.547496 0.3260405 -8.31874e-4 1.546718 0.3259168 -0.002739131 1.545474 0.3257203 -0.004377007 1.543857 0.325464 -0.005633771 1.541972 0.3251658 -0.006423771 1.539951 0.3248456 -0.006693184 1.537929 0.3245254 -0.006423771 1.536048 0.3242271 -0.005633771 1.534431 0.3239708 -0.004377007 1.533187 0.3237741 -0.002739131 1.532405 0.3236506 -8.31874e-4 1.52819 0.3278697 -8.31874e-4 1.528312 0.3286498 -0.002739131 1.528506 0.3298912 -0.004377007 1.528762 0.3315089 -0.005633771 1.529063 0.3333926 -0.006423771 1.529384 0.3354144 -0.006693184 1.529704 0.337436 -0.006423771 1.530002 0.3393197 -0.005633771 1.530257 0.3409374 -0.004377007 1.530452 0.3421786 -0.002739131 1.530578 0.3429589 -8.31874e-4 1.53062 0.343225 0.001214921 1.530578 0.3429589 0.003261685 1.530452 0.3421786 0.005169034 1.530257 0.3409374 0.00680685 1.530002 0.3393197 0.008063614 1.529704 0.337436 0.008853673 1.529384 0.3354144 0.009123146 1.529063 0.3333926 0.008853673 1.528762 0.3315089 0.008063614 1.528506 0.3298912 0.00680685 1.528312 0.3286498 0.005169034 1.52819 0.3278697 0.003261685 1.532222 0.324425 0.003261685 1.532974 0.3246691 0.005169034 1.534168 0.3250575 0.00680685 1.535724 0.3255637 0.008063614 1.53754 0.326153 0.008853673 1.539485 0.3267856 0.009123146 1.541431 0.3274181 0.008853673 1.543246 0.3280075 0.008063614 1.544803 0.3285136 0.00680685 1.546001 0.328902 0.005169034 1.546752 0.3291459 0.003261685 1.547008 0.3292294 0.001214921 1.546752 0.3291459 -8.31874e-4 1.546001 0.328902 -0.002739131 1.544803 0.3285136 -0.004377007 1.543246 0.3280075 -0.005633771 1.541431 0.3274181 -0.006423771 1.539485 0.3267856 -0.006693184 1.53754 0.326153 -0.006423771 1.535724 0.3255637 -0.005633771 1.534168 0.3250575 -0.004377007 1.532974 0.3246691 -0.002739131 1.532222 0.324425 -8.31874e-4 1.531917 0.3251608 0.003261685 1.532619 0.3255196 0.005169034 1.53374 0.3260901 0.00680685 1.535197 0.3268335 0.008063614 1.536899 0.3276994 0.008853673 1.538722 0.3286288 0.009123146 1.540546 0.3295579 0.008853673 1.542243 0.3304238 0.008063614 1.543704 0.3311675 0.00680685 1.544826 0.331738 0.005169034 1.545528 0.3320968 0.003261685 1.545768 0.3322189 0.001214921 1.545528 0.3320968 -8.31874e-4 1.544826 0.331738 -0.002739131 1.543704 0.3311675 -0.004377007 1.542243 0.3304238 -0.005633771 1.540546 0.3295579 -0.006423771 1.538722 0.3286288 -0.006693184 1.536899 0.3276994 -0.006423771 1.535197 0.3268335 -0.005633771 1.53374 0.3260901 -0.004377007 1.532619 0.3255196 -0.002739131 1.531917 0.3251608 -8.31874e-4 1.531501 0.3258398 0.003261685 1.532138 0.3263042 0.005169034 1.533157 0.3270428 0.00680685 1.53448 0.3280056 0.008063614 1.536025 0.3291266 0.008853673 1.537681 0.3303299 0.009123146 1.539336 0.331533 0.008853673 1.540878 0.332654 0.008063614 1.542205 0.3336167 0.00680685 1.54322 0.3343554 0.005169034 1.543861 0.3348198 0.003261685 1.544078 0.3349781 0.001214921 1.543861 0.3348198 -8.31874e-4 1.54322 0.3343554 -0.002739131 1.542205 0.3336167 -0.004377007 1.540878 0.332654 -0.005633771 1.539336 0.331533 -0.006423771 1.537681 0.3303299 -0.006693184 1.536025 0.3291266 -0.006423771 1.53448 0.3280056 -0.005633771 1.533157 0.3270428 -0.004377007 1.532138 0.3263042 -0.002739131 1.531501 0.3258398 -8.31874e-4 1.530982 0.3264456 0.003261685 1.531543 0.3270042 0.005169034 1.532432 0.3278928 0.00680685 1.533588 0.329051 0.008063614 1.534938 0.3303998 0.008853673 1.536384 0.331847 0.009123146 1.53783 0.3332942 0.008853673 1.53918 0.3346429 0.008063614 1.54034 0.3358011 0.00680685 1.541229 0.3366897 0.005169034 1.541785 0.3372483 0.003261685 1.541976 0.3374388 0.001214921 1.541785 0.3372483 -8.31874e-4 1.541229 0.3366897 -0.002739131 1.54034 0.3358011 -0.004377007 1.53918 0.3346429 -0.005633771 1.53783 0.3332942 -0.006423771 1.536384 0.331847 -0.006693184 1.534938 0.3303998 -0.006423771 1.533588 0.329051 -0.005633771 1.532432 0.3278928 -0.004377007 1.531543 0.3270042 -0.002739131 1.530982 0.3264456 -8.31874e-4 1.530376 0.3269627 0.003261685 1.530841 0.3276019 0.005169034 1.531581 0.3286185 0.00680685 1.532542 0.3299437 0.008063614 1.533664 0.3314867 0.008853673 1.534866 0.3331425 0.009123146 1.536071 0.3347986 0.008853673 1.537193 0.3363416 0.008063614 1.538154 0.3376665 0.00680685 1.538894 0.3386834 0.005169034 1.539355 0.3393226 0.003261685 1.539516 0.3395407 0.001214921 1.539355 0.3393226 -8.31874e-4 1.538894 0.3386834 -0.002739131 1.538154 0.3376665 -0.004377007 1.537193 0.3363416 -0.005633771 1.536071 0.3347986 -0.006423771 1.534866 0.3331425 -0.006693184 1.533664 0.3314867 -0.006423771 1.532542 0.3299437 -0.005633771 1.531581 0.3286185 -0.004377007 1.530841 0.3276019 -0.002739131 1.530376 0.3269627 -8.31874e-4 1.529697 0.3273788 0.003261685 1.530055 0.3280828 0.005169034 1.530627 0.3292027 0.00680685 1.531371 0.330662 0.008063614 1.532237 0.3323612 0.008853673 1.533164 0.3341851 0.009123146 1.534095 0.3360088 0.008853673 1.534961 0.3377082 0.008063614 1.535705 0.3391676 0.00680685 1.536277 0.3402872 0.005169034 1.536632 0.3409913 0.003261685 1.536754 0.3412314 0.001214921 1.536632 0.3409913 -8.31874e-4 1.536277 0.3402872 -0.002739131 1.535705 0.3391676 -0.004377007 1.534961 0.3377082 -0.005633771 1.534095 0.3360088 -0.006423771 1.533164 0.3341851 -0.006693184 1.532237 0.3323612 -0.006423771 1.531371 0.330662 -0.005633771 1.530627 0.3292027 -0.004377007 1.530055 0.3280828 -0.002739131 1.529697 0.3273788 -8.31874e-4 1.528964 0.3276837 0.003261685 1.529205 0.328435 0.005169034 1.529594 0.3296304 0.00680685 1.530101 0.331188 0.008063614 1.530689 0.3330019 0.008853673 1.531322 0.3349485 0.009123146 1.531955 0.3368952 0.008853673 1.532546 0.3387091 0.008063614 1.53305 0.3402667 0.00680685 1.533439 0.3414621 0.005169034 1.533683 0.3422134 0.003261685 1.533767 0.3424697 0.001214921 1.533683 0.3422134 -8.31874e-4 1.533439 0.3414621 -0.002739131 1.53305 0.3402667 -0.004377007 1.532546 0.3387091 -0.005633771 1.531955 0.3368952 -0.006423771 1.531322 0.3349485 -0.006693184 1.530689 0.3330019 -0.006423771 1.530101 0.331188 -0.005633771 1.529594 0.3296304 -0.004377007 1.529205 0.328435 -0.002739131 1.528964 0.3276837 -8.31874e-4 1.528678 0.3228567 0.008940219 1.530402 0.3228567 0.01101744 1.532497 0.3228567 0.01271951 1.534881 0.3228567 0.01398134 1.537467 0.3228567 0.01475459 1.540153 0.3228567 0.01500976 1.542838 0.3228567 0.01473695 1.545417 0.3228567 0.01394665 1.547794 0.3228567 0.0126689 1.54988 0.3228567 0.01095306 1.551589 0.3228567 0.00886476 1.552856 0.3228567 0.006483495 1.553638 0.3228567 0.003900468 1.553905 0.3228567 0.001214921 1.553638 0.3228567 -0.001470685 1.552856 0.3228567 -0.004053652 1.551589 0.3228567 -0.006434917 1.54988 0.3228567 -0.008523464 1.547794 0.3228567 -0.0102393 1.545417 0.3228567 -0.01151669 1.542838 0.3228567 -0.01230686 1.540153 0.3228567 -0.01257961 1.537467 0.3228567 -0.01232475 1.534881 0.3228567 -0.01155138 1.532497 0.3228567 -0.01028949 1.530402 0.3228567 -0.008587539 1.528678 0.3228567 -0.006510317 1.528667 0.3230395 -0.006510317 1.530372 0.3232846 -0.008587539 1.532443 0.3235827 -0.01028949 1.534805 0.3239222 -0.01155138 1.537364 0.3242903 -0.01232475 1.540023 0.3246725 -0.01257961 1.542682 0.3250547 -0.01230686 1.545234 0.3254218 -0.01151669 1.547588 0.3257601 -0.0102393 1.549648 0.3260565 -0.008523464 1.551341 0.3262999 -0.006434917 1.5526 0.3264804 -0.004053652 1.553371 0.3265917 -0.001470685 1.553634 0.3266292 0.001214921 1.553371 0.3265917 0.003900468 1.5526 0.3264804 0.006483495 1.551341 0.3262999 0.00886476 1.549648 0.3260565 0.01095306 1.547588 0.3257601 0.0126689 1.545234 0.3254218 0.01394665 1.542682 0.3250547 0.01473695 1.540023 0.3246725 0.01500976 1.537364 0.3242903 0.01475459 1.534805 0.3239222 0.01398134 1.532443 0.3235827 0.01271951 1.530372 0.3232846 0.01101744 1.528667 0.3230395 0.008940219 1.527576 0.3241289 0.008940219 1.52782 0.325834 0.01101744 1.528121 0.3279069 0.01271951 1.528461 0.3302682 0.01398134 1.528827 0.3328271 0.01475459 1.529208 0.3354864 0.01500976 1.529594 0.3381438 0.01473695 1.52996 0.340698 0.01394665 1.530296 0.3430507 0.0126689 1.530593 0.3451126 0.01095306 1.530837 0.3468042 0.00886476 1.531017 0.3480609 0.006483495 1.531127 0.3488345 0.003900468 1.531165 0.3490958 0.001214921 1.531127 0.3488345 -0.001470685 1.531017 0.3480609 -0.004053652 1.530837 0.3468042 -0.006434917 1.530593 0.3451126 -0.008523464 1.530296 0.3430507 -0.0102393 1.52996 0.340698 -0.01151669 1.529594 0.3381438 -0.01230686 1.529208 0.3354864 -0.01257961 1.528827 0.3328271 -0.01232475 1.528461 0.3302682 -0.01155138 1.528121 0.3279069 -0.01028949 1.52782 0.325834 -0.008587539 1.527576 0.3241289 -0.006510317 1.528629 0.3232188 -0.006510317 1.53028 0.3237043 -0.008587539 1.532291 0.3242941 -0.01028949 1.534579 0.3249662 -0.01155138 1.537059 0.3256946 -0.01232475 1.539638 0.3264515 -0.01257961 1.542213 0.3272078 -0.01230686 1.544688 0.3279348 -0.01151669 1.54697 0.3286045 -0.0102393 1.548969 0.3291912 -0.008523464 1.550609 0.3296728 -0.006434917 1.551826 0.3300305 -0.004053652 1.552577 0.3302507 -0.001470685 1.552829 0.3303251 0.001214921 1.552577 0.3302507 0.003900468 1.551826 0.3300305 0.006483495 1.550609 0.3296728 0.00886476 1.548969 0.3291912 0.01095306 1.54697 0.3286045 0.0126689 1.544688 0.3279348 0.01394665 1.542213 0.3272078 0.01473695 1.539638 0.3264515 0.01500976 1.537059 0.3256946 0.01475459 1.534579 0.3249662 0.01398134 1.532291 0.3242941 0.01271951 1.53028 0.3237043 0.01101744 1.528629 0.3232188 0.008940219 1.528564 0.3233905 -0.006510317 1.530132 0.3241062 -0.008587539 1.532035 0.3249762 -0.01028949 1.534206 0.3259671 -0.01155138 1.536556 0.3270412 -0.01232475 1.539001 0.3281572 -0.01257961 1.541442 0.3292725 -0.01230686 1.543788 0.3303444 -0.01151669 1.545951 0.331332 -0.0102393 1.547847 0.3321972 -0.008523464 1.5494 0.3329072 -0.006434917 1.550555 0.3334346 -0.004053652 1.551265 0.3337593 -0.001470685 1.551505 0.333869 0.001214921 1.551265 0.3337593 0.003900468 1.550555 0.3334346 0.006483495 1.5494 0.3329072 0.00886476 1.547847 0.3321972 0.01095306 1.545951 0.331332 0.0126689 1.543788 0.3303444 0.01394665 1.541442 0.3292725 0.01473695 1.539001 0.3281572 0.01500976 1.536556 0.3270412 0.01475459 1.534206 0.3259671 0.01398134 1.532035 0.3249762 0.01271951 1.530132 0.3241062 0.01101744 1.528564 0.3233905 0.008940219 1.528476 0.3235514 -0.006510317 1.529926 0.3244829 -0.008587539 1.531688 0.3256152 -0.01028949 1.533694 0.3269048 -0.01155138 1.535869 0.3283026 -0.01232475 1.538127 0.3297551 -0.01257961 1.540385 0.3312066 -0.01230686 1.542556 0.3326016 -0.01151669 1.544559 0.3338866 -0.0102393 1.54631 0.3350129 -0.008523464 1.547748 0.3359368 -0.006434917 1.548816 0.3366232 -0.004053652 1.549472 0.3370459 -0.001470685 1.549693 0.3371885 0.001214921 1.549472 0.3370459 0.003900468 1.548816 0.3366232 0.006483495 1.547748 0.3359368 0.00886476 1.54631 0.3350129 0.01095306 1.544559 0.3338866 0.0126689 1.542556 0.3326016 0.01394665 1.540385 0.3312066 0.01473695 1.538127 0.3297551 0.01500976 1.535869 0.3283026 0.01475459 1.533694 0.3269048 0.01398134 1.531688 0.3256152 0.01271951 1.529926 0.3244829 0.01101744 1.528476 0.3235514 0.008940219 1.528365 0.3236983 -0.006510317 1.529666 0.3248265 -0.008587539 1.531249 0.3261979 -0.01028949 1.533054 0.32776 -0.01155138 1.535007 0.329453 -0.01232475 1.537036 0.3312123 -0.01257961 1.539066 0.3329706 -0.01230686 1.541015 0.3346603 -0.01151669 1.542812 0.3362172 -0.0102393 1.544387 0.3375809 -0.008523464 1.545676 0.3387001 -0.006434917 1.546638 0.3395317 -0.004053652 1.547229 0.3400436 -0.001470685 1.547427 0.3402164 0.001214921 1.547229 0.3400436 0.003900468 1.546638 0.3395317 0.006483495 1.545676 0.3387001 0.00886476 1.544387 0.3375809 0.01095306 1.542812 0.3362172 0.0126689 1.541015 0.3346603 0.01394665 1.539066 0.3329706 0.01473695 1.537036 0.3312123 0.01500976 1.535007 0.329453 0.01475459 1.533054 0.32776 0.01398134 1.531249 0.3261979 0.01271951 1.529666 0.3248265 0.01101744 1.528365 0.3236983 0.008940219 1.528236 0.323828 -0.006510317 1.529365 0.32513 -0.008587539 1.530734 0.3267126 -0.01028949 1.532298 0.3285153 -0.01155138 1.533988 0.3304694 -0.01232475 1.535751 0.3324998 -0.01257961 1.537505 0.3345287 -0.01230686 1.539195 0.3364787 -0.01151669 1.540755 0.3382754 -0.0102393 1.542117 0.3398495 -0.008523464 1.543239 0.341141 -0.006434917 1.544067 0.3421006 -0.004053652 1.544582 0.3426914 -0.001470685 1.544753 0.342891 0.001214921 1.544582 0.3426914 0.003900468 1.544067 0.3421006 0.006483495 1.543239 0.341141 0.00886476 1.542117 0.3398495 0.01095306 1.540755 0.3382754 0.0126689 1.539195 0.3364787 0.01394665 1.537505 0.3345287 0.01473695 1.535751 0.3324998 0.01500976 1.533988 0.3304694 0.01475459 1.532298 0.3285153 0.01398134 1.530734 0.3267126 0.01271951 1.529365 0.32513 0.01101744 1.528236 0.323828 0.008940219 1.528087 0.3239379 -0.006510317 1.529021 0.3253872 -0.008587539 1.530151 0.3271489 -0.01028949 1.531444 0.3291557 -0.01155138 1.53284 0.3313305 -0.01232475 1.53429 0.3335908 -0.01257961 1.535743 0.3358493 -0.01230686 1.537139 0.3380201 -0.01151669 1.538425 0.3400197 -0.0102393 1.53955 0.3417721 -0.008523464 1.540473 0.3432098 -0.006434917 1.54116 0.3442779 -0.004053652 1.541583 0.3449354 -0.001470685 1.541724 0.3451576 0.001214921 1.541583 0.3449354 0.003900468 1.54116 0.3442779 0.006483495 1.540473 0.3432098 0.00886476 1.53955 0.3417721 0.01095306 1.538425 0.3400197 0.0126689 1.537139 0.3380201 0.01394665 1.535743 0.3358493 0.01473695 1.53429 0.3335908 0.01500976 1.53284 0.3313305 0.01475459 1.531444 0.3291557 0.01398134 1.530151 0.3271489 0.01271951 1.529021 0.3253872 0.01101744 1.528087 0.3239379 0.008940219 1.527927 0.3240259 -0.006510317 1.528644 0.3255928 -0.008587539 1.529514 0.3274977 -0.01028949 1.530505 0.3296676 -0.01155138 1.531577 0.3320193 -0.01232475 1.532695 0.3344631 -0.01257961 1.533809 0.3369053 -0.01230686 1.534881 0.3392525 -0.01151669 1.535869 0.3414147 -0.0102393 1.536735 0.3433094 -0.008523464 1.537444 0.3448639 -0.006434917 1.537971 0.346019 -0.004053652 1.538295 0.34673 -0.001470685 1.538406 0.3469701 0.001214921 1.538295 0.34673 0.003900468 1.537971 0.346019 0.006483495 1.537444 0.3448639 0.00886476 1.536735 0.3433094 0.01095306 1.535869 0.3414147 0.0126689 1.534881 0.3392525 0.01394665 1.533809 0.3369053 0.01473695 1.532695 0.3344631 0.01500976 1.531577 0.3320193 0.01475459 1.530505 0.3296676 0.01398134 1.529514 0.3274977 0.01271951 1.528644 0.3255928 0.01101744 1.527927 0.3240259 0.008940219 1.527755 0.32409 -0.006510317 1.528239 0.3257427 -0.008587539 1.528831 0.3277521 -0.01028949 1.529502 0.3300409 -0.01155138 1.530231 0.3325217 -0.01232475 1.53099 0.3350995 -0.01257961 1.531745 0.3376756 -0.01230686 1.53247 0.3401513 -0.01151669 1.533141 0.342432 -0.0102393 1.533729 0.3444307 -0.008523464 1.534209 0.3460703 -0.006434917 1.534568 0.3472886 -0.004053652 1.534789 0.3480387 -0.001470685 1.534862 0.3482919 0.001214921 1.534789 0.3480387 0.003900468 1.534568 0.3472886 0.006483495 1.534209 0.3460703 0.00886476 1.533729 0.3444307 0.01095306 1.533141 0.342432 0.0126689 1.53247 0.3401513 0.01394665 1.531745 0.3376756 0.01473695 1.53099 0.3350995 0.01500976 1.530231 0.3325217 0.01475459 1.529502 0.3300409 0.01398134 1.528831 0.3277521 0.01271951 1.528239 0.3257427 0.01101744 1.527755 0.32409 0.008940219 1.529479 0.3228567 0.001214921 1.529746 0.3228567 -0.00115025 1.530532 0.3228567 -0.003396809 1.531799 0.3228567 -0.005412161 1.533481 0.3228567 -0.007095158 1.535495 0.3228567 -0.008361518 1.537742 0.3228567 -0.009147644 1.540107 0.3228567 -0.009414136 1.542472 0.3228567 -0.009147644 1.544719 0.3228567 -0.008361518 1.546737 0.3228567 -0.007095158 1.548419 0.3228567 -0.005412161 1.549686 0.3228567 -0.003396809 1.550472 0.3228567 -0.00115025 1.550739 0.3228567 0.001214921 1.550472 0.3228567 0.003580093 1.549686 0.3228567 0.005826652 1.548419 0.3228567 0.007842004 1.546737 0.3228567 0.00952506 1.544719 0.3228567 0.01079136 1.542472 0.3228567 0.01157724 1.540107 0.3228567 0.01184386 1.537742 0.3228567 0.01157724 1.535495 0.3228567 0.01079136 1.533481 0.3228567 0.00952506 1.531799 0.3228567 0.007842004 1.530532 0.3228567 0.005826652 1.529746 0.3228567 0.003580093 1.540107 0.3037853 0.01500982 1.537418 0.3037853 0.01474452 1.534831 0.3037853 0.01395952 1.532443 0.3037853 0.01268494 1.530353 0.3037853 0.0109694 1.52864 0.3037853 0.008878946 1.527362 0.3037853 0.006493926 1.526576 0.3037853 0.003906071 1.526313 0.3037853 0.001214921 1.526576 0.3037853 -0.001476228 1.527362 0.3037853 -0.004064083 1.52864 0.3037853 -0.006449103 1.530353 0.3037853 -0.008539497 1.532443 0.3037853 -0.01025485 1.534831 0.3037853 -0.01152986 1.537418 0.3037853 -0.01231467 1.540107 0.3037853 -0.01257973 1.5428 0.3037853 -0.01231467 1.545387 0.3037853 -0.01152986 1.547771 0.3037853 -0.01025485 1.549861 0.3037853 -0.008539497 1.551578 0.3037853 -0.006449103 1.552852 0.3037853 -0.004064083 1.553638 0.3037853 -0.001476228 1.553905 0.3037853 0.001214921 1.553638 0.3037853 0.003906071 1.552852 0.3037853 0.006493926 1.551578 0.3037853 0.008878946 1.549861 0.3037853 0.0109694 1.547771 0.3037853 0.01268494 1.545387 0.3037853 0.01395952 1.5428 0.3037853 0.01474452 1.540107 0.3037853 0.01199632 1.542506 0.3037853 0.0117262 1.544788 0.3037853 0.01092875 1.546832 0.3037853 0.009644329 1.548537 0.3037853 0.007937133 1.549823 0.3037853 0.005892813 1.55062 0.3037853 0.003614068 1.550891 0.3037853 0.001214921 1.55062 0.3037853 -0.001184165 1.549823 0.3037853 -0.00346297 1.548537 0.3037853 -0.00550729 1.546832 0.3037853 -0.007214367 1.544788 0.3037853 -0.008498966 1.542506 0.3037853 -0.009296357 1.540107 0.3037853 -0.009566664 1.537708 0.3037853 -0.009296357 1.53543 0.3037853 -0.008498966 1.533385 0.3037853 -0.007214367 1.53168 0.3037853 -0.00550729 1.530395 0.3037853 -0.00346297 1.529597 0.3037853 -0.001184165 1.529327 0.3037853 0.001214921 1.529597 0.3037853 0.003614068 1.530395 0.3037853 0.005892813 1.53168 0.3037853 0.007937133 1.533385 0.3037853 0.009644329 1.53543 0.3037853 0.01092875 1.537708 0.3037853 0.0117262 -0.4659126 0.3289166 0.02217978 -0.4659126 0.3237171 0.01974314 -0.4659126 0.3193255 0.01604384 -0.4659126 0.316041 0.011334 -0.4659126 0.3140876 0.005934536 -0.4659126 0.3135982 2.13462e-4 -0.4659126 0.314606 -0.005439341 -0.4659126 0.3170426 -0.01063871 -0.4659126 0.3207419 -0.01503026 -0.4659126 0.3254516 -0.01831454 -0.4659126 0.3308513 -0.02026832 -0.4659126 0.3365722 -0.02075779 -0.4659126 0.3422251 -0.01974982 -0.4659126 0.3474245 -0.0173133 -0.4659126 0.3518162 -0.01361382 -0.4659126 0.3551004 -0.008904099 -0.4659126 0.357054 -0.003504574 -0.4659126 0.3575435 0.002216339 -0.4659126 0.3565357 0.007869243 -0.4659126 0.354099 0.01306837 -0.4659126 0.3503997 0.01745992 -0.4659126 0.3456898 0.02074462 -0.4659126 0.3402906 0.02269816 -0.4659126 0.3345692 0.02318745 -0.4659126 0.33234 0.01139438 -0.4659126 0.3350844 0.01188349 -0.4659126 0.3378625 0.01164609 -0.4659126 0.3404842 0.01069754 -0.4659126 0.3427711 0.009102761 -0.4659126 0.3445671 0.006970465 -0.4659126 0.3457503 0.00444591 -0.4659126 0.3462396 0.001701176 -0.4659126 0.3460019 -0.001076579 -0.4659126 0.3450534 -0.003698289 -0.4659126 0.3434587 -0.0059852 -0.4659126 0.3413262 -0.007781386 -0.4659126 0.3388016 -0.008964538 -0.4659126 0.3360572 -0.009453892 -0.4659126 0.3332791 -0.009216189 -0.4659126 0.3306575 -0.0082677 -0.4659126 0.3283706 -0.006672859 -0.4659126 0.3265746 -0.004540503 -0.4659126 0.3253913 -0.002015948 -0.4659126 0.3249021 7.28667e-4 -0.4659126 0.3251395 0.003506541 -0.4659126 0.3260882 0.006128132 -0.4659126 0.327683 0.008415102 -0.4659126 0.3298154 0.01021111 -1.381337 0.3289166 0.02217978 -1.381337 0.3345692 0.02318745 -1.381337 0.3402906 0.02269816 -1.381337 0.3456898 0.02074462 -1.381337 0.3503997 0.01745992 -1.381337 0.354099 0.01306837 -1.381337 0.3565357 0.007869243 -1.381337 0.3575435 0.002216339 -1.381337 0.357054 -0.003504574 -1.381337 0.3551004 -0.008904099 -1.381337 0.3518162 -0.01361382 -1.381337 0.3474245 -0.0173133 -1.381337 0.3422251 -0.01974982 -1.381337 0.3365722 -0.02075779 -1.381337 0.3308513 -0.02026832 -1.381337 0.3254516 -0.01831454 -1.381337 0.3207419 -0.01503026 -1.381337 0.3170426 -0.01063871 -1.381337 0.314606 -0.005439341 -1.381337 0.3135982 2.13462e-4 -1.381337 0.3140876 0.005934536 -1.381337 0.316041 0.011334 -1.381337 0.3193255 0.01604384 -1.381337 0.3237171 0.01974314 -1.381337 0.33234 0.01139438 -1.381337 0.3298154 0.01021111 -1.381337 0.327683 0.008415102 -1.381337 0.3260882 0.006128132 -1.381337 0.3251395 0.003506541 -1.381337 0.3249021 7.28667e-4 -1.381337 0.3253913 -0.002015948 -1.381337 0.3265746 -0.004540503 -1.381337 0.3283706 -0.006672859 -1.381337 0.3306575 -0.0082677 -1.381337 0.3332791 -0.009216189 -1.381337 0.3360572 -0.009453892 -1.381337 0.3388016 -0.008964538 -1.381337 0.3413262 -0.007781386 -1.381337 0.3434587 -0.0059852 -1.381337 0.3450534 -0.003698289 -1.381337 0.3460019 -0.001076579 -1.381337 0.3462396 0.001701176 -1.381337 0.3457503 0.00444591 -1.381337 0.3445671 0.006970465 -1.381337 0.3427711 0.009102761 -1.381337 0.3404842 0.01069754 -1.381337 0.3378625 0.01164609 -1.381337 0.3350844 0.01188349 -1.524014 0.3456571 0.004726052 -1.524014 0.3462222 0.001995921 -1.524014 0.3460615 -7.87426e-4 -1.524014 0.3451855 -0.0034343 -1.524014 0.3436546 -0.005764365 -1.524014 0.3415728 -0.007618725 -1.524014 0.339082 -0.008871257 -1.524014 0.3363519 -0.009436368 -1.524014 0.3335686 -0.009275555 -1.524014 0.3309217 -0.008399903 -1.524014 0.3285916 -0.006868958 -1.524014 0.3267369 -0.004787087 -1.524014 0.3254845 -0.002296209 -1.524014 0.3249195 4.339e-4 -1.524014 0.3250804 0.00321722 -1.524014 0.3259559 0.005864143 -1.524014 0.327487 0.008194267 -1.524014 0.3295689 0.01004844 -1.524014 0.3320596 0.0113011 -1.524014 0.3347898 0.01186621 -1.524014 0.3375731 0.01170521 -1.524014 0.3402202 0.0108295 -1.524014 0.3425503 0.009298801 -1.524014 0.3444047 0.00721693 -1.524014 0.3430395 0.003814876 -1.524014 0.3421121 0.005659282 -1.524014 0.3407388 0.007200837 -1.524014 0.3390136 0.008334457 -1.524014 0.3370535 0.008982896 -1.524014 0.3349924 0.009101927 -1.524014 0.3329709 0.008683562 -1.524014 0.3311265 0.007756114 -1.524014 0.3295848 0.006382942 -1.524014 0.3284512 0.004657566 -1.524014 0.3278029 0.002697587 -1.524014 0.3276837 6.36591e-4 -1.524014 0.3281024 -0.001384854 -1.524014 0.3290296 -0.003229439 -1.524014 0.3304029 -0.004770815 -1.524014 0.3321281 -0.005904555 -1.524014 0.3340881 -0.006552994 -1.524014 0.3361492 -0.006672084 -1.524014 0.3381708 -0.0062536 -1.524014 0.3400152 -0.005326271 -1.524014 0.3415568 -0.003953099 -1.524014 0.3426905 -0.002227604 -1.524014 0.3433387 -2.67771e-4 -1.524014 0.3434579 0.001793265 1.527393 0.3456571 0.004726052 1.527393 0.3444047 0.00721693 1.527393 0.3425503 0.009298801 1.527393 0.3402202 0.0108295 1.527393 0.3375731 0.01170521 1.527393 0.3347898 0.01186621 1.527393 0.3320596 0.0113011 1.527393 0.3295689 0.01004844 1.527393 0.327487 0.008194267 1.527393 0.3259559 0.005864143 1.527393 0.3250804 0.00321722 1.527393 0.3249195 4.339e-4 1.527393 0.3254845 -0.002296209 1.527393 0.3267369 -0.004787087 1.527393 0.3285916 -0.006868958 1.527393 0.3309217 -0.008399903 1.527393 0.3335686 -0.009275555 1.527393 0.3363519 -0.009436368 1.527393 0.339082 -0.008871257 1.527393 0.3415728 -0.007618725 1.527393 0.3436546 -0.005764365 1.527393 0.3451855 -0.0034343 1.527393 0.3460615 -7.87426e-4 1.527393 0.3462222 0.001995921 1.527393 0.3430395 0.003814876 1.527393 0.3434579 0.001793265 1.527393 0.3433387 -2.67771e-4 1.527393 0.3426905 -0.002227604 1.527393 0.3415568 -0.003953099 1.527393 0.3400152 -0.005326271 1.527393 0.3381708 -0.0062536 1.527393 0.3361492 -0.006672084 1.527393 0.3340881 -0.006552994 1.527393 0.3321281 -0.005904555 1.527393 0.3304029 -0.004770815 1.527393 0.3290296 -0.003229439 1.527393 0.3281024 -0.001384854 1.527393 0.3276837 6.36591e-4 1.527393 0.3278029 0.002697587 1.527393 0.3284512 0.004657566 1.527393 0.3295848 0.006382942 1.527393 0.3311265 0.007756114 1.527393 0.3329709 0.008683562 1.527393 0.3349924 0.009101927 1.527393 0.3370535 0.008982896 1.527393 0.3390136 0.008334457 1.527393 0.3407388 0.007200837 1.527393 0.3421121 0.005659282 1.536811 -1.202848 -0.008942961 1.53955 -1.202848 -0.009450435 1.542331 -1.202848 -0.00923109 1.544959 -1.202848 -0.008299887 1.547256 -1.202848 -0.006720185 1.549068 -1.202848 -0.00459975 1.550266 -1.202848 -0.002083063 1.550773 -1.202848 6.58332e-4 1.550555 -1.202848 0.003437638 1.549625 -1.202848 0.006065547 1.548042 -1.202848 0.008362889 1.545921 -1.202848 0.01017314 1.543407 -1.202848 0.01137286 1.540664 -1.202848 0.01188009 1.537887 -1.202848 0.01166099 1.535259 -1.202848 0.01072973 1.532958 -1.202848 0.009150087 1.53115 -1.202848 0.007029533 1.529952 -1.202848 0.004512906 1.529441 -1.202848 0.00177145 1.529662 -1.202848 -0.001007795 1.530593 -1.202848 -0.003635585 1.532172 -1.202848 -0.005933046 1.534293 -1.202848 -0.007743239 1.537666 -1.202848 -0.006306767 1.5358 -1.202848 -0.00541836 1.534232 -1.202848 -0.004077911 1.533061 -1.202848 -0.002376854 1.532371 -1.202848 -4.3097e-4 1.532211 -1.202848 0.001626968 1.532584 -1.202848 0.003656983 1.533473 -1.202848 0.005520582 1.534816 -1.202848 0.007090747 1.536517 -1.202848 0.008260428 1.538463 -1.202848 0.008949995 1.540519 -1.202848 0.009112358 1.542548 -1.202848 0.00873661 1.544414 -1.202848 0.007848262 1.545985 -1.202848 0.006507754 1.547153 -1.202848 0.004806697 1.547843 -1.202848 0.002860665 1.548007 -1.202848 8.02765e-4 1.54763 -1.202848 -0.0012272 1.546741 -1.202848 -0.003090739 1.545402 -1.202848 -0.004660785 1.5437 -1.202848 -0.005830526 1.541755 -1.202848 -0.006520092 1.539695 -1.202848 -0.006682515 1.536811 0.3228567 -0.008942961 1.534293 0.3228567 -0.007743239 1.532172 0.3228567 -0.005933046 1.530593 0.3228567 -0.003635585 1.529662 0.3228567 -0.001007795 1.529441 0.3228567 0.00177145 1.529952 0.3228567 0.004512906 1.53115 0.3228567 0.007029533 1.532958 0.3228567 0.009150087 1.535259 0.3228567 0.01072973 1.537887 0.3228567 0.01166099 1.540664 0.3228567 0.01188009 1.543407 0.3228567 0.01137286 1.545921 0.3228567 0.01017314 1.548042 0.3228567 0.008362889 1.549625 0.3228567 0.006065547 1.550555 0.3228567 0.003437638 1.550773 0.3228567 6.58332e-4 1.550266 0.3228567 -0.002083063 1.549068 0.3228567 -0.00459975 1.547256 0.3228567 -0.006720185 1.544959 0.3228567 -0.008299887 1.542331 0.3228567 -0.00923109 1.53955 0.3228567 -0.009450435 1.537666 0.3228567 -0.006306767 1.539695 0.3228567 -0.006682515 1.541755 0.3228567 -0.006520092 1.5437 0.3228567 -0.005830526 1.545402 0.3228567 -0.004660785 1.546741 0.3228567 -0.003090739 1.54763 0.3228567 -0.0012272 1.548007 0.3228567 8.02765e-4 1.547843 0.3228567 0.002860665 1.547153 0.3228567 0.004806697 1.545985 0.3228567 0.006507754 1.544414 0.3228567 0.007848262 1.542548 0.3228567 0.00873661 1.540519 0.3228567 0.009112358 1.538463 0.3228567 0.008949995 1.536517 0.3228567 0.008260428 1.534816 0.3228567 0.007090747 1.533473 0.3228567 0.005520582 1.532584 0.3228567 0.003656983 1.532211 0.3228567 0.001626968 1.532371 0.3228567 -4.3097e-4 1.533061 0.3228567 -0.002376854 1.534232 0.3228567 -0.004077911 1.5358 0.3228567 -0.00541836 -1.527558 0.3228567 0.006688237 -1.526456 0.3228567 0.004128158 -1.526051 0.3228567 0.001369476 -1.526376 0.3228567 -0.001399517 -1.527402 0.3228567 -0.003990471 -1.529069 0.3228567 -0.006226718 -1.531255 0.3228567 -0.007955789 -1.533818 0.3228567 -0.009059965 -1.536572 0.3228567 -0.009463846 -1.539342 0.3228567 -0.009140014 -1.541936 0.3228567 -0.008110523 -1.544171 0.3228567 -0.006445467 -1.545899 0.3228567 -0.004258394 -1.547005 0.3228567 -0.001698315 -1.547406 0.3228567 0.001060247 -1.547086 0.3228567 0.00382936 -1.546056 0.3228567 0.006420314 -1.544389 0.3228567 0.00865662 -1.542203 0.3228567 0.01038569 -1.539643 0.3228567 0.01148957 -1.536881 0.3228567 0.01189363 -1.534112 0.3228567 0.01156967 -1.531522 0.3228567 0.01054012 -1.529286 0.3228567 0.00887537 -1.529938 0.3228567 0.005267739 -1.53122 0.3228567 0.006887257 -1.532872 0.3228567 0.008120179 -1.534795 0.3228567 0.008882522 -1.536843 0.3228567 0.009122312 -1.538884 0.3228567 0.008823215 -1.54078 0.3228567 0.008005678 -1.542401 0.3228567 0.006725311 -1.543633 0.3228567 0.005069375 -1.544396 0.3228567 0.00315088 -1.544636 0.3228567 0.001100361 -1.544335 0.3228567 -9.42284e-4 -1.543519 0.3228567 -0.002837896 -1.542241 0.3228567 -0.004457414 -1.540581 0.3228567 -0.005690336 -1.538666 0.3228567 -0.00645262 -1.536614 0.3228567 -0.00669229 -1.534573 0.3228567 -0.006393373 -1.532677 0.3228567 -0.005575776 -1.531056 0.3228567 -0.004295349 -1.529824 0.3228567 -0.002639532 -1.529061 0.3228567 -7.21033e-4 -1.528821 0.3228567 0.001329362 -1.529118 0.3228567 0.003372073 -1.527558 -1.202848 0.006688237 -1.529286 -1.202848 0.00887537 -1.531522 -1.202848 0.01054012 -1.534112 -1.202848 0.01156967 -1.536881 -1.202848 0.01189363 -1.539643 -1.202848 0.01148957 -1.542203 -1.202848 0.01038569 -1.544389 -1.202848 0.00865662 -1.546056 -1.202848 0.006420314 -1.547086 -1.202848 0.00382936 -1.547406 -1.202848 0.001060247 -1.547005 -1.202848 -0.001698315 -1.545899 -1.202848 -0.004258394 -1.544171 -1.202848 -0.006445467 -1.541936 -1.202848 -0.008110523 -1.539342 -1.202848 -0.009140014 -1.536572 -1.202848 -0.009463846 -1.533818 -1.202848 -0.009059965 -1.531255 -1.202848 -0.007955789 -1.529069 -1.202848 -0.006226718 -1.527402 -1.202848 -0.003990471 -1.526376 -1.202848 -0.001399517 -1.526051 -1.202848 0.001369476 -1.526456 -1.202848 0.004128158 -1.529938 -1.202848 0.005267739 -1.529118 -1.202848 0.003372073 -1.528821 -1.202848 0.001329362 -1.529061 -1.202848 -7.21033e-4 -1.529824 -1.202848 -0.002639532 -1.531056 -1.202848 -0.004295349 -1.532677 -1.202848 -0.005575776 -1.534573 -1.202848 -0.006393373 -1.536614 -1.202848 -0.00669229 -1.538666 -1.202848 -0.00645262 -1.540581 -1.202848 -0.005690336 -1.542241 -1.202848 -0.004457414 -1.543519 -1.202848 -0.002837896 -1.544335 -1.202848 -9.42284e-4 -1.544636 -1.202848 0.001100361 -1.544396 -1.202848 0.00315088 -1.543633 -1.202848 0.005069375 -1.542401 -1.202848 0.006725311 -1.54078 -1.202848 0.008005678 -1.538884 -1.202848 0.008823215 -1.536843 -1.202848 0.009122312 -1.534795 -1.202848 0.008882522 -1.532872 -1.202848 0.008120179 -1.53122 -1.202848 0.006887257 -1.504945 0.3355708 0.01500982 -1.504945 0.3328796 0.01474452 -1.504945 0.3302918 0.01395952 -1.504945 0.3279069 0.01268494 -1.504945 0.3258164 0.0109694 -1.504945 0.3241007 0.008878946 -1.504945 0.3228259 0.006493926 -1.504945 0.322041 0.003906071 -1.504945 0.3217759 0.001214921 -1.504945 0.322041 -0.001476228 -1.504945 0.3228259 -0.004064083 -1.504945 0.3241007 -0.006449103 -1.504945 0.3258164 -0.008539497 -1.504945 0.3279069 -0.01025485 -1.504945 0.3302918 -0.01152986 -1.504945 0.3328796 -0.01231467 -1.504945 0.3355708 -0.01257973 -1.504945 0.3382621 -0.01231467 -1.504945 0.3408499 -0.01152986 -1.504945 0.343235 -0.01025485 -1.504945 0.3453252 -0.008539497 -1.504945 0.3470409 -0.006449103 -1.504945 0.3483157 -0.004064083 -1.504945 0.3491006 -0.001476228 -1.504945 0.3493657 0.001214921 -1.504945 0.3491006 0.003906071 -1.504945 0.3483157 0.006493926 -1.504945 0.3470409 0.008878946 -1.504945 0.3453252 0.0109694 -1.504945 0.343235 0.01268494 -1.504945 0.3408499 0.01395952 -1.504945 0.3382621 0.01474452 -1.504945 0.3355708 0.01199632 -1.504945 0.33797 0.0117262 -1.504945 0.3402488 0.01092875 -1.504945 0.342293 0.009644329 -1.504945 0.3440003 0.007937133 -1.504945 0.3452847 0.005892813 -1.504945 0.3460822 0.003614068 -1.504945 0.3463526 0.001214921 -1.504945 0.3460822 -0.001184165 -1.504945 0.3452847 -0.00346297 -1.504945 0.3440003 -0.00550729 -1.504945 0.342293 -0.007214367 -1.504945 0.3402488 -0.008498966 -1.504945 0.33797 -0.009296357 -1.504945 0.3355708 -0.009566664 -1.504945 0.3331716 -0.009296357 -1.504945 0.3308928 -0.008498966 -1.504945 0.3288486 -0.007214367 -1.504945 0.3271413 -0.00550729 -1.504945 0.3258569 -0.00346297 -1.504945 0.3250594 -0.001184165 -1.504945 0.3247893 0.001214921 -1.504945 0.3250594 0.003614068 -1.504945 0.3258569 0.005892813 -1.504945 0.3271413 0.007937133 -1.504945 0.3288486 0.009644329 -1.504945 0.3308928 0.01092875 -1.504945 0.3331716 0.0117262 -1.524014 0.3355708 0.01184386 -1.524014 0.3379359 0.01157724 -1.524014 0.3401826 0.01079136 -1.524014 0.3421979 0.00952506 -1.524014 0.3438809 0.007842004 -1.524014 0.3451474 0.005826652 -1.524014 0.3459334 0.003580093 -1.524014 0.3462 0.001214921 -1.524014 0.3459334 -0.00115025 -1.524014 0.3451474 -0.003396809 -1.524014 0.3438809 -0.005412161 -1.524014 0.3421979 -0.007095158 -1.524014 0.3401826 -0.008361518 -1.524014 0.3379359 -0.009147644 -1.524014 0.3355708 -0.009414136 -1.524014 0.3332057 -0.009147644 -1.524014 0.3309591 -0.008361518 -1.524014 0.3289437 -0.007095158 -1.524014 0.3272607 -0.005412161 -1.524014 0.3259943 -0.003396809 -1.524014 0.3252082 -0.00115025 -1.524014 0.3249416 0.001214921 -1.524014 0.3252082 0.003580093 -1.524014 0.3259943 0.005826652 -1.524014 0.3272607 0.007842004 -1.524014 0.3289437 0.00952506 -1.524014 0.3309591 0.01079136 -1.524014 0.3332057 0.01157724 -1.524014 0.3228567 0.006567299 -1.523545 0.3223875 0.005276322 -1.523205 0.3220489 0.003945112 -1.523003 0.3218443 0.002586722 -1.522935 0.3217759 0.001214921 -1.523003 0.3218443 -1.56979e-4 -1.523205 0.3220489 -0.001515269 -1.523545 0.3223875 -0.002846539 -1.524014 0.3228567 -0.004137456 -1.524014 0.324142 -0.006510317 -1.524014 0.3258648 -0.008587539 -1.524014 0.3279588 -0.01028949 -1.524014 0.3303442 -0.01155138 -1.524014 0.3329296 -0.01232475 -1.524014 0.3356164 -0.01257961 -1.524014 0.3383012 -0.01230686 -1.524014 0.3408814 -0.01151669 -1.524014 0.3432584 -0.0102393 -1.524014 0.3453412 -0.008523464 -1.524014 0.3470504 -0.006434917 -1.524014 0.34832 -0.004053652 -1.524014 0.3491018 -0.001470685 -1.524014 0.3493657 0.001214921 -1.524014 0.3491018 0.003900468 -1.524014 0.34832 0.006483495 -1.524014 0.3470504 0.00886476 -1.524014 0.3453412 0.01095306 -1.524014 0.3432584 0.0126689 -1.524014 0.3408814 0.01394665 -1.524014 0.3383012 0.01473695 -1.524014 0.3356164 0.01500976 -1.524014 0.3329296 0.01475459 -1.524014 0.3303442 0.01398134 -1.524014 0.3279588 0.01271951 -1.524014 0.3258648 0.01101744 -1.524014 0.324142 0.008940219 -1.536729 0.3228567 -0.006693184 -1.534684 0.3228567 -0.006423771 -1.532773 0.3228567 -0.005633771 -1.531136 0.3228567 -0.004377007 -1.529881 0.3228567 -0.002739131 -1.529092 0.3228567 -8.31874e-4 -1.528821 0.3228567 0.001214921 -1.529092 0.3228567 0.003261685 -1.529881 0.3228567 0.005169034 -1.531136 0.3228567 0.00680685 -1.532773 0.3228567 0.008063614 -1.534684 0.3228567 0.008853673 -1.536729 0.3228567 0.009123146 -1.538777 0.3228567 0.008853673 -1.540681 0.3228567 0.008063614 -1.542321 0.3228567 0.00680685 -1.543576 0.3228567 0.005169034 -1.544369 0.3228567 0.003261685 -1.544636 0.3228567 0.001214921 -1.544369 0.3228567 -8.31874e-4 -1.543576 0.3228567 -0.002739131 -1.542321 0.3228567 -0.004377007 -1.540681 0.3228567 -0.005633771 -1.538777 0.3228567 -0.006423771 -1.524014 0.3355708 -0.006693184 -1.524014 0.3376176 -0.006423771 -1.524014 0.339525 -0.005633771 -1.524014 0.3411627 -0.004377007 -1.524014 0.3424196 -0.002739131 -1.524014 0.3432095 -8.31874e-4 -1.524014 0.3434789 0.001214921 -1.524014 0.3432095 0.003261685 -1.524014 0.3424196 0.005169034 -1.524014 0.3411627 0.00680685 -1.524014 0.339525 0.008063614 -1.524014 0.3376176 0.008853673 -1.524014 0.3355708 0.009123146 -1.524014 0.333524 0.008853673 -1.524014 0.3316166 0.008063614 -1.524014 0.329979 0.00680685 -1.524014 0.328722 0.005169034 -1.524014 0.3279321 0.003261685 -1.524014 0.3276627 0.001214921 -1.524014 0.3279321 -8.31874e-4 -1.524014 0.328722 -0.002739131 -1.524014 0.329979 -0.004377007 -1.524014 0.3316166 -0.005633771 -1.524014 0.333524 -0.006423771 -1.52876 0.3236084 0.001214921 -1.528584 0.3243418 0.001214921 -1.528298 0.3250384 0.001214921 -1.527901 0.3256815 0.001214921 -1.527413 0.3262549 0.001214921 -1.526841 0.3267448 0.001214921 -1.526196 0.3271387 0.001214921 -1.525498 0.3274274 0.001214921 -1.524766 0.3276033 0.001214921 -1.529027 0.3236506 -8.31874e-4 -1.529809 0.3237741 -0.002739131 -1.531049 0.3239708 -0.004377007 -1.532666 0.3242271 -0.005633771 -1.53455 0.3245254 -0.006423771 -1.536572 0.3248456 -0.006693184 -1.538594 0.3251658 -0.006423771 -1.540478 0.325464 -0.005633771 -1.542096 0.3257203 -0.004377007 -1.543339 0.3259168 -0.002739131 -1.544118 0.3260405 -8.31874e-4 -1.544381 0.3260827 0.001214921 -1.544118 0.3260405 0.003261685 -1.543339 0.3259168 0.005169034 -1.542096 0.3257203 0.00680685 -1.540478 0.325464 0.008063614 -1.538594 0.3251658 0.008853673 -1.536572 0.3248456 0.009123146 -1.53455 0.3245254 0.008853673 -1.532666 0.3242271 0.008063614 -1.531049 0.3239708 0.00680685 -1.529809 0.3237741 0.005169034 -1.529027 0.3236506 0.003261685 -1.524808 0.3278697 0.003261685 -1.524934 0.3286498 0.005169034 -1.525128 0.3298912 0.00680685 -1.525388 0.3315089 0.008063614 -1.525685 0.3333926 0.008853673 -1.526002 0.3354144 0.009123146 -1.526326 0.337436 0.008853673 -1.526623 0.3393197 0.008063614 -1.526879 0.3409374 0.00680685 -1.527074 0.3421786 0.005169034 -1.527199 0.3429589 0.003261685 -1.527241 0.343225 0.001214921 -1.527199 0.3429589 -8.31874e-4 -1.527074 0.3421786 -0.002739131 -1.526879 0.3409374 -0.004377007 -1.526623 0.3393197 -0.005633771 -1.526326 0.337436 -0.006423771 -1.526002 0.3354144 -0.006693184 -1.525685 0.3333926 -0.006423771 -1.525388 0.3315089 -0.005633771 -1.525128 0.3298912 -0.004377007 -1.524934 0.3286498 -0.002739131 -1.524808 0.3278697 -8.31874e-4 -1.528844 0.324425 -8.31874e-4 -1.529591 0.3246691 -0.002739131 -1.530789 0.3250575 -0.004377007 -1.532346 0.3255637 -0.005633771 -1.534157 0.326153 -0.006423771 -1.536107 0.3267856 -0.006693184 -1.538052 0.3274181 -0.006423771 -1.539868 0.3280075 -0.005633771 -1.541424 0.3285136 -0.004377007 -1.542618 0.328902 -0.002739131 -1.54337 0.3291459 -8.31874e-4 -1.543629 0.3292294 0.001214921 -1.54337 0.3291459 0.003261685 -1.542618 0.328902 0.005169034 -1.541424 0.3285136 0.00680685 -1.539868 0.3280075 0.008063614 -1.538052 0.3274181 0.008853673 -1.536107 0.3267856 0.009123146 -1.534157 0.326153 0.008853673 -1.532346 0.3255637 0.008063614 -1.530789 0.3250575 0.00680685 -1.529591 0.3246691 0.005169034 -1.528844 0.324425 0.003261685 -1.528535 0.3251608 -8.31874e-4 -1.52924 0.3255196 -0.002739131 -1.530358 0.3260901 -0.004377007 -1.531819 0.3268335 -0.005633771 -1.53352 0.3276994 -0.006423771 -1.535344 0.3286288 -0.006693184 -1.537167 0.3295579 -0.006423771 -1.538865 0.3304238 -0.005633771 -1.540326 0.3311675 -0.004377007 -1.541444 0.331738 -0.002739131 -1.542149 0.3320968 -8.31874e-4 -1.54239 0.3322189 0.001214921 -1.542149 0.3320968 0.003261685 -1.541444 0.331738 0.005169034 -1.540326 0.3311675 0.00680685 -1.538865 0.3304238 0.008063614 -1.537167 0.3295579 0.008853673 -1.535344 0.3286288 0.009123146 -1.53352 0.3276994 0.008853673 -1.531819 0.3268335 0.008063614 -1.530358 0.3260901 0.00680685 -1.52924 0.3255196 0.005169034 -1.528535 0.3251608 0.003261685 -1.528123 0.3258398 -8.31874e-4 -1.52876 0.3263042 -0.002739131 -1.529774 0.3270428 -0.004377007 -1.531102 0.3280056 -0.005633771 -1.532643 0.3291266 -0.006423771 -1.534302 0.3303299 -0.006693184 -1.535958 0.331533 -0.006423771 -1.537499 0.332654 -0.005633771 -1.538823 0.3336167 -0.004377007 -1.539841 0.3343554 -0.002739131 -1.540478 0.3348198 -8.31874e-4 -1.5407 0.3349781 0.001214921 -1.540478 0.3348198 0.003261685 -1.539841 0.3343554 0.005169034 -1.538823 0.3336167 0.00680685 -1.537499 0.332654 0.008063614 -1.535958 0.331533 0.008853673 -1.534302 0.3303299 0.009123146 -1.532643 0.3291266 0.008853673 -1.531102 0.3280056 0.008063614 -1.529774 0.3270428 0.00680685 -1.52876 0.3263042 0.005169034 -1.528123 0.3258398 0.003261685 -1.527604 0.3264456 -8.31874e-4 -1.528161 0.3270042 -0.002739131 -1.52905 0.3278928 -0.004377007 -1.530209 0.329051 -0.005633771 -1.53156 0.3303998 -0.006423771 -1.533005 0.331847 -0.006693184 -1.534451 0.3332942 -0.006423771 -1.535802 0.3346429 -0.005633771 -1.536961 0.3358011 -0.004377007 -1.537846 0.3366897 -0.002739131 -1.538407 0.3372483 -8.31874e-4 -1.538598 0.3374388 0.001214921 -1.538407 0.3372483 0.003261685 -1.537846 0.3366897 0.005169034 -1.536961 0.3358011 0.00680685 -1.535802 0.3346429 0.008063614 -1.534451 0.3332942 0.008853673 -1.533005 0.331847 0.009123146 -1.53156 0.3303998 0.008853673 -1.530209 0.329051 0.008063614 -1.52905 0.3278928 0.00680685 -1.528161 0.3270042 0.005169034 -1.527604 0.3264456 0.003261685 -1.526997 0.3269627 -8.31874e-4 -1.527463 0.3276019 -0.002739131 -1.528203 0.3286185 -0.004377007 -1.529164 0.3299437 -0.005633771 -1.530286 0.3314867 -0.006423771 -1.531487 0.3331425 -0.006693184 -1.532689 0.3347986 -0.006423771 -1.53381 0.3363416 -0.005633771 -1.534775 0.3376665 -0.004377007 -1.535512 0.3386834 -0.002739131 -1.535977 0.3393226 -8.31874e-4 -1.536137 0.3395407 0.001214921 -1.535977 0.3393226 0.003261685 -1.535512 0.3386834 0.005169034 -1.534775 0.3376665 0.00680685 -1.53381 0.3363416 0.008063614 -1.532689 0.3347986 0.008853673 -1.531487 0.3331425 0.009123146 -1.530286 0.3314867 0.008853673 -1.529164 0.3299437 0.008063614 -1.528203 0.3286185 0.00680685 -1.527463 0.3276019 0.005169034 -1.526997 0.3269627 0.003261685 -1.526318 0.3273788 -8.31874e-4 -1.526677 0.3280828 -0.002739131 -1.527249 0.3292027 -0.004377007 -1.527989 0.330662 -0.005633771 -1.528859 0.3323612 -0.006423771 -1.529786 0.3341851 -0.006693184 -1.530717 0.3360088 -0.006423771 -1.531583 0.3377082 -0.005633771 -1.532326 0.3391676 -0.004377007 -1.532895 0.3402872 -0.002739131 -1.533253 0.3409913 -8.31874e-4 -1.533379 0.3412314 0.001214921 -1.533253 0.3409913 0.003261685 -1.532895 0.3402872 0.005169034 -1.532326 0.3391676 0.00680685 -1.531583 0.3377082 0.008063614 -1.530717 0.3360088 0.008853673 -1.529786 0.3341851 0.009123146 -1.528859 0.3323612 0.008853673 -1.527989 0.330662 0.008063614 -1.527249 0.3292027 0.00680685 -1.526677 0.3280828 0.005169034 -1.526318 0.3273788 0.003261685 -1.525582 0.3276837 -8.31874e-4 -1.525826 0.328435 -0.002739131 -1.526215 0.3296304 -0.004377007 -1.526723 0.331188 -0.005633771 -1.52731 0.3330019 -0.006423771 -1.527943 0.3349485 -0.006693184 -1.528577 0.3368952 -0.006423771 -1.529164 0.3387091 -0.005633771 -1.529671 0.3402667 -0.004377007 -1.530061 0.3414621 -0.002739131 -1.530305 0.3422134 -8.31874e-4 -1.530385 0.3424697 0.001214921 -1.530305 0.3422134 0.003261685 -1.530061 0.3414621 0.005169034 -1.529671 0.3402667 0.00680685 -1.529164 0.3387091 0.008063614 -1.528577 0.3368952 0.008853673 -1.527943 0.3349485 0.009123146 -1.52731 0.3330019 0.008853673 -1.526723 0.331188 0.008063614 -1.526215 0.3296304 0.00680685 -1.525826 0.328435 0.005169034 -1.525582 0.3276837 0.003261685 -1.5253 0.3228567 -0.006510317 -1.527024 0.3228567 -0.008587539 -1.529118 0.3228567 -0.01028949 -1.531502 0.3228567 -0.01155138 -1.534085 0.3228567 -0.01232475 -1.536774 0.3228567 -0.01257961 -1.53946 0.3228567 -0.01230686 -1.542039 0.3228567 -0.01151669 -1.544415 0.3228567 -0.0102393 -1.546502 0.3228567 -0.008523464 -1.548207 0.3228567 -0.006434917 -1.549477 0.3228567 -0.004053652 -1.550259 0.3228567 -0.001470685 -1.550523 0.3228567 0.001214921 -1.550259 0.3228567 0.003900468 -1.549477 0.3228567 0.006483495 -1.548207 0.3228567 0.00886476 -1.546502 0.3228567 0.01095306 -1.544415 0.3228567 0.0126689 -1.542039 0.3228567 0.01394665 -1.53946 0.3228567 0.01473695 -1.536774 0.3228567 0.01500976 -1.534085 0.3228567 0.01475459 -1.531502 0.3228567 0.01398134 -1.529118 0.3228567 0.01271951 -1.527024 0.3228567 0.01101744 -1.5253 0.3228567 0.008940219 -1.525288 0.3230395 0.008940219 -1.526993 0.3232846 0.01101744 -1.529065 0.3235827 0.01271951 -1.531426 0.3239222 0.01398134 -1.533986 0.3242903 0.01475459 -1.536645 0.3246725 0.01500976 -1.539304 0.3250547 0.01473695 -1.541856 0.3254218 0.01394665 -1.544209 0.3257601 0.0126689 -1.546273 0.3260565 0.01095306 -1.547963 0.3262999 0.00886476 -1.549218 0.3264804 0.006483495 -1.549992 0.3265917 0.003900468 -1.550256 0.3266292 0.001214921 -1.549992 0.3265917 -0.001470685 -1.549218 0.3264804 -0.004053652 -1.547963 0.3262999 -0.006434917 -1.546273 0.3260565 -0.008523464 -1.544209 0.3257601 -0.0102393 -1.541856 0.3254218 -0.01151669 -1.539304 0.3250547 -0.01230686 -1.536645 0.3246725 -0.01257961 -1.533986 0.3242903 -0.01232475 -1.531426 0.3239222 -0.01155138 -1.529065 0.3235827 -0.01028949 -1.526993 0.3232846 -0.008587539 -1.525288 0.3230395 -0.006510317 -1.524197 0.3241289 -0.006510317 -1.524441 0.325834 -0.008587539 -1.524743 0.3279069 -0.01028949 -1.525079 0.3302682 -0.01155138 -1.525449 0.3328271 -0.01232475 -1.52583 0.3354864 -0.01257961 -1.526211 0.3381438 -0.01230686 -1.526582 0.340698 -0.01151669 -1.526917 0.3430507 -0.0102393 -1.527215 0.3451126 -0.008523464 -1.527459 0.3468042 -0.006434917 -1.527638 0.3480609 -0.004053652 -1.527749 0.3488345 -0.001470685 -1.527787 0.3490958 0.001214921 -1.527749 0.3488345 0.003900468 -1.527638 0.3480609 0.006483495 -1.527459 0.3468042 0.00886476 -1.527215 0.3451126 0.01095306 -1.526917 0.3430507 0.0126689 -1.526582 0.340698 0.01394665 -1.526211 0.3381438 0.01473695 -1.52583 0.3354864 0.01500976 -1.525449 0.3328271 0.01475459 -1.525079 0.3302682 0.01398134 -1.524743 0.3279069 0.01271951 -1.524441 0.325834 0.01101744 -1.524197 0.3241289 0.008940219 -1.52525 0.3232188 0.008940219 -1.526902 0.3237043 0.01101744 -1.528908 0.3242941 0.01271951 -1.531201 0.3249662 0.01398134 -1.533681 0.3256946 0.01475459 -1.536259 0.3264515 0.01500976 -1.538834 0.3272078 0.01473695 -1.54131 0.3279348 0.01394665 -1.543591 0.3286045 0.0126689 -1.54559 0.3291912 0.01095306 -1.54723 0.3296728 0.00886476 -1.548447 0.3300305 0.006483495 -1.549199 0.3302507 0.003900468 -1.549451 0.3303251 0.001214921 -1.549199 0.3302507 -0.001470685 -1.548447 0.3300305 -0.004053652 -1.54723 0.3296728 -0.006434917 -1.54559 0.3291912 -0.008523464 -1.543591 0.3286045 -0.0102393 -1.54131 0.3279348 -0.01151669 -1.538834 0.3272078 -0.01230686 -1.536259 0.3264515 -0.01257961 -1.533681 0.3256946 -0.01232475 -1.531201 0.3249662 -0.01155138 -1.528908 0.3242941 -0.01028949 -1.526902 0.3237043 -0.008587539 -1.52525 0.3232188 -0.006510317 -1.525182 0.3233905 0.008940219 -1.526749 0.3241062 0.01101744 -1.528657 0.3249762 0.01271951 -1.530827 0.3259671 0.01398134 -1.533177 0.3270412 0.01475459 -1.535622 0.3281572 0.01500976 -1.538064 0.3292725 0.01473695 -1.54041 0.3303444 0.01394665 -1.542573 0.331332 0.0126689 -1.544469 0.3321972 0.01095306 -1.546021 0.3329072 0.00886476 -1.547177 0.3334346 0.006483495 -1.547887 0.3337593 0.003900468 -1.548131 0.333869 0.001214921 -1.547887 0.3337593 -0.001470685 -1.547177 0.3334346 -0.004053652 -1.546021 0.3329072 -0.006434917 -1.544469 0.3321972 -0.008523464 -1.542573 0.331332 -0.0102393 -1.54041 0.3303444 -0.01151669 -1.538064 0.3292725 -0.01230686 -1.535622 0.3281572 -0.01257961 -1.533177 0.3270412 -0.01232475 -1.530827 0.3259671 -0.01155138 -1.528657 0.3249762 -0.01028949 -1.526749 0.3241062 -0.008587539 -1.525182 0.3233905 -0.006510317 -1.525098 0.3235514 0.008940219 -1.526547 0.3244829 0.01101744 -1.528306 0.3256152 0.01271951 -1.530312 0.3269048 0.01398134 -1.53249 0.3283026 0.01475459 -1.534749 0.3297551 0.01500976 -1.537007 0.3312066 0.01473695 -1.539178 0.3326016 0.01394665 -1.541177 0.3338866 0.0126689 -1.542931 0.3350129 0.01095306 -1.544369 0.3359368 0.00886476 -1.545438 0.3366232 0.006483495 -1.546094 0.3370459 0.003900468 -1.546315 0.3371885 0.001214921 -1.546094 0.3370459 -0.001470685 -1.545438 0.3366232 -0.004053652 -1.544369 0.3359368 -0.006434917 -1.542931 0.3350129 -0.008523464 -1.541177 0.3338866 -0.0102393 -1.539178 0.3326016 -0.01151669 -1.537007 0.3312066 -0.01230686 -1.534749 0.3297551 -0.01257961 -1.53249 0.3283026 -0.01232475 -1.530312 0.3269048 -0.01155138 -1.528306 0.3256152 -0.01028949 -1.526547 0.3244829 -0.008587539 -1.525098 0.3235514 -0.006510317 -1.524987 0.3236983 0.008940219 -1.526288 0.3248265 0.01101744 -1.527871 0.3261979 0.01271951 -1.529671 0.32776 0.01398134 -1.531625 0.329453 0.01475459 -1.533658 0.3312123 0.01500976 -1.535687 0.3329706 0.01473695 -1.537636 0.3346603 0.01394665 -1.539433 0.3362172 0.0126689 -1.541009 0.3375809 0.01095306 -1.542298 0.3387001 0.00886476 -1.543259 0.3395317 0.006483495 -1.543851 0.3400436 0.003900468 -1.544049 0.3402164 0.001214921 -1.543851 0.3400436 -0.001470685 -1.543259 0.3395317 -0.004053652 -1.542298 0.3387001 -0.006434917 -1.541009 0.3375809 -0.008523464 -1.539433 0.3362172 -0.0102393 -1.537636 0.3346603 -0.01151669 -1.535687 0.3329706 -0.01230686 -1.533658 0.3312123 -0.01257961 -1.531625 0.329453 -0.01232475 -1.529671 0.32776 -0.01155138 -1.527871 0.3261979 -0.01028949 -1.526288 0.3248265 -0.008587539 -1.524987 0.3236983 -0.006510317 -1.524857 0.323828 0.008940219 -1.525983 0.32513 0.01101744 -1.527356 0.3267126 0.01271951 -1.528916 0.3285153 0.01398134 -1.53061 0.3304694 0.01475459 -1.532372 0.3324998 0.01500976 -1.534127 0.3345287 0.01473695 -1.535821 0.3364787 0.01394665 -1.537373 0.3382754 0.0126689 -1.538739 0.3398495 0.01095306 -1.539857 0.341141 0.00886476 -1.540688 0.3421006 0.006483495 -1.541199 0.3426914 0.003900468 -1.541375 0.342891 0.001214921 -1.541199 0.3426914 -0.001470685 -1.540688 0.3421006 -0.004053652 -1.539857 0.341141 -0.006434917 -1.538739 0.3398495 -0.008523464 -1.537373 0.3382754 -0.0102393 -1.535821 0.3364787 -0.01151669 -1.534127 0.3345287 -0.01230686 -1.532372 0.3324998 -0.01257961 -1.53061 0.3304694 -0.01232475 -1.528916 0.3285153 -0.01155138 -1.527356 0.3267126 -0.01028949 -1.525983 0.32513 -0.008587539 -1.524857 0.323828 -0.006510317 -1.524708 0.3239379 0.008940219 -1.525643 0.3253872 0.01101744 -1.526772 0.3271489 0.01271951 -1.528062 0.3291557 0.01398134 -1.529462 0.3313305 0.01475459 -1.530911 0.3335908 0.01500976 -1.532365 0.3358493 0.01473695 -1.533757 0.3380201 0.01394665 -1.535046 0.3400197 0.0126689 -1.536172 0.3417721 0.01095306 -1.537095 0.3432098 0.00886476 -1.537781 0.3442779 0.006483495 -1.538205 0.3449354 0.003900468 -1.538346 0.3451576 0.001214921 -1.538205 0.3449354 -0.001470685 -1.537781 0.3442779 -0.004053652 -1.537095 0.3432098 -0.006434917 -1.536172 0.3417721 -0.008523464 -1.535046 0.3400197 -0.0102393 -1.533757 0.3380201 -0.01151669 -1.532365 0.3358493 -0.01230686 -1.530911 0.3335908 -0.01257961 -1.529462 0.3313305 -0.01232475 -1.528062 0.3291557 -0.01155138 -1.526772 0.3271489 -0.01028949 -1.525643 0.3253872 -0.008587539 -1.524708 0.3239379 -0.006510317 -1.524548 0.3240259 0.008940219 -1.525265 0.3255928 0.01101744 -1.526135 0.3274977 0.01271951 -1.527123 0.3296676 0.01398134 -1.528199 0.3320193 0.01475459 -1.529317 0.3344631 0.01500976 -1.530431 0.3369053 0.01473695 -1.531502 0.3392525 0.01394665 -1.53249 0.3414147 0.0126689 -1.533356 0.3433094 0.01095306 -1.534066 0.3448639 0.00886476 -1.534592 0.346019 0.006483495 -1.534917 0.34673 0.003900468 -1.535027 0.3469701 0.001214921 -1.534917 0.34673 -0.001470685 -1.534592 0.346019 -0.004053652 -1.534066 0.3448639 -0.006434917 -1.533356 0.3433094 -0.008523464 -1.53249 0.3414147 -0.0102393 -1.531502 0.3392525 -0.01151669 -1.530431 0.3369053 -0.01230686 -1.529317 0.3344631 -0.01257961 -1.528199 0.3320193 -0.01232475 -1.527123 0.3296676 -0.01155138 -1.526135 0.3274977 -0.01028949 -1.525265 0.3255928 -0.008587539 -1.524548 0.3240259 -0.006510317 -1.524377 0.32409 0.008940219 -1.524861 0.3257427 0.01101744 -1.525452 0.3277521 0.01271951 -1.526124 0.3300409 0.01398134 -1.526852 0.3325217 0.01475459 -1.527611 0.3350995 0.01500976 -1.528367 0.3376756 0.01473695 -1.529095 0.3401513 0.01394665 -1.529763 0.342432 0.0126689 -1.53035 0.3444307 0.01095306 -1.530831 0.3460703 0.00886476 -1.53119 0.3472886 0.006483495 -1.531411 0.3480387 0.003900468 -1.531483 0.3482919 0.001214921 -1.531411 0.3480387 -0.001470685 -1.53119 0.3472886 -0.004053652 -1.530831 0.3460703 -0.006434917 -1.53035 0.3444307 -0.008523464 -1.529763 0.342432 -0.0102393 -1.529095 0.3401513 -0.01151669 -1.528367 0.3376756 -0.01230686 -1.527611 0.3350995 -0.01257961 -1.526852 0.3325217 -0.01232475 -1.526124 0.3300409 -0.01155138 -1.525452 0.3277521 -0.01028949 -1.524861 0.3257427 -0.008587539 -1.524377 0.32409 -0.006510317 -1.526101 0.3228567 0.001214921 -1.526368 0.3228567 0.003580093 -1.52715 0.3228567 0.005826652 -1.528416 0.3228567 0.007842004 -1.530102 0.3228567 0.00952506 -1.532117 0.3228567 0.01079136 -1.534363 0.3228567 0.01157724 -1.536729 0.3228567 0.01184386 -1.539094 0.3228567 0.01157724 -1.541341 0.3228567 0.01079136 -1.543359 0.3228567 0.00952506 -1.545037 0.3228567 0.007842004 -1.546303 0.3228567 0.005826652 -1.547093 0.3228567 0.003580093 -1.547356 0.3228567 0.001214921 -1.547093 0.3228567 -0.00115025 -1.546303 0.3228567 -0.003396809 -1.545037 0.3228567 -0.005412161 -1.543359 0.3228567 -0.007095158 -1.541341 0.3228567 -0.008361518 -1.539094 0.3228567 -0.009147644 -1.536729 0.3228567 -0.009414136 -1.534363 0.3228567 -0.009147644 -1.532117 0.3228567 -0.008361518 -1.530102 0.3228567 -0.007095158 -1.528416 0.3228567 -0.005412161 -1.52715 0.3228567 -0.003396809 -1.526368 0.3228567 -0.00115025 -1.536729 0.3037853 -0.01257973 -1.534039 0.3037853 -0.01231467 -1.531449 0.3037853 -0.01152986 -1.529065 0.3037853 -0.01025485 -1.526974 0.3037853 -0.008539497 -1.525258 0.3037853 -0.006449103 -1.523984 0.3037853 -0.004064083 -1.523202 0.3037853 -0.001476228 -1.522935 0.3037853 0.001214921 -1.523202 0.3037853 0.003906071 -1.523984 0.3037853 0.006493926 -1.525258 0.3037853 0.008878946 -1.526974 0.3037853 0.0109694 -1.529065 0.3037853 0.01268494 -1.531449 0.3037853 0.01395952 -1.534039 0.3037853 0.01474452 -1.536729 0.3037853 0.01500982 -1.539422 0.3037853 0.01474452 -1.542008 0.3037853 0.01395952 -1.544392 0.3037853 0.01268494 -1.546483 0.3037853 0.0109694 -1.548199 0.3037853 0.008878946 -1.549474 0.3037853 0.006493926 -1.550259 0.3037853 0.003906071 -1.550523 0.3037853 0.001214921 -1.550259 0.3037853 -0.001476228 -1.549474 0.3037853 -0.004064083 -1.548199 0.3037853 -0.006449103 -1.546483 0.3037853 -0.008539497 -1.544392 0.3037853 -0.01025485 -1.542008 0.3037853 -0.01152986 -1.539422 0.3037853 -0.01231467 -1.536729 0.3037853 -0.009566664 -1.539128 0.3037853 -0.009296357 -1.541409 0.3037853 -0.008498966 -1.54345 0.3037853 -0.007214367 -1.545159 0.3037853 -0.00550729 -1.546445 0.3037853 -0.00346297 -1.547242 0.3037853 -0.001184165 -1.547513 0.3037853 0.001214921 -1.547242 0.3037853 0.003614068 -1.546445 0.3037853 0.005892813 -1.545159 0.3037853 0.007937133 -1.54345 0.3037853 0.009644329 -1.541409 0.3037853 0.01092875 -1.539128 0.3037853 0.0117262 -1.536729 0.3037853 0.01199632 -1.534329 0.3037853 0.0117262 -1.532052 0.3037853 0.01092875 -1.530007 0.3037853 0.009644329 -1.528298 0.3037853 0.007937133 -1.527013 0.3037853 0.005892813 -1.526219 0.3037853 0.003614068 -1.525948 0.3037853 0.001214921 -1.526219 0.3037853 -0.001184165 -1.527013 0.3037853 -0.00346297 -1.528298 0.3037853 -0.00550729 -1.530007 0.3037853 -0.007214367 -1.532052 0.3037853 -0.008498966 -1.534329 0.3037853 -0.009296357 1.579074 0.2734561 0.0406621 1.579074 0.2734561 -0.04375994 1.494651 0.2734561 -0.04375994 1.494651 0.2734561 0.0406621 1.575008 0.2734561 -0.03969115 1.575008 0.2734561 0.03659379 1.498721 0.2734561 0.03659379 1.498721 0.2734561 -0.03969115 1.579074 -0.3368256 -0.04375994 1.579074 -0.3368256 0.0406621 1.494651 -0.3368256 0.0406621 1.494651 -0.3368256 -0.04375994 1.498721 -0.3368256 0.03659379 1.575008 -0.3368256 0.03659379 1.575008 -0.3368256 -0.03969115 1.498721 -0.3368256 -0.03969115 1.579074 -0.3368256 0.0406621 1.579074 -0.3368256 -0.04375994 1.494651 -0.3368256 -0.04375994 1.494651 -0.3368256 0.0406621 1.575008 -0.3368256 -0.03969115 1.575008 -0.3368256 0.03659379 1.498721 -0.3368256 0.03659379 1.498721 -0.3368256 -0.03969115 1.579074 -0.9471078 -0.04375994 1.579074 -0.9471078 0.0406621 1.494651 -0.9471078 0.0406621 1.494651 -0.9471078 -0.04375994 1.498721 -0.9471078 0.03659379 1.575008 -0.9471078 0.03659379 1.575008 -0.9471078 -0.03969115 1.498721 -0.9471078 -0.03969115 -1.487382 0.2734561 0.040825 -1.487382 0.2734561 -0.04359698 -1.571805 0.2734561 -0.04359698 -1.571805 0.2734561 0.040825 -1.491452 0.2734561 -0.03952831 -1.491452 0.2734561 0.03675669 -1.567734 0.2734561 0.03675669 -1.567734 0.2734561 -0.03952831 -1.487382 -0.3368256 -0.04359698 -1.487382 -0.3368256 0.040825 -1.571805 -0.3368256 0.040825 -1.571805 -0.3368256 -0.04359698 -1.567734 -0.3368256 0.03675669 -1.491452 -0.3368256 0.03675669 -1.491452 -0.3368256 -0.03952831 -1.567734 -0.3368256 -0.03952831 -1.487382 -0.3368256 0.040825 -1.487382 -0.3368256 -0.04359698 -1.571805 -0.3368256 -0.04359698 -1.571805 -0.3368256 0.040825 -1.491452 -0.3368256 -0.03952831 -1.491452 -0.3368256 0.03675669 -1.567734 -0.3368256 0.03675669 -1.567734 -0.3368256 -0.03952831 -1.487382 -0.9471078 -0.04359698 -1.487382 -0.9471078 0.040825 -1.571805 -0.9471078 0.040825 -1.571805 -0.9471078 -0.04359698 -1.567734 -0.9471078 0.03675669 -1.491452 -0.9471078 0.03675669 -1.491452 -0.9471078 -0.03952831 -1.567734 -0.9471078 -0.03952831 0.4495117 0.3135855 0.001888692 0.4495117 0.3141604 -0.003824234 0.4495117 0.3161941 -0.009194076 0.4495117 0.3195484 -0.01385444 0.4495117 0.3239946 -0.01748788 0.4495117 0.3292296 -0.01984649 0.4495117 0.3348971 -0.02077031 0.4495117 0.34061 -0.0201956 0.4495117 0.3459799 -0.01816177 0.4495117 0.3506403 -0.01480746 0.4495117 0.3542736 -0.01036125 0.4495117 0.3566325 -0.005126178 0.4495117 0.3575561 5.41056e-4 0.4495117 0.3569813 0.006254196 0.4495117 0.3549476 0.01162374 0.4495117 0.3515933 0.0162841 0.4495117 0.347147 0.01991778 0.4495117 0.341912 0.02227658 0.4495117 0.3362446 0.02320015 0.4495117 0.3305316 0.02262544 0.4495117 0.3251617 0.02059137 0.4495117 0.3205013 0.01723736 0.4495117 0.3168681 0.01279091 0.4495117 0.3145092 0.007556021 0.4495117 0.3248959 0.001542091 0.4495117 0.3253443 0.004293799 0.4495117 0.3264897 0.006835699 0.4495117 0.328254 0.008994579 0.4495117 0.3305166 0.01062303 0.4495117 0.3331242 0.0116105 0.4495117 0.3358982 0.01188957 0.4495117 0.3386498 0.01144129 0.4495117 0.3411915 0.0102958 0.4495117 0.3433504 0.008531868 0.4495117 0.3449791 0.006268978 0.4495117 0.3459666 0.003661692 0.4495117 0.3462458 8.87721e-4 0.4495117 0.3457973 -0.001863956 0.4495117 0.3446519 -0.004405856 0.4495117 0.3428876 -0.006564617 0.4495117 0.3406251 -0.008193373 0.4495117 0.3380175 -0.009180903 0.4495117 0.3352437 -0.009459972 0.4495117 0.3324919 -0.009011507 0.4495117 0.3299501 -0.007866203 0.4495117 0.3277912 -0.006101906 0.4495117 0.3261623 -0.003839135 0.4495117 0.3251751 -0.001231849 -0.4659126 0.3135855 0.001888692 -0.4659126 0.3145092 0.007556021 -0.4659126 0.3168681 0.01279091 -0.4659126 0.3205013 0.01723736 -0.4659126 0.3251617 0.02059137 -0.4659126 0.3305316 0.02262544 -0.4659126 0.3362446 0.02320015 -0.4659126 0.341912 0.02227658 -0.4659126 0.347147 0.01991778 -0.4659126 0.3515933 0.0162841 -0.4659126 0.3549476 0.01162374 -0.4659126 0.3569813 0.006254196 -0.4659126 0.3575561 5.41056e-4 -0.4659126 0.3566325 -0.005126178 -0.4659126 0.3542736 -0.01036125 -0.4659126 0.3506403 -0.01480746 -0.4659126 0.3459799 -0.01816177 -0.4659126 0.34061 -0.0201956 -0.4659126 0.3348971 -0.02077031 -0.4659126 0.3292296 -0.01984649 -0.4659126 0.3239946 -0.01748788 -0.4659126 0.3195484 -0.01385444 -0.4659126 0.3161941 -0.009194076 -0.4659126 0.3141604 -0.003824234 -0.4659126 0.3248959 0.001542091 -0.4659126 0.3251751 -0.001231849 -0.4659126 0.3261623 -0.003839135 -0.4659126 0.3277912 -0.006101906 -0.4659126 0.3299501 -0.007866203 -0.4659126 0.3324919 -0.009011507 -0.4659126 0.3352437 -0.009459972 -0.4659126 0.3380175 -0.009180903 -0.4659126 0.3406251 -0.008193373 -0.4659126 0.3428876 -0.006564617 -0.4659126 0.3446519 -0.004405856 -0.4659126 0.3457973 -0.001863956 -0.4659126 0.3462458 8.87721e-4 -0.4659126 0.3459666 0.003661692 -0.4659126 0.3449791 0.006268978 -0.4659126 0.3433504 0.008531868 -0.4659126 0.3411915 0.0102958 -0.4659126 0.3386498 0.01144129 -0.4659126 0.3358982 0.01188957 -0.4659126 0.3331242 0.0116105 -0.4659126 0.3305166 0.01062303 -0.4659126 0.328254 0.008994579 -0.4659126 0.3264897 0.006835699 -0.4659126 0.3253443 0.004293799 1.364932 0.3170006 0.01300257 1.364932 0.3145824 0.007794559 1.364932 0.3135946 0.002138197 1.364932 0.3141046 -0.003581047 1.364932 0.3160772 -0.008973538 1.364932 0.3193784 -0.01367145 1.364932 0.3237832 -0.01735532 1.364932 0.3289912 -0.01977342 1.364932 0.3346474 -0.02076125 1.364932 0.3403668 -0.02025133 1.364932 0.3457592 -0.01827836 1.364932 0.3504574 -0.01497715 1.364932 0.354141 -0.01057273 1.364932 0.3565593 -0.005364716 1.364932 0.3575471 2.91628e-4 1.364932 0.3570371 0.00601089 1.364932 0.3550644 0.01140338 1.364932 0.3517633 0.01610136 1.364932 0.3473585 0.01978516 1.364932 0.3421505 0.02220332 1.364932 0.3364942 0.02319109 1.364932 0.3307748 0.02268123 1.364932 0.3253825 0.0207085 1.364932 0.3206842 0.01740705 1.364932 0.3265541 0.006938338 1.364932 0.3283427 0.009077072 1.364932 0.3306239 0.01067996 1.364932 0.3332422 0.01163762 1.364932 0.336019 0.0118854 1.364932 0.3387656 0.01140558 1.364932 0.3412943 0.01023167 1.364932 0.3434332 0.008443117 1.364932 0.345036 0.006161928 1.364932 0.3459938 0.003543615 1.364932 0.3462412 7.66631e-4 1.364932 0.3457618 -0.001979768 1.364932 0.3445876 -0.004508495 1.364932 0.342799 -0.006647229 1.364932 0.340518 -0.008250117 1.364932 0.3378995 -0.009207963 1.364932 0.3351226 -0.009455561 1.364932 0.332376 -0.008975923 1.364932 0.3298473 -0.007801771 1.364932 0.3277087 -0.006013095 1.364932 0.3261058 -0.003731966 1.364932 0.3251479 -0.001113772 1.364932 0.3249004 0.001663208 1.364932 0.3253799 0.004409611 0.4495117 0.3170006 0.01300257 0.4495117 0.3206842 0.01740705 0.4495117 0.3253825 0.0207085 0.4495117 0.3307748 0.02268123 0.4495117 0.3364942 0.02319109 0.4495117 0.3421505 0.02220332 0.4495117 0.3473585 0.01978516 0.4495117 0.3517633 0.01610136 0.4495117 0.3550644 0.01140338 0.4495117 0.3570371 0.00601089 0.4495117 0.3575471 2.91628e-4 0.4495117 0.3565593 -0.005364716 0.4495117 0.354141 -0.01057273 0.4495117 0.3504574 -0.01497715 0.4495117 0.3457592 -0.01827836 0.4495117 0.3403668 -0.02025133 0.4495117 0.3346474 -0.02076125 0.4495117 0.3289912 -0.01977342 0.4495117 0.3237832 -0.01735532 0.4495117 0.3193784 -0.01367145 0.4495117 0.3160772 -0.008973538 0.4495117 0.3141046 -0.003581047 0.4495117 0.3135946 0.002138197 0.4495117 0.3145824 0.007794559 0.4495117 0.3265541 0.006938338 0.4495117 0.3253799 0.004409611 0.4495117 0.3249004 0.001663208 0.4495117 0.3251479 -0.001113772 0.4495117 0.3261058 -0.003731966 0.4495117 0.3277087 -0.006013095 0.4495117 0.3298473 -0.007801771 0.4495117 0.332376 -0.008975923 0.4495117 0.3351226 -0.009455561 0.4495117 0.3378995 -0.009207963 0.4495117 0.340518 -0.008250117 0.4495117 0.342799 -0.006647229 0.4495117 0.3445876 -0.004508495 0.4495117 0.3457618 -0.001979768 0.4495117 0.3462412 7.66631e-4 0.4495117 0.3459938 0.003543615 0.4495117 0.345036 0.006161928 0.4495117 0.3434332 0.008443117 0.4495117 0.3412943 0.01023167 0.4495117 0.3387656 0.01140558 0.4495117 0.336019 0.0118854 0.4495117 0.3332422 0.01163762 0.4495117 0.3306239 0.01067996 0.4495117 0.3283427 0.009077072 0.05414879 0.3135753 -0.00582844 0.05414879 -0.2967064 -0.00582844 0.05414879 -0.2967064 -0.009896993 0.05414879 0.3135753 -0.009896993 0.003291249 -0.2967064 -0.00582844 0.003291249 -0.2967064 -0.009896993 0.003291249 0.3135753 -0.00582844 0.003291249 0.3135753 -0.009896993</float_array>
          <technique_common>
            <accessor source="#Gate2_v1-mesh-positions-array" count="2194" stride="3">
              <param name="X" type="float"/>
              <param name="Y" type="float"/>
              <param name="Z" type="float"/>
            </accessor>
          </technique_common>
        </source>
        <source id="Gate2_v1-mesh-normals">
          <float_array id="Gate2_v1-mesh-normals-array" count="8220">-1 -1.14847e-4 0 -1 5.74256e-5 0 -1 2.08327e-4 0 -1 2.0836e-4 0 -1 2.08362e-4 0 -1 2.89586e-5 0 -1 0 0 -1 -2.91234e-5 0 -1 -5.84144e-5 0 -1 -5.84126e-5 0 -1 1.26086e-4 0 -1 -5.79149e-5 0 -1 -5.56594e-5 0 -1 5.79152e-5 0 -1 -6.30446e-5 0 -1 -2.91247e-5 0 -1 5.7917e-5 0 -1 -1.07662e-4 0 -1 1.07658e-4 0 -1 -5.79163e-5 0 -1 2.91221e-5 0 -1 -3.35569e-4 0 -1 -3.35569e-4 0 -1 -3.35569e-4 0 -1 -5.79158e-5 0 -1 7.95151e-6 0 -1 5.79155e-5 0 -1 -9.45635e-5 0 -1 6.27104e-5 0 -1 5.8413e-5 0 -1 -6.26004e-5 0 -1 5.84173e-5 0 -1 -6.27106e-5 0 -1 2.91209e-5 0 -1 -6.30453e-5 0 -1 -2.89583e-5 0 -1 1.2722e-4 0 -0.008000552 0.2225177 0.9748958 -0.007999539 0.2225096 0.9748978 -0.007998645 2.43094e-6 0.9999681 -0.007998585 -1.53132e-6 0.9999681 -0.007999598 -0.2225143 0.9748967 -0.007999479 -0.2225095 0.9748978 -0.008000254 -0.433899 0.900926 -0.00799787 -0.4338675 0.9009413 -0.007997751 -0.6234608 0.7818138 -0.008000314 -0.6234717 0.781805 -0.008001744 -0.7818039 0.6234731 -0.007999241 -0.7817927 0.6234872 -0.007998287 -0.9009422 0.4338656 -0.007996857 -0.900928 0.4338952 -0.007997751 -0.9748902 0.2225426 -0.008002638 -0.9748949 0.2225223 -0.008002877 -0.999968 2.13484e-6 -0.008003175 -0.999968 1.57426e-7 -0.008003056 -0.9748892 -0.2225465 -0.007997989 -0.9748939 -0.2225266 -0.007997155 -0.900944 -0.4338618 -0.007998406 -0.90093 -0.4338908 -0.007999241 -0.7818167 -0.623457 -0.008002758 -0.7817885 -0.6234924 -0.008001804 -0.6234625 -0.7818124 -0.00799781 -0.6234661 -0.7818096 -0.007997572 -0.4338783 -0.9009361 -0.008003294 -0.433829 -0.9009598 -0.008003473 -0.2224926 -0.9749016 -0.008004546 -0.222486 -0.9749031 -0.008002996 -5.07676e-6 -0.999968 -0.008002936 -2.33754e-6 -0.999968 -0.008004486 0.2224982 -0.9749003 -0.008004426 0.2224979 -0.9749003 -0.008004844 0.4338707 -0.9009396 -0.007998883 0.4338287 -0.9009599 -0.00799942 0.6234541 -0.7818191 -0.008001387 0.6234675 -0.7818085 -0.008002042 0.7818114 -0.6234637 -0.008000969 0.7818009 -0.6234768 -0.00800091 0.900945 -0.4338597 -0.008000135 0.9009294 -0.433892 -0.008000671 0.974907 -0.222469 -0.007995247 0.9748897 -0.2225449 -0.007993638 0.9999681 1.48529e-5 -0.007993698 0.9999681 -2.36521e-5 -0.007994771 0.9748977 0.2225101 -0.008000552 0.9748965 0.2225149 -0.007999598 0.900934 0.4338825 -0.008001029 0.9009451 0.4338595 -0.00800091 0.7817876 0.6234934 -0.008001148 0.7818015 0.6234762 -0.007999718 0.6234636 0.7818116 -0.007999479 0.623471 0.7818056 -0.007999122 0.4338961 0.9009275 -0.008001983 0.4338663 0.9009417 -2.9027e-6 -0.9556814 -0.2944031 -2.84586e-4 -0.9238332 -0.3827951 1.98279e-6 -0.9216644 -0.3879884 -3.43467e-4 -0.8314536 -0.5555943 -3.44254e-5 -0.8284856 -0.5600106 -3.19794e-4 -0.7070645 -0.7071491 -9.18731e-5 -0.7036007 -0.7105956 -2.9949e-4 -0.5555677 -0.8314713 -8.88295e-6 -0.5518154 -0.8339663 -2.73728e-4 -0.3826826 -0.9238799 5.97332e-5 -0.378886 -0.9254435 -2.51614e-4 -0.1950629 -0.9807907 -2.06842e-5 -0.1914344 -0.9815054 -2.25798e-4 9.42727e-6 -1 -7.87317e-7 0.003312468 -0.9999946 -1.97515e-4 0.1950723 -0.9807889 4.65773e-5 0.1979247 -0.9802173 -1.70322e-4 0.3826876 -0.9238778 -3.52506e-6 0.384972 -0.9229283 -1.4496e-4 0.5555953 -0.8314529 2.64496e-6 0.5573073 -0.8303064 -1.1981e-4 0.7071084 -0.7071052 -3.71039e-5 0.7082482 -0.7059635 -9.36528e-5 0.8314696 -0.5555703 -2.50544e-5 0.8321451 -0.554558 -6.5699e-5 0.9238967 -0.382642 1.18017e-5 0.924207 -0.3818921 -4.18959e-5 0.9807897 -0.1950687 4.39659e-5 0.9808686 -0.194671 -3.2127e-5 1 0 2.69972e-5 1 -2.35096e-6 5.16698e-6 0.980866 0.1946841 -4.17003e-5 0.9807897 0.1950687 3.08789e-5 0.9242107 0.3818828 -6.56928e-5 0.9238967 0.382642 -1.69463e-5 0.8321543 0.5545442 -8.98644e-5 0.8314715 0.5555675 -2.98359e-5 0.708253 0.7059588 -1.08366e-4 0.7071277 0.7070859 1.96341e-5 0.5572944 0.8303151 -1.41632e-4 0.555581 0.8314625 1.92402e-5 0.3849839 0.9229233 -1.80606e-4 0.3826611 0.9238889 0 0.1979212 0.980218 -2.04191e-4 0.1951256 0.9807782 -4.72344e-6 0.003329694 0.9999945 -2.27497e-4 8.81251e-6 1 -2.70652e-5 -0.1914339 0.9815056 -2.56977e-4 -0.1951139 0.9807807 2.94112e-5 -0.3788978 0.9254387 -2.80176e-4 -0.3826581 0.92389 3.05604e-5 -0.5518097 0.8339701 -2.99314e-4 -0.5555419 0.8314885 -1.00428e-4 -0.7036136 0.7105828 -3.20505e-4 -0.7070864 0.7071272 -6.00629e-5 -0.8284322 0.5600895 -3.44502e-4 -0.8314592 0.5555858 -1.17347e-5 -0.9216619 0.3879941 -1.53028e-4 -0.9238594 0.3827325 -3.09711e-6 -0.9556822 0.2944003 -1.29011e-5 -0.9807859 0.1950877 2.9765e-5 -0.980213 0.197946 -1.5099e-5 -0.9950224 0.09965181 -1.98497e-5 -1 -1.62269e-7 0 -1 1.46577e-6 -1.69957e-5 -0.9950169 -0.09970647 -1.3507e-5 -0.9807838 -0.1950979 2.9854e-5 -0.9802135 -0.1979432 0.2588517 2.18527e-4 -0.9659171 1.59238e-5 1.48376e-5 -1 1.0283e-4 -2.42222e-5 -1 -0.255582 -0.04056096 -0.9659362 -0.2587473 -1.12858e-4 -0.9659451 -0.4938657 -0.07830834 -0.866005 -0.5001166 -7.60667e-5 -0.8659582 -0.698086 -0.1106523 -0.7074122 -0.7071413 3.60902e-4 -0.7070722 -0.8554548 -0.1350149 -0.4999684 -0.8660498 6.83382e-4 -0.4999572 -0.9540657 -0.1508456 -0.258852 -0.9658552 2.59876e-5 -0.2590829 -0.9877262 -0.1561953 9.51621e-5 -1 2.67871e-4 1.30868e-4 -0.9540815 -0.1509836 0.2587134 -0.9659732 2.18265e-4 0.2586424 -0.8551896 -0.1351643 0.5003814 -0.8657486 8.99062e-4 0.5004785 -0.6983437 -0.1104626 0.7071875 -0.707363 -6.52075e-5 0.7068506 -0.4938854 -0.07827198 0.865997 -0.5000761 -2.02019e-4 0.8659815 -0.255628 -0.04057723 0.9659234 -0.2587841 -1.06318e-4 0.9659352 3.73835e-5 -1.43582e-5 1 8.3041e-5 5.90587e-5 1 0.2557245 0.04066759 0.965894 0.2590236 1.62194e-4 0.965871 0.4940011 0.07879602 0.8658834 0.4998132 -9.18344e-4 0.8661328 0.6984376 0.1100426 0.7071603 0.706928 -0.001510262 0.7072839 0.8554593 0.1341299 0.5001987 0.8660355 0.001099586 0.4999814 0.9544951 0.1509454 0.2572054 0.9659975 9.93297e-4 0.2585495 0.9875468 0.1573256 2.32282e-4 0.9999997 -8.02308e-4 4.81753e-4 0.9546027 0.150047 -0.2573317 0.9657992 0.002016127 -0.2592839 0.8551988 0.1359419 -0.5001551 0.8660094 -7.57568e-4 -0.5000273 0.6985161 0.1106555 -0.706987 0.7071516 -0.001792967 -0.7070598 0.4939576 0.0781182 -0.8659696 0.499949 -7.72849e-5 -0.8660549 0.2558469 0.04047173 -0.9658699 5.48791e-5 -0.2588077 -0.9659289 -1.85922e-5 1.26474e-5 -1 1.87975e-5 1.64423e-5 -1 0.04040819 0.2556067 -0.965936 -3.20636e-5 0.2588078 -0.9659289 0.07821613 0.4938275 -0.8660351 2.54773e-5 0.5000179 -0.8660151 0.1106871 0.6983982 -0.7070986 1.64434e-5 0.7070792 -0.7071343 0.135601 0.8553938 -0.4999138 -1.00449e-4 0.8660207 -0.5000082 0.1511085 0.9540106 -0.2589021 -1.76512e-4 0.9659098 -0.2588789 0.1561571 0.9877323 1.72028e-4 -1.05619e-4 1 -1.09152e-5 0.1509962 0.9538731 0.259473 -2.3479e-4 0.9659456 0.2587455 0.1354836 0.8553996 0.4999358 -4.81084e-5 0.8660144 0.5000191 0.1105665 0.6983367 0.7071782 2.60621e-5 0.7070829 0.7071307 0.07825481 0.49384 0.8660244 4.09372e-5 0.4999958 0.8660278 0.04042494 0.2555127 0.9659602 6.20261e-7 0.2587968 0.9659318 -1.47144e-5 2.41804e-5 1 1.93477e-5 -1.88545e-5 1 -0.04052406 -0.2556892 0.9659094 2.35084e-5 -0.2588406 0.96592 -0.07821196 -0.4938681 0.8660122 1.16192e-5 -0.500009 0.8660203 -0.1106251 -0.6984454 0.7070617 -1.93976e-5 -0.7071186 0.7070949 -0.1353842 -0.8554217 0.4999248 -3.71486e-5 -0.866011 0.5000249 -0.1511296 -0.9540329 0.2588073 3.11583e-5 -0.9659336 0.2587903 -0.1564041 -0.9876933 -1.04124e-5 4.13731e-5 -1 7.70937e-6 -0.1511027 -0.9540562 -0.2587371 -3.77297e-5 -0.965928 -0.2588115 -0.1354074 -0.8555229 -0.4997456 -2.1942e-5 -0.8660327 -0.4999873 -0.1106668 -0.6985555 -0.7069464 5.69187e-5 -0.7070882 -0.7071254 -0.07821971 -0.4939066 -0.8659896 6.38366e-5 -0.4999949 -0.8660283 -0.04054743 -0.2556715 -0.9659131 0.9515523 0.3074868 2.08631e-4 0.9190893 0.2981859 -0.2576044 0.8606088 0.438813 -0.2584489 0.7714087 0.3937237 -0.4999104 0.7013278 0.5083426 -0.4997271 0.5721128 0.4154115 -0.707192 0.5002578 0.4998586 -0.7070244 0.3537068 0.3535087 -0.865981 0.2940068 0.4045385 -0.8659726 0.1520006 0.2093487 -0.9659549 0.1173557 0.2304645 -0.9659782 1.1386e-4 1.01823e-5 -1 1.44143e-5 8.55606e-6 -1 -0.07996892 -0.2461381 -0.9659302 0.8906485 0.4546926 -1.17184e-4 0.7816603 0.5676035 -0.2585215 0.6122912 0.6124269 -0.5000329 0.4152931 0.5722744 -0.7071307 0.2269751 0.445522 -0.8660212 0.08003085 0.2460693 -0.9659425 0.9190613 0.2978233 0.2581235 0.8605614 0.4387782 0.2586653 0.8092701 0.5874367 1.68912e-4 0.7811784 0.5683967 0.2582358 0.7073829 0.7068305 3.68303e-4 0.6830389 0.6830623 0.2586191 0.5873658 0.8093216 3.53961e-5 0.567208 0.7817899 0.2589974 0.4543492 0.8908236 -3.28374e-4 0.4388372 0.8603884 0.2591404 0.3101443 0.9506896 1.93598e-5 0.2990843 0.9183633 0.2591477 0.6820567 0.6837983 -0.2592654 0.5083397 0.700921 -0.5003004 0.3207123 0.6300413 -0.7072424 0.1543458 0.4755533 -0.8660408 0.5677199 0.7815881 -0.2584848 0.3929135 0.7716897 -0.500114 0.2182928 0.672488 -0.7071833 0.4388253 0.8606076 -0.2584323 0.2680579 0.8235461 -0.4999169 0.2988305 0.9186031 -0.2585901 0.8238616 0.267432 -0.4997322 0.672467 0.2187945 -0.7070482 0.6299968 0.3212156 -0.7070534 0.4753417 0.1550813 -0.8660254 0.4456773 0.2268595 -0.8659715 0.4045852 0.2936797 -0.8660618 0.2461469 0.08007448 -0.9659192 0.2304613 0.1174405 -0.9659687 0.2093241 0.1520683 -0.9659496 0.1828478 0.183017 -0.9659563 -1.02599e-5 -1.65366e-5 -1 -8.62591e-6 -9.64408e-6 -1 -1.36727e-5 -2.08456e-5 -1 1.33351e-5 6.34138e-6 -1 1.13189e-4 1.50264e-5 -1 -0.2461614 -0.08005547 -0.9659171 -0.2308624 -0.1174964 -0.965866 -0.2094627 -0.1521579 -0.9659055 -0.1829548 -0.1830554 -0.9659287 -0.152185 -0.2093608 -0.9659233 -0.1174938 -0.2305606 -0.9659384 -0.4754561 -0.1545982 -0.8660491 -0.4452818 -0.2269345 -0.8661553 -0.4044556 -0.2937563 -0.8660963 -0.3534994 -0.3534745 -0.8660796 -0.294133 -0.4046269 -0.8658885 -0.2269809 -0.4456042 -0.8659773 -0.1546545 -0.4755936 -0.8659635 -0.6723055 -0.2184901 -0.7072958 -0.6300011 -0.3210059 -0.7071449 -0.5721793 -0.4153295 -0.7071861 -0.4998563 -0.4998889 -0.7072869 -0.4155367 -0.5720537 -0.7071661 -0.3209272 -0.6300858 -0.7071051 -0.2184591 -0.6725906 -0.7070344 -0.8234144 -0.2677397 -0.5003041 -0.7715308 -0.3931914 -0.5001408 -0.7006215 -0.5090215 -0.5000267 -0.612644 -0.6124252 -0.4996027 -0.5091792 -0.7008609 -0.4995303 -0.3932864 -0.7716739 -0.4998453 -0.2675022 -0.8237267 -0.499917 -0.9186871 -0.2986093 -0.258547 -0.8607758 -0.4386523 -0.2581651 -0.7814245 -0.5677651 -0.2588799 -0.683035 -0.6831511 -0.2583946 -0.5675911 -0.781665 -0.2585346 -0.438628 -0.860762 -0.2582527 -0.2985135 -0.9187035 -0.2585992 -0.9510253 -0.3091132 -4.99579e-5 -0.8909681 -0.4540659 -3.23375e-5 -0.8090254 -0.5877738 1.80277e-5 -0.7070583 -0.7071554 1.13868e-4 -0.5877168 -0.8090667 -1.80675e-6 -0.453941 -0.8910319 -4.08291e-5 -0.3091371 -0.9510176 -1.69786e-6 -0.9186422 -0.2985304 0.2587978 -0.8605018 -0.4387403 0.2589278 -0.7816374 -0.5676599 0.2584673 -0.682955 -0.6832609 0.2583159 -0.5676737 -0.7815811 0.2586074 -0.4384954 -0.8608523 0.2581766 -0.2986041 -0.918731 0.2583973 -0.8235032 -0.2675264 0.5002722 -0.7716155 -0.3933705 0.4998692 -0.7007538 -0.5090375 0.499825 -0.612488 -0.6123762 0.4998539 -0.5092008 -0.7008278 0.4995548 -0.3932619 -0.7718084 0.499657 -0.2675831 -0.8237057 0.4999082 -0.672263 -0.218571 0.7073113 -0.6297531 -0.3206728 0.7075168 -0.5720343 -0.4154379 0.7072399 -0.5000445 -0.4999653 0.7071 -0.4155394 -0.5721836 0.7070595 -0.3210589 -0.6301667 0.7069733 -0.2184138 -0.6725905 0.7070484 -0.4755899 -0.1546348 0.865969 -0.4455368 -0.2270688 0.865989 -0.4043957 -0.2937369 0.866131 -0.3535188 -0.3532724 0.8661542 -0.293882 -0.4045319 0.8660182 -0.2269867 -0.4454978 0.8660305 -0.1546245 -0.4756107 0.8659595 -0.2461034 -0.07994782 0.9659407 -0.2307384 -0.1175023 0.9658949 -0.2095794 -0.1522886 0.9658597 -0.1829709 -0.1830075 0.9659348 -0.1522296 -0.2093603 0.9659164 -0.1175194 -0.2306628 0.9659109 -0.07998412 -0.2461169 0.9659343 3.59044e-5 4.87664e-6 1 -1.24392e-5 -1.32888e-5 1 -6.74045e-6 -3.19467e-6 1 5.62891e-6 -2.06241e-6 1 7.02357e-5 2.02297e-5 1 9.31893e-5 2.51052e-5 1 1.81566e-5 6.01495e-6 1 0.246019 0.07989001 0.965967 0.230514 0.1173875 0.9659625 0.2092647 0.1519872 0.9659752 0.1828565 0.1829951 0.9659588 0.1520707 0.2094156 0.9659294 0.1174146 0.2306286 0.9659318 0.0800029 0.2461705 0.9659191 0.4756409 0.154888 0.8658958 0.4456076 0.2269692 0.8659787 0.4046763 0.2936574 0.8660268 0.353619 0.353567 0.865993 0.293915 0.4044862 0.8660281 0.2269824 0.4454633 0.8660494 0.1543118 0.4755862 0.8660287 0.6723446 0.2194964 0.706947 0.6300261 0.3209248 0.7071593 0.5723904 0.4151843 0.7071007 0.4999566 0.5001801 0.7070101 0.415364 0.5722609 0.7070999 0.3208364 0.6300281 0.7071978 0.2184527 0.6724586 0.7071619 0.8235709 0.268343 0.499723 0.771607 0.3937253 0.4996031 0.7008511 0.508459 0.5002771 0.6123585 0.6121519 0.5002873 0.5083462 0.7008528 0.5003894 0.393234 0.771595 0.5000082 0.2677804 0.8236187 0.499946 -0.9130899 -0.1228739 0.3888045 -0.8284043 0.003022611 0.5601227 -0.8206781 -0.1141878 0.5598649 -0.7034888 0.001195192 0.7107055 -0.6968396 -0.09975594 0.7102559 -0.5518149 -3.53489e-4 0.8339667 -0.5464166 -0.07846909 0.8338294 -0.3789348 -1.84081e-4 0.9254233 -0.3750011 -0.05347925 0.9254805 -0.1914183 -4.98043e-5 0.9815086 -0.1894237 -0.0271539 0.9815199 0.003264009 -8.67527e-6 0.9999947 0.003310859 4.53654e-4 0.9999945 0.197974 -3.36953e-6 0.9802073 0.1959829 0.02815431 0.9802031 0.3851044 -2.71099e-5 0.9228731 0.3811343 0.05470216 0.9229 0.5570465 -1.16983e-4 0.8304814 0.5515882 0.07921022 0.8303471 0.7080692 1.48703e-4 0.7061431 0.7012372 0.1009212 0.7057487 0.8323098 2.91841e-4 0.5543108 0.8236029 0.1181974 0.554714 0.9242581 -1.7326e-4 0.3817683 0.9148807 0.1313492 0.3817602 0.9808006 -1.8855e-4 0.195013 0.9708181 0.13951 0.1950623 1 8.07513e-5 1.45074e-4 0.9898312 0.1422467 -4.58237e-4 0.980741 3.99128e-5 -0.1953129 0.9711102 0.1393792 -0.1936969 0.9243746 -2.537e-4 -0.3814861 0.9148901 0.1313612 -0.3817336 0.8323044 -3.31337e-5 -0.554319 0.8235183 0.118681 -0.5547365 0.7079501 2.75057e-4 -0.7062624 0.7009337 0.1007524 -0.7060743 0.5571254 7.30203e-6 -0.8304284 0.5518199 0.07907581 -0.8302059 0.3850387 -4.17535e-5 -0.9229004 0.3810576 0.05468744 -0.9229325 0.1980363 5.04972e-5 -0.9801948 0.1959469 0.02813881 -0.9802107 0.00328648 3.26737e-6 -0.9999947 0.003340363 4.85254e-4 -0.9999943 -0.1914389 -2.60607e-5 -0.9815046 -0.1893489 -0.02722185 -0.9815325 -0.3789346 -6.86925e-5 -0.9254236 -0.3749211 -0.0538333 -0.9254925 -0.5517741 -4.08486e-4 -0.8339936 -0.5463443 -0.07820391 -0.8339017 -0.7035402 -1.2931e-4 -0.7106556 -0.6971291 -0.09856408 -0.7101382 -0.8284885 0.002580344 -0.5600002 -0.8209372 -0.1142241 -0.5594774 -0.921626 0.001774728 -0.3880755 -0.1309685 -0.9121693 -0.3883228 -0.1177179 -0.8199917 -0.5601394 -0.1001603 -0.6964856 -0.710546 -0.07851725 -0.5461277 -0.8340142 -0.05399733 -0.3749638 -0.9254656 -0.02724689 -0.1894947 -0.9815036 4.72256e-4 0.003329992 -0.9999943 0.02817052 0.195892 -0.9802208 0.05485284 0.3811812 -0.9228717 0.07931256 0.5517176 -0.8302513 0.1007609 0.701206 -0.7058027 0.1184693 0.8238473 -0.5542929 0.131547 0.9150272 -0.3813407 0.1395329 0.9709469 -0.194404 0.1422789 0.9898266 2.23336e-5 0.1395353 0.9710707 0.1937828 0.1314849 0.9150018 0.3814232 0.1184598 0.8238399 0.554306 0.1007902 0.7012019 0.7058026 0.07926166 0.551715 0.8302579 0.05482137 0.3811352 0.9228926 0.02826929 0.1962431 0.9801477 4.52073e-4 0.003303289 0.9999945 -0.02723008 -0.1894904 0.9815049 -0.05389195 -0.3747931 0.9255409 -0.07864201 -0.5461642 0.8339785 -0.1003305 -0.6962025 0.7107995 -0.1176597 -0.820073 0.5600327 -0.9124785 -0.1269509 -0.3889302 -0.7959146 -0.232605 -0.558941 -0.8829143 -0.2628533 -0.3890636 -0.7530707 -0.3453781 -0.5599989 -0.8379446 -0.3830857 -0.3887084 -0.6961529 -0.4491346 -0.5600439 -0.7738609 -0.4999399 -0.3888439 -0.6261399 -0.5428118 -0.5597358 -0.6962199 -0.6035565 -0.388584 -0.5412212 -0.6278487 -0.5593618 -0.5990941 -0.7001196 -0.3884828 -0.4474899 -0.6982313 -0.5587718 -0.4996637 -0.7744674 -0.3879904 -0.344861 -0.7534126 -0.5598575 -0.3832668 -0.8379073 -0.3886107 -0.2333753 -0.7949959 -0.5599263 -0.2587115 -0.88452 -0.3881916 -0.130654 -0.9123117 0.3880937 -0.23306 -0.7951515 0.5598366 -0.2602449 -0.8840353 0.388271 -0.3448295 -0.7531192 0.5602715 -0.3850502 -0.8371407 0.3884996 -0.4475762 -0.6982475 0.5586824 -0.4937841 -0.7781547 0.3881399 -0.541979 -0.6276928 0.5588029 -0.6035478 -0.6962547 0.3885352 -0.6250516 -0.5440695 0.5597311 -0.6947185 -0.605326 0.3885187 -0.6965067 -0.4486936 0.5599576 -0.7754767 -0.4973908 0.3888938 -0.7536979 -0.3448946 0.5594527 -0.8367496 -0.3855506 0.3888458 -0.7956325 -0.2336673 0.5588994 -0.884918 -0.2560333 0.3890594 -0.6756229 -0.1974542 -0.7103137 -0.6402755 -0.2923818 -0.7103241 -0.5911704 -0.3815756 -0.7105757 -0.5318832 -0.4614312 -0.7100574 -0.4615217 -0.5314162 -0.7103483 -0.3796516 -0.5927392 -0.7102992 -0.2918504 -0.6401686 -0.7106388 -0.1979517 -0.67519 -0.7105868 -0.5295351 -0.155344 -0.833943 -0.5021523 -0.2288165 -0.8339581 -0.4640977 -0.2985274 -0.8339633 -0.4163653 -0.3620528 -0.8340011 -0.3615866 -0.4168601 -0.8339563 -0.2984606 -0.4641181 -0.8339759 -0.2292118 -0.5020409 -0.8339166 -0.155345 -0.529471 -0.8339834 -0.3636739 -0.1064356 -0.9254258 -0.3445465 -0.1573752 -0.9254841 -0.3188306 -0.2047272 -0.9254372 -0.286067 -0.2483208 -0.9254742 -0.2480927 -0.2862165 -0.9254892 -0.2047497 -0.3187923 -0.9254454 -0.1572738 -0.3445985 -0.9254819 -0.106668 -0.3634051 -0.9255047 -0.1836224 -0.05387061 -0.9815196 -0.1742 -0.07953327 -0.9814932 -0.1610478 -0.1034116 -0.9815139 -0.1443532 -0.1252178 -0.9815716 -0.125319 -0.1446259 -0.9815185 -0.1035954 -0.1610711 -0.9814908 -0.07952892 -0.1741417 -0.9815039 -0.05389773 -0.183618 -0.981519 0.003233015 9.41897e-4 -0.9999943 0.003079771 0.001385927 -0.9999943 0.002765715 0.001802802 -0.9999946 0.002552807 0.002223372 -0.9999943 0.002274036 0.002534449 -0.9999942 0.001784443 0.002855062 -0.9999944 0.00142312 0.003046512 -0.9999943 9.72132e-4 0.003222644 -0.9999944 0.1900215 0.05583655 -0.9801909 0.180106 0.08228456 -0.9801996 0.1665532 0.1070505 -0.9802042 0.1496598 0.1297227 -0.9801909 0.1296802 0.1496553 -0.9801971 0.1070184 0.1665336 -0.980211 0.08229738 0.1801452 -0.9801912 0.05582231 0.1899567 -0.9802042 0.3693802 0.108525 -0.9229197 0.350153 0.1599258 -0.9229392 0.3237561 0.2081376 -0.922963 0.2909471 0.2520996 -0.9229278 0.2519834 0.2908551 -0.9229885 0.2082078 0.3238262 -0.9229226 0.1598815 0.3502221 -0.9229206 0.1084731 0.3694602 -0.9228937 0.5347266 0.1570093 -0.8303106 0.5070038 0.2315174 -0.8302692 0.4687722 0.3011922 -0.8303831 0.4210952 0.3649834 -0.8303409 0.365056 0.4211434 -0.8302845 0.3013248 0.4688469 -0.8302927 0.2314622 0.5069576 -0.8303129 0.1569758 0.5347239 -0.8303186 0.6797006 0.1994503 -0.7058518 0.6444961 0.2942974 -0.705701 0.5958802 0.3829521 -0.7058857 0.5353252 0.4639201 -0.7058364 0.4639471 0.5354806 -0.7057009 0.3831279 0.5960779 -0.7056233 0.2942629 0.6443588 -0.7058408 0.1996185 0.6797902 -0.7057179 0.7983996 0.2344425 -0.5546122 0.7570709 0.3457689 -0.5543353 0.7000204 0.4498947 -0.5545865 0.6289784 0.5451339 -0.55427 0.5451558 0.6289321 -0.554301 0.4498421 0.7001042 -0.5545234 0.3457765 0.7570739 -0.5543264 0.2344484 0.798496 -0.554471 0.8867817 0.2607139 -0.3816366 0.8408741 0.3839932 -0.3814185 0.7776776 0.4995458 -0.3816698 0.6982526 0.6053918 -0.3820265 0.6053219 0.6985909 -0.3815183 0.4996915 0.7775782 -0.3816813 0.3840234 0.8407177 -0.3817328 0.2603889 0.8868961 -0.3815928 0.9411147 0.2765877 -0.1944282 0.8922013 0.4076441 -0.1944308 0.8255354 0.5301629 -0.1934388 0.7414697 0.6423522 -0.193924 0.6422656 0.7413256 -0.1947599 0.5303319 0.8253395 -0.1938117 0.4075449 0.8923726 -0.1938517 0.2764219 0.9412959 -0.1937858 0.9593976 0.2820576 -6.95482e-5 0.9095337 0.4156301 4.85423e-6 0.8413416 0.5405039 -4.67194e-5 0.7558395 0.654757 -1.44571e-5 0.6548126 0.7557914 -4.59998e-6 0.5405592 0.841306 5.65856e-5 0.4154982 0.9095941 1.0866e-5 0.2816861 0.9595066 -1.34381e-5 0.941043 0.2764281 0.1950017 0.8923567 0.4077023 0.1935939 0.8253542 0.5301977 0.1941157 0.7415158 0.642358 0.193728 0.6424338 0.7413119 0.1942563 0.5302744 0.8254073 0.19368 0.4075794 0.8923599 0.1938375 0.2764091 0.9412963 0.1938019 0.8867609 0.2606196 0.3817493 0.8407108 0.3839172 0.3818545 0.7775707 0.4996637 0.3817332 0.6986064 0.6054207 0.3813332 0.6052712 0.6986943 0.3814094 0.4997212 0.777485 0.3818321 0.3839662 0.8408514 0.3814957 0.2604758 0.8868725 0.3815882 0.7986115 0.234713 0.5541927 0.7569611 0.345754 0.5544945 0.7000361 0.4498319 0.5546178 0.6288297 0.5449638 0.554606 0.5450218 0.6288765 0.5544959 0.4499359 0.7001898 0.5543392 0.3457454 0.7570615 0.5543627 0.2344719 0.7984973 0.5544593 0.6797306 0.1994025 0.7058364 0.6443132 0.2942736 0.705878 0.5960491 0.3830648 0.7056819 0.5353098 0.4639767 0.705811 0.463879 0.5352823 0.7058961 0.3828971 0.595849 0.7059419 0.2942763 0.644308 0.7058815 0.1995436 0.6796489 0.7058751 0.5348401 0.1570248 0.8302346 0.5067758 0.231361 0.830452 0.4687587 0.3012173 0.8303816 0.4211298 0.3649923 0.8303195 0.3650237 0.4210744 0.8303338 0.3013091 0.4689288 0.8302521 0.2314681 0.5069348 0.8303251 0.157045 0.5348381 0.8302319 0.3693933 0.1084664 0.9229212 0.3502222 0.1600561 0.9228904 0.3240249 0.2081425 0.9228677 0.2908607 0.2522147 0.9229235 0.252295 0.2910146 0.9228531 0.2081692 0.3238566 0.9229207 0.1599082 0.3502965 0.9228878 0.1084607 0.3694353 0.9229052 0.1899777 0.05580765 0.980201 0.1801677 0.0823546 0.9801824 0.1666159 0.1070749 0.9801909 0.1496266 0.1296788 0.9802017 0.1296377 0.1497079 0.9801948 0.1070864 0.1665019 0.980209 0.08218711 0.1799891 0.9802292 0.05578678 0.1899296 0.9802115 0.003192961 9.35872e-4 0.9999945 0.00302577 0.001404285 0.9999945 0.002747237 0.001767933 0.9999947 0.002514958 0.00215137 0.9999945 0.002239465 0.002589464 0.9999942 0.001771092 0.002773344 0.9999946 0.001400291 0.003025472 0.9999945 9.6526e-4 0.003195524 0.9999945 -0.1836134 -0.05395591 0.9815167 -0.1741747 -0.07947701 0.9815023 -0.1609453 -0.1034091 0.9815311 -0.1446311 -0.1254643 0.9814991 -0.1253886 -0.1446199 0.9815105 -0.1034832 -0.1610443 0.981507 -0.07944732 -0.1740482 0.9815271 -0.05395567 -0.1835455 0.9815294 -0.3633244 -0.1066033 0.9255438 -0.344596 -0.1572218 0.9254918 -0.3186601 -0.2049394 0.925449 -0.2861706 -0.2481048 0.9255002 -0.2479565 -0.2862225 0.9255238 -0.2048885 -0.3185775 0.9254886 -0.1572038 -0.3447457 0.9254391 -0.1067981 -0.3635476 0.9254336 -0.5296788 -0.1548281 0.8339476 -0.5019869 -0.2292287 0.8339446 -0.4639474 -0.2987751 0.8339582 -0.4169855 -0.3615338 0.8339164 -0.361278 -0.4171143 0.8339627 -0.2983359 -0.4642058 0.8339716 -0.2290976 -0.5018876 0.8340403 -0.1554135 -0.5293646 0.8340383 -0.6755318 -0.1982878 0.7101681 -0.6401198 -0.2919324 0.7106491 -0.591395 -0.3815189 0.7104192 -0.5319056 -0.4615088 0.7099903 -0.4609411 -0.5320791 0.710229 -0.3804239 -0.5919396 0.7105528 -0.2916867 -0.64017 0.7107048 -0.197722 -0.6753019 0.7105445 0 -1 0 0 -1 -9.04814e-6 0 -1 -9.1932e-6 0 -1 1.54143e-5 0 -1 -1.01725e-5 0 -1 1.01149e-5 0 -1 -9.18307e-6 0 -1 -9.03375e-6 0 -1 9.0344e-6 0 -1 -2.05668e-5 0 -1 9.18172e-6 0 -1 -2.05541e-5 0 -1 -1.01709e-5 0 -1 -1.01264e-5 0 -1 9.19388e-6 0 -1 -2.05609e-5 -1 -1.809e-5 0 -1 -3.65532e-5 0 -1 3.67812e-5 0 -1 7.35627e-5 0 -1 -1.62764e-4 0 -1 7.31067e-5 0 -1 3.08472e-5 0 -1 -3.67814e-5 0 -1 8.13765e-5 0 -1 -3.65567e-5 0 -1 4.52288e-5 0 -1 -4.52294e-5 0 -1 3.65549e-5 0 -1 -1.6275e-4 0 -1 3.67824e-5 0 -1 -3.08464e-5 0 -1 -7.31062e-5 0 -1 -2.13497e-4 0 -1 -2.13521e-4 0 -1 -2.13483e-4 0 -1 -7.3559e-5 0 -1 8.09408e-5 0 -1 -3.67822e-5 0 -1 3.65513e-5 0 0 -1 -7.95267e-6 0 -1 1.4486e-5 0 -1 7.83601e-6 0 -1 -1.46096e-5 0 -1 -7.27421e-6 0 -1 1.5751e-5 0 -1 1.79392e-6 0 -1 -1.79392e-6 0 -1 -1.57513e-5 0 -1 7.27421e-6 0 -1 1.46088e-5 0 -1 -1.44865e-5 0 -1 1.59033e-5 0 -1 7.95165e-6 0 -1 -1.4481e-5 0 -1 3.93577e-6 0 -1 1.4573e-5 0 -1 -7.84289e-6 0 -1 7.83503e-6 0 -1 1.45985e-5 0 -1 -7.28481e-6 0 -1 7.28438e-6 0 -1 -1.45977e-5 0 -1 -1.56681e-5 0 -1 1.56868e-5 0 -1 -1.45739e-5 0 -1 1.44797e-5 0.1951412 -1.95216e-4 0.9807751 -6.04293e-5 -2.3051e-4 1 -0.1951884 -2.76606e-4 0.9807658 -0.3824768 -2.77388e-4 0.923965 -0.5553464 -2.62324e-4 0.8316192 -0.7073507 -3.67161e-4 0.7068627 -0.8314116 -4.09925e-4 0.555657 -0.9215362 -5.77103e-5 0.3882927 -0.9237309 4.19152e-5 0.3830423 -0.9558753 6.77856e-5 0.2937731 -0.9808567 2.35043e-4 0.1947309 -0.9803626 1.88101e-4 0.197203 -0.9950331 6.41266e-5 0.09954512 0.3827922 -1.53146e-4 0.9238346 0.5556693 -1.17741e-4 0.8314035 0.7069653 -1.66144e-4 0.7072483 0.8314382 -1.79289e-4 0.5556173 0.9238827 -7.56749e-5 0.3826758 0.9806864 1.40674e-5 0.1955869 1 2.47836e-5 0 0.9806864 4.8762e-6 -0.1955871 0.9238827 -7.56622e-5 -0.3826758 0.8314356 -1.87421e-4 -0.5556212 0.7069489 -1.79808e-4 -0.7072647 0.5556896 -1.18987e-4 -0.8313899 0.3828195 -1.43843e-4 -0.9238232 0.1950873 -1.89051e-4 -0.9807859 -5.95853e-5 -2.2912e-4 -1 -0.1951368 -2.72331e-4 -0.980776 -0.3825 -2.74448e-4 -0.9239555 -0.5553731 -2.6722e-4 -0.8316013 -0.7073337 -3.69998e-4 -0.7068798 -0.8314233 2.8423e-4 -0.5556395 -0.9237092 -3.75011e-5 -0.3830947 -0.9558739 7.77412e-5 -0.2937774 -0.9808567 2.43931e-4 -0.1947311 -0.9803629 1.92007e-4 -0.197202 -0.9950278 6.95687e-5 -0.0995981 -1 7.68658e-5 0 -1 0 1.86672e-6 0.974876 -0.007991552 -0.2226051 0.9748812 -0.007985889 -0.2225823 0.9999681 -0.007993102 1.39349e-5 0.9999682 -0.007978022 1.53973e-5 0.9748818 -0.007990777 0.2225799 0.9748874 -0.007985115 0.222555 0.9009003 -0.007988393 0.4339526 0.9008556 -0.007972836 0.4340456 0.7818283 -0.007980048 0.6234428 0.7819366 -0.00800389 0.6233066 0.6237077 -0.008002877 0.7816168 0.623674 -0.008003056 0.7816436 0.4339733 -0.007994353 0.9008903 0.4338568 -0.007980406 0.9009466 0.2224999 -0.007986426 0.9749 0.2225636 -0.007996797 0.9748854 0 -0.007998049 0.9999681 -3.62969e-7 -0.007998347 0.9999681 -0.2224931 -0.007996201 0.9749016 -0.222317 -0.008022487 0.9749414 -0.4335653 -0.008041739 0.9010863 -0.4337032 -0.008023858 0.9010201 -0.6233766 -0.008040666 0.7818804 -0.6237326 -0.007968962 0.7815973 -0.7818347 -0.007972538 0.6234349 -0.7818338 -0.007957935 0.6234362 -0.90089 -0.007970094 0.4339743 -0.9008637 -0.007968962 0.4340291 -0.9748753 -0.007968008 0.2226089 -0.9748832 -0.007962703 0.2225746 -0.9999684 -0.007965087 3.91666e-6 -0.9999684 -0.007959663 4.87637e-6 -0.9748732 -0.007968008 -0.2226184 -0.9748803 -0.007962703 -0.2225874 -0.9008982 -0.007969796 -0.4339572 -0.9008699 -0.007964074 -0.4340164 -0.7818255 -0.00796318 -0.6234467 -0.7818289 -0.007962703 -0.6234422 -0.6233651 -0.007973611 -0.7818904 -0.6237111 -0.008029341 -0.7816139 -0.4335597 -0.008022665 -0.9010891 -0.4337198 -0.008047044 -0.9010119 -0.2224605 -0.00802505 -0.9749088 -0.222291 -0.008003473 -0.9749475 3.76392e-6 -0.008002519 -0.9999681 3.03269e-6 -0.008001863 -0.999968 0.2224685 -0.008001685 -0.9749071 0.2225403 -0.007995128 -0.9748907 0.4339531 -0.007977664 -0.9009003 0.4338613 -0.008001327 -0.9009442 0.623682 -0.007990896 -0.7816374 0.6236409 -0.008017063 -0.7816699 0.7818397 -0.007999837 -0.6234283 0.7819536 -0.007990539 -0.6232855 0.9009068 -0.007974147 -0.4339394 0.9008604 -0.007991731 -0.4340356 -1 1.21561e-4 0 -1 -1.64168e-4 0 -1 8.20827e-5 0 -1 -4.10408e-5 0 -1 6.07844e-5 0 -1 -2.05213e-5 0 -1 3.03903e-5 0 -1 -7.59752e-5 0 -1 1.64166e-4 0 -1 7.59769e-6 0 -1 8.2083e-5 0 -1 -6.07787e-5 0 -1 4.10352e-5 0 -1 1.64153e-4 0 -1 -1.21564e-4 0 -1 8.20852e-5 0 -1 1.21563e-4 0 -1 2.05202e-5 0 -1 -8.20882e-5 0 -1 -3.03915e-5 0 -1 6.07798e-5 0 -1 -7.5977e-5 0 -1 8.20829e-5 0 -1 6.07846e-5 0 1 -3.039e-5 0 1 0 0 1 -1.64168e-4 0 1 3.33449e-5 0 1 6.07773e-5 0 1 -4.10422e-5 0 1 -6.07801e-5 0 1 6.83793e-5 0 1 -1.64175e-4 0 1 1.51949e-5 0 1 6.07831e-5 0 1 8.2081e-5 0 1 2.05212e-5 0 1 1.12867e-4 0 1 -1.2155e-4 0 1 4.10352e-5 0 1 6.07787e-5 0 1 -3.59113e-5 0 1 -6.07727e-5 0 1 4.10401e-5 0 1 8.20812e-5 0 1 -6.07814e-5 0 1 -3.03901e-5 0 1 -6.07807e-5 0 1 6.0785e-5 0 1 -8.20853e-5 0 1 -1.21566e-4 0 1 -3.07807e-5 0 0 0.8271521 0.5619782 0 0.8271492 0.5619825 0 0.9444134 0.3287602 0 0.9444099 0.3287706 0 0.9973217 0.07314062 0 0.9973197 0.07316815 0 0.9822582 -0.1875344 0 0.9822632 -0.1875076 0 0.9002489 -0.4353757 0 0.9002496 -0.4353743 0 0.7569245 -0.6535024 0 0.756915 -0.6535134 0 0.5620049 -0.827134 0 0.5620056 -0.8271335 0 0.3287889 -0.9444035 0 0.328795 -0.9444014 0 0.07313084 -0.9973224 0 0.07313358 -0.9973223 0 -0.1874868 -0.9822672 0 -0.1874869 -0.9822671 0 -0.4353216 -0.9002751 0 -0.4353216 -0.900275 0 -0.6534777 -0.7569458 0 -0.6534758 -0.7569475 0 -0.8271327 -0.5620067 0 -0.8271258 -0.562017 0 -0.9444174 -0.3287492 0 -0.9444186 -0.3287455 0 -0.9973238 -0.0731132 0 -0.9973252 -0.07309252 0 -0.9822707 0.1874679 0 -0.9822682 0.1874814 0 -0.9002829 0.4353052 0 -0.9002724 0.4353271 0 -0.7568957 0.6535357 0 -0.7568824 0.6535511 0 -0.5619974 0.8271391 0 -0.5619981 0.8271385 0 -0.3288049 0.944398 0 -0.3288029 0.9443986 0 -0.07310789 0.9973241 0 -0.07310211 0.9973245 0 0.187506 0.9822635 0 0.187506 0.9822635 0 0.4353005 0.9002853 0 0.4352937 0.9002887 0 0.6534979 0.7569283 0 0.6534863 0.7569383 0 -0.9973272 -0.07306545 0 -0.9973244 -0.07310396 0 -0.9444155 -0.3287544 0 -0.944409 -0.328773 0 -0.8271236 -0.5620203 0 -0.8271228 -0.5620213 0 -0.6535052 -0.7569222 0 -0.6535042 -0.7569229 0 -0.4353435 -0.9002646 0 -0.4353423 -0.9002651 0 -0.1874737 -0.9822697 0 -0.1874713 -0.9822701 0 0.07312971 -0.9973224 0 0.07313203 -0.9973223 0 0.3287732 -0.944409 0 0.3287662 -0.9444113 0 0.5619833 -0.8271486 0 0.5619877 -0.8271456 0 0.7569016 -0.6535289 0 0.7569209 -0.6535065 0 0.9002857 -0.4352996 0 0.9002853 -0.4353004 0 0.9822659 -0.1874933 0 0.9822682 -0.1874819 0 0.9973206 0.07315617 0 0.9973177 0.07319492 0 0.9444085 0.3287745 0 0.9444106 0.3287684 0 0.8271389 0.5619977 0 0.8271556 0.561973 0 0.653491 0.7569343 0 0.6535007 0.7569259 0 0.4353706 0.9002513 0 0.4353694 0.900252 0 0.1874936 0.9822658 0 0.1874924 0.9822661 0 -0.0731396 0.9973217 0 -0.07313704 0.9973219 0 -0.328764 0.9444121 0 -0.3287695 0.9444102 0 -0.5619655 0.8271607 0 -0.561984 0.8271481 0 -0.7569202 0.6535074 0 -0.7569189 0.653509 0 -0.9002956 0.4352792 0 -0.9002892 0.4352924 0 -0.9822673 0.187486 0 -0.9822711 0.1874663 0 -1 -8.20345e-5 0 -1 6.07487e-5 0 -1 -4.10576e-5 0 -1 -2.05086e-5 0 -1 -2.05389e-5 0 -1 -4.10038e-5 0 -1 3.03951e-5 0 -1 -1.51976e-5 0 -1 2.28102e-5 0 -1 -3.03767e-5 0 -1 -6.08532e-5 0 -1 4.09702e-5 0 -1 8.21693e-5 0 -1 4.10442e-5 0 -1 2.04851e-5 0 -1 -4.10644e-5 0 -1 8.21642e-5 0 -1 -6.08272e-5 0 -1 3.04044e-5 0 -1 8.20345e-5 0 1 -7.59786e-6 0 1 0 0 1 -4.49437e-6 0 1 -2.05288e-5 0 1 3.79616e-6 0 1 -4.10139e-5 0 1 7.60526e-6 0 1 7.60896e-6 0 1 1.02644e-5 0 1 -5.13052e-6 0 1 -1.02425e-5 0 1 -6.4121e-7 0 1 1.02745e-5 0 1 -1.51727e-5 0 1 3.79939e-6 0 1 -2.05036e-5 0 1 -1.52003e-5 0 1 -1.02535e-5 0 1 -5.13221e-6 0 1 -3.8441e-6 -0.5443072 0 -0.838886 -0.5443073 0 -0.8388859 -0.3087941 0 -0.951129 -0.3087939 0 -0.9511291 -0.05222344 0 -0.9986355 -0.05222314 0 -0.9986355 0.2080917 0 -0.9781093 0.2080922 0 -0.9781093 0.4542092 0 -0.8908951 0.4542098 0 -0.8908948 0.6691418 0 -0.7431349 0.6691422 0 -0.7431344 0.838806 0 -0.5444304 0.8388062 0 -0.5444301 0.9512331 0 -0.3084731 0.9512332 0 -0.3084729 0.998633 0 -0.05226939 0.998633 0 -0.05226922 0.9781962 0 0.2076829 0.9781962 0 0.2076832 0.8907753 0 0.4544442 0.8907752 0 0.4544442 0.7426192 0 0.6697139 0.7426194 0 0.6697137 0.5445799 0 0.8387091 0.5445802 0 0.8387089 0.3089261 0 0.9510861 0.3089257 0 0.9510862 0.05203521 0 0.9986453 0.05203419 0 0.9986453 -0.2081248 0 0.9781024 -0.2081249 0 0.9781023 -0.4538545 0 0.8910758 -0.4538545 0 0.8910759 -0.6692478 0 0.7430394 -0.669248 0 0.7430392 -0.8391138 0 0.5439562 -0.9512026 5.77752e-6 0.3085672 -0.9508631 -4.88209e-6 0.3096116 -0.9986237 0 0.05244803 -0.998642 0 0.05209875 -0.9779418 1.09142e-5 -0.2088776 -0.9781498 -1.08663e-5 -0.2079012 -0.8909751 0 -0.4540523 -0.890975 0 -0.4540523 -0.7430254 0 -0.6692632 -0.7430254 0 -0.6692634 0.05218696 0 0.9986374 0.05218881 0 0.9986373 0.3086076 0 0.9511895 0.3086096 0 0.9511888 0.5445398 0 0.838735 0.5445418 0 0.8387337 0.7433884 0 0.66886 0.7430519 0 0.6692338 0.8907405 0 0.4545124 0.8907415 0 0.4545102 0.9781978 0 0.2076755 0.9782745 9.01595e-6 0.2073137 0.9986464 0 -0.05201494 0.9986771 9.91057e-6 -0.0514208 0.9512832 0 -0.3083186 0.9511266 3.89468e-6 -0.3088015 0.8384538 0 -0.5449727 0.8384526 0 -0.5449745 0.6689544 0 -0.7433034 0.6689528 0 -0.743305 0.4541957 0 -0.890902 0.454193 0 -0.8909033 0.208147 0 -0.9780976 0.2081437 0 -0.9780983 -0.05213111 0 -0.9986402 -0.05213451 0 -0.9986401 -0.308588 0 -0.9511958 -0.3085909 0 -0.951195 -0.5441344 0 -0.838998 -0.5441361 0 -0.838997 -0.7431421 0 -0.6691337 -0.7431434 0 -0.6691323 -0.8910161 0 -0.4539718 -0.8910172 0 -0.4539696 -0.9780025 0 -0.2085936 -0.978003 0 -0.2085911 -0.9986454 0 0.05203187 -0.9985947 5.73322e-6 0.05299752 -0.9509906 0 0.30922 -0.9509898 0 0.3092224 -0.8388609 0 0.5443459 -0.8388596 0 0.544348 -0.6693948 0 0.7429069 -0.6693931 0 0.7429085 -0.4541435 0 0.8909286 -0.4541415 0 0.8909296 -0.2081625 0 0.9780943 -0.2081604 0 0.9780948 0 1 -3.79939e-6 0 1 -2.05347e-5 0 1 -2.05592e-5 0 1 -1.90085e-6 0 1 1.51957e-5 0 1 1.51911e-5 0 1 -4.1024e-5 0 1 5.12968e-6 0 1 1.92521e-6 0 1 5.12631e-6 0 1 1.51883e-5 0 1 2.04884e-5 0 1 3.80124e-6 0 1 -3.20868e-6 0 1 -1.54067e-5 0 -1 -1.21506e-4 0 -1 4.10273e-5 0 -1 -1.64278e-4 0 -1 6.08051e-5 0 -1 6.07681e-5 0 -1 -8.21423e-5 0 -1 6.07063e-5 0 -1 -8.20277e-5 0 -1 8.2021e-5 0 -1 3.03582e-5 0 -1 -8.20042e-5 0 -1 4.55595e-5 0 -1 -7.60248e-6 0 -1 6.07533e-5 0 -1 1.64339e-4 0 -1 -6.07367e-5 0 -1 4.10374e-5 0 -1 6.07792e-5 0 -1 -8.20479e-5 0 -1 6.07644e-5 0 -1 -6.07829e-5 0 -1 8.21457e-5 0 -1 -3.8017e-5 0 -1 -7.60156e-6 0.696896 0 0.7171722 0.6968964 0 0.7171718 0.8589531 0 0.5120544 0.8589534 0 0.512054 0.9621226 0 0.2726173 0.9621226 0 0.2726171 0.9998955 0 0.01446336 0.9998955 0 0.01446324 0.9696646 0 -0.2444393 0.9696646 0 -0.2444394 0.8733271 0 -0.4871344 0.8729863 -2.08484e-5 -0.4877448 0.7171625 0 -0.696906 0.7171624 0 -0.6969061 0.5124132 0 -0.858739 0.5124132 0 -0.8587391 0.2727019 0 -0.9620986 0.272702 0 -0.9620986 0.01461952 0 -0.9998931 0.01461952 0 -0.9998931 -0.2445855 0 -0.9696277 -0.2445862 0 -0.9696276 -0.4873523 0 -0.8732054 -0.4873533 0 -0.873205 -0.6969991 0 -0.717072 -0.6969995 0 -0.7170717 -0.8586179 0 -0.5126163 -0.858618 0 -0.5126162 -0.9621354 0 -0.2725718 -0.9621356 0 -0.2725718 -0.9999046 -5.09265e-6 -0.01381427 -0.9998926 0 -0.01466262 -0.9698448 -1.32159e-5 0.2437237 -0.9697229 0 0.244208 -0.8730021 0 0.4877166 -0.8730022 0 0.4877165 -0.7171548 0 0.6969139 -0.7171551 0 0.6969136 -0.512567 0 0.8586472 -0.5125669 0 0.8586474 -0.2726941 0 0.9621009 -0.2726938 0 0.962101 -0.0143975 0 0.9998964 -0.01439702 0 0.9998964 0.2448885 0 0.9695513 0.2448895 0 0.9695511 0.4874639 0 0.8731431 0.4874646 0 0.8731428 -0.9620665 0 -0.2728155 -0.9618526 -4.34132e-6 -0.2735686 -0.8582577 0 -0.5132191 -0.8582565 0 -0.513221 -0.6963869 0 -0.7176666 -0.6975738 0 -0.7165129 -0.4875448 0 -0.873098 -0.4875453 0 -0.8730977 -0.2441285 7.75272e-6 -0.969743 -0.2444817 0 -0.9696539 0.01446837 0 -0.9998953 0.01446807 0 -0.9998953 0.2728108 0 -0.9620678 0.2728099 0 -0.962068 0.512267 0 -0.8588262 0.5122689 0 -0.8588251 0.7172397 0 -0.6968265 0.7172412 0 -0.696825 0.8731806 0 -0.4873968 0.87318 0 -0.4873979 0.969522 0 -0.2450042 0.9695218 0 -0.2450054 0.999889 0 0.01490247 0.999889 0 0.01490491 0.9620453 0 0.2728901 0.9620446 0 0.2728924 0.8591002 0 0.5118076 0.8590989 0 0.5118098 0.6972478 5.01497e-6 0.7168303 0.6966861 0 0.7173762 0.4871605 0 0.8733125 0.4878431 0 0.8729313 0.2450295 0 0.9695157 0.2450296 0 0.9695157 -0.01457577 0 0.9998938 -0.01457542 0 0.9998939 -0.2727859 0 0.9620748 -0.2727854 0 0.962075 -0.5122881 0 0.8588137 -0.5122906 0 0.8588123 -0.7172356 0 0.6968308 -0.7172347 0 0.6968317 -0.8731742 0 0.4874083 -0.8731717 0 0.4874127 -0.9695213 0 0.2450073 -0.9695209 0 0.2450085 -0.9999032 0 -0.01392543 -0.999903 0 -0.01392787 1 2.15323e-5 0 1 -3.35569e-4 0 1 -3.35569e-4 0 1 -3.35569e-4 0 1 -1.26094e-4 0 1 5.82493e-5 0 1 -5.84124e-5 0 1 1.25419e-4 0 1 -5.82422e-5 0 1 3.97577e-5 0 1 -5.79149e-5 0 1 9.45646e-5 0 1 5.84126e-5 0 1 -6.26008e-5 0 1 -2.91234e-5 0 1 6.30461e-5 0 1 -2.89586e-5 0 1 1.27219e-4 0 1 2.87128e-5 0 1 -2.87118e-5 0 1 2.08372e-4 0 1 2.08338e-4 0 1 2.08336e-4 0 1 2.89583e-5 0 1 2.91209e-5 0 1 1.25201e-4 0 1 -5.8413e-5 0 1 -1.26085e-4 0 1 5.79155e-5 0 1 1.59027e-5 0 1 5.82416e-5 0 1 -6.27104e-5 0 1 5.84153e-5 0 1 -6.27108e-5 0 1 -5.82442e-5 0 1 6.30462e-5 0 0.008004903 0.2224939 -0.9749013 0.008004903 0.2224884 -0.9749026 0.008003413 4.06427e-6 -0.999968 0.008003413 1.75077e-6 -0.9999681 0.008004963 -0.2224983 -0.9749002 0.00800395 -0.2224969 -0.9749006 0.008003592 -0.4338716 -0.9009392 0.007998049 -0.4338298 -0.9009594 0.007998406 -0.6234551 -0.7818183 0.008002161 -0.6234666 -0.7818091 0.008003294 -0.7818189 -0.6234543 0.007999598 -0.781793 -0.6234868 0.007998824 -0.9009402 -0.4338696 0.007997691 -0.9009291 -0.4338927 0.007998466 -0.974891 -0.2225394 0.008003532 -0.9748951 -0.2225211 0.008003532 -0.999968 1.03972e-5 0.008003413 -0.999968 -9.33106e-6 0.008003115 -0.9748865 0.2225584 0.007998168 -0.9748983 0.2225075 0.007997214 -0.9009379 0.4338746 0.007998824 -0.9009396 0.4338709 0.007999718 -0.781795 0.6234843 0.008002221 -0.7817928 0.6234871 0.008000671 -0.6234596 0.7818147 0.007998228 -0.6234793 0.781799 0.007998347 -0.433892 0.9009295 0.008000671 -0.4338729 0.9009385 0.007999956 -0.2225148 0.9748965 0.008000075 -0.2225093 0.9748978 0.007999122 -2.16826e-6 0.999968 0.007999002 4.53195e-7 0.9999681 0.008000075 0.2225102 0.9748976 0.00800085 0.2225162 0.9748962 0.0080024 0.433891 0.9009299 0.007999539 0.4338763 0.900937 0.007999777 0.6234648 0.7818105 0.008000314 0.6234689 0.7818073 0.008001506 0.7818066 0.6234697 0.008001506 0.7817966 0.6234822 0.008001327 0.9009448 0.4338601 0.008000135 0.9009312 0.4338881 0.008000969 0.9749045 0.2224797 0.007995128 0.9748914 0.2225378 0.007993996 0.9999681 -2.41659e-6 0.007994294 0.9999681 1.43497e-5 0.007995724 0.9748988 -0.2225051 0.008001208 0.9748938 -0.2225268 0.008000552 0.9009381 -0.433874 0.008001446 0.9009402 -0.4338696 0.008001446 0.7818036 -0.6234737 0.008002519 0.781807 -0.6234692 0.008001625 0.6234461 -0.7818254 0.008000075 0.6234766 -0.7818011 0.007999181 0.4338719 -0.9009391 0.008005559 0.433838 -0.9009553 -2.63681e-6 -0.9556888 0.2943792 6.36862e-5 -0.9238772 0.3826892 -1.64099e-6 -0.9216728 0.3879683 3.44526e-4 -0.8314627 0.5555806 3.88268e-5 -0.8283235 0.5602502 3.20528e-4 -0.7070888 0.7071247 9.80236e-5 -0.7035214 0.7106741 2.99332e-4 -0.5555419 0.8314886 2.53674e-5 -0.5517457 0.8340125 2.80191e-4 -0.3826583 0.9238899 -2.6661e-5 -0.3788393 0.9254626 2.56988e-4 -0.1951131 0.9807808 1.59577e-5 -0.1914388 0.9815046 2.27507e-4 8.78867e-6 1 -3.38582e-6 0.003321588 0.9999946 2.04199e-4 0.1951268 0.980778 -1.22762e-5 0.19792 0.9802182 1.80614e-4 0.3826613 0.9238888 -5.15021e-6 0.3849634 0.9229319 1.41641e-4 0.5555752 0.8314663 -1.29379e-5 0.5573141 0.8303018 1.0837e-4 0.7071172 0.7070965 -7.06315e-6 0.7082608 0.7059509 8.98697e-5 0.831464 0.5555786 3.65116e-5 0.8321486 0.5545529 6.56962e-5 0.9238917 0.3826541 -9.90927e-6 0.9241991 0.3819112 4.17026e-5 0.9807893 0.1950703 -3.73758e-5 0.9808701 0.1946637 3.21286e-5 1 0 -1.86861e-5 1 7.18182e-6 -4.53442e-5 0.980866 -0.194684 4.18983e-5 0.9807893 -0.1950706 -2.78354e-5 0.9242037 -0.3819001 6.57026e-5 0.9238917 -0.3826542 2.07387e-5 0.8321454 -0.5545577 9.36574e-5 0.8314636 -0.5555793 3.70797e-5 0.7082456 -0.7059662 1.19814e-4 0.7071042 -0.7071095 -4.22448e-6 0.5573009 -0.8303106 1.44968e-4 0.5555967 -0.8314518 -3.89107e-6 0.3849797 -0.9229251 1.7033e-4 0.3826879 -0.9238777 -7.97538e-6 0.197911 -0.98022 1.97522e-4 0.1950713 -0.9807891 -1.81622e-5 0.003362715 -0.9999943 -5.66551e-4 -1.1753e-5 -1 3.55835e-5 -0.1914388 -0.9815046 2.51625e-4 -0.1950641 -0.9807904 -9.26945e-6 -0.3788775 -0.9254469 2.73744e-4 -0.3826829 -0.9238798 -6.22775e-5 -0.5517579 -0.8340044 2.99508e-4 -0.5555688 -0.8314706 1.07847e-4 -0.7035734 -0.7106227 3.19812e-4 -0.7070728 -0.7071408 2.32104e-5 -0.8286076 -0.5598298 3.43488e-4 -0.8314592 -0.5555859 9.75467e-6 -0.9216648 -0.3879871 5.45099e-4 -0.9237794 -0.382925 -1.22017e-5 -0.9556874 -0.2943836 6.28375e-5 -0.9807816 -0.1951091 1.49783e-5 -0.9802101 -0.1979603 -1.89718e-5 -0.995032 -0.09955579 2.00742e-5 -1 6.8334e-7 0 -1 1.93381e-6 -1.63148e-5 -0.9950273 0.09960228 6.21304e-5 -0.9807831 0.1951014 1.47742e-5 -0.98021 0.1979608 -0.2586275 2.43695e-4 0.9659771 -2.80202e-5 2.20868e-5 1 -8.22672e-5 -1.62303e-5 1 0.2554701 -0.04054987 0.9659663 0.2589615 2.9169e-5 0.9658877 0.4939571 -0.07809907 0.8659717 0.5000264 3.77629e-4 0.8660101 0.6982092 -0.1106768 0.7072868 0.7068866 4.14953e-4 0.7073268 0.8554849 -0.1355481 0.4997724 0.8660376 6.90952e-4 0.4999784 0.9540334 -0.1510384 0.2588585 0.9660167 -3.73371e-4 0.2584795 0.987652 -0.1566597 -0.001192033 0.9999998 -4.33415e-4 4.59352e-4 0.9542735 -0.1517558 -0.2575505 0.965975 1.62363e-4 -0.2586356 0.8552629 -0.135553 -0.5001509 0.8657452 7.96095e-4 -0.5004846 0.6983613 -0.1104821 -0.707167 0.7070983 3.08625e-4 -0.7071152 0.493749 -0.07803452 -0.8660963 0.499962 3.39251e-4 -0.8660473 0.2558147 -0.04051923 -0.9658764 0.2590023 -1.11826e-4 -0.9658768 -9.04896e-6 9.72417e-6 -1 -8.48492e-5 5.0277e-5 -1 -0.2556599 0.0406844 -0.9659104 -0.2585889 1.14216e-4 -0.9659875 -0.4938311 0.07802003 -0.8660507 -0.4999344 -2.54933e-4 -0.8660633 -0.698592 0.1105232 -0.7069327 -0.7074806 2.25537e-4 -0.7067328 -0.8556195 0.135752 -0.4994865 -0.8660213 0.00126487 -0.5000057 -0.9542841 0.1510307 -0.2579373 -0.9658378 0.00283581 -0.2591322 -0.9878667 0.1553046 -3.17727e-5 -0.9999966 0.002625346 1.51723e-4 -0.954311 0.1520459 0.2572405 -0.9658011 0.001987695 0.2592767 -0.8551469 0.1366409 0.5000531 -0.8662483 4.71219e-4 0.4996135 -0.6987331 0.1103757 0.7068163 -0.7073678 -1.31529e-4 0.7068457 -0.493924 0.078125 0.8659883 -0.4999051 -9.43169e-5 0.8660803 -0.255438 0.04063487 0.9659712 -1.52662e-5 -0.258786 0.9659348 -1.74776e-4 3.5204e-7 1 -1.81881e-5 1.30315e-5 1 -0.04045426 0.2556135 0.9659323 -2.49594e-6 0.2588313 0.9659227 -0.07807874 0.4938282 0.8660472 5.13829e-5 0.4999711 0.8660421 -0.110731 0.6983532 0.7071361 -2.14055e-5 0.7070941 0.7071194 -0.1355032 0.8553462 0.5000218 5.29066e-5 0.8660231 0.5000042 -0.1511535 0.9539949 0.2589331 -1.19627e-4 0.9659241 0.2588258 -0.1566302 0.9876573 -2.12355e-5 -2.24248e-4 1 -3.17965e-5 -0.1512172 0.9537665 -0.2597361 -3.99351e-5 0.965936 -0.2587813 -0.1354731 0.8553566 -0.5000121 6.53639e-5 0.8660579 -0.4999437 -0.1107077 0.6983403 -0.7071526 -5.78538e-6 0.7070675 -0.7071461 -0.07812482 0.4938145 -0.8660507 4.40478e-5 0.5000028 -0.8660239 -0.04042279 0.2556484 -0.9659245 4.64469e-5 0.2588234 -0.9659247 -1.63859e-4 -3.78559e-6 -1 -2.32018e-5 1.83013e-5 -1 0.04061883 -0.2556274 -0.9659217 -5.1273e-5 -0.2588022 -0.9659304 0.07826375 -0.4938721 -0.8660054 -1.43163e-5 -0.5000147 -0.8660171 0.1106295 -0.6984423 -0.707064 -1.09524e-6 -0.7071183 -0.7070954 0.135373 -0.8554024 -0.499961 2.43858e-5 -0.8660077 -0.5000307 0.1512028 -0.9544563 -0.2571978 -2.87369e-5 -0.9659346 -0.2587863 0.1564648 -0.9876835 -2.54909e-5 -4.03598e-5 -1 -1.87254e-7 0.1511184 -0.9542686 0.257943 2.91988e-5 -0.9659278 0.2588117 0.1353861 -0.8554021 0.4999579 1.92225e-6 -0.8660382 0.499978 0.1106988 -0.6984456 0.7070499 -2.6647e-5 -0.7071014 0.7071121 0.07827836 -0.4939301 0.8659709 -7.32504e-5 -0.5000078 0.8660209 0.04060727 -0.2556452 0.9659175 -0.9505484 0.3105762 -3.28874e-4 -0.9192497 0.29841 0.2567713 -0.8616927 0.4379921 0.2562197 -0.771802 0.3938428 0.4992089 -0.7012994 0.5087478 0.4993543 -0.5723099 0.4153494 0.7070689 -0.5002931 0.4995769 0.7071986 -0.3533978 0.3533205 0.866184 -0.2938703 0.4045078 0.8660333 -0.1520392 0.2094002 0.9659377 -0.1172242 0.2305859 0.9659652 -1.12698e-4 3.68181e-6 1 -2.12411e-5 1.8693e-5 1 0.08008968 -0.2462295 0.9658969 -0.8892745 0.457374 1.89644e-4 -0.7816681 0.5681363 0.2573248 -0.6126123 0.6123495 0.4997344 -0.4159014 0.5720061 0.7069901 -0.2271013 0.4454667 0.8660164 -0.08003538 0.2460255 0.9659533 -0.9192068 0.2989154 -0.2563367 -0.8611094 0.4394162 -0.2557418 -0.8103677 0.5859218 7.61695e-5 -0.7822508 0.5670849 -0.2578732 -0.7071556 0.707058 -2.53201e-4 -0.6826289 0.6835933 -0.2582986 -0.5867072 0.8097991 5.45803e-5 -0.5675684 0.7816879 -0.2585156 -0.453224 0.8913968 1.65243e-4 -0.4383293 0.8606572 -0.2591074 -0.308893 0.9510969 6.2925e-5 -0.2984841 0.9185949 -0.2590191 -0.6828852 0.6831402 0.258819 -0.509018 0.7005636 0.5001115 -0.3208378 0.6301283 0.7071079 -0.1546518 0.4755406 0.8659931 -0.5675584 0.7815168 0.259054 -0.3928434 0.7715763 0.5003442 -0.2183676 0.6723796 0.7072632 -0.4382516 0.8606812 0.2591595 -0.2677081 0.8235068 0.5001691 -0.2984709 0.9186373 0.2588832 -0.8240557 0.2678178 0.4992054 -0.6722669 0.2191767 0.7071201 -0.6298313 0.3212917 0.7071664 -0.4757346 0.1543547 0.8659395 -0.445258 0.2272715 0.8660791 -0.4044955 0.2936368 0.8661183 -0.2462346 0.07983422 0.9659167 -0.2305287 0.1174457 0.9659519 -0.2094091 0.1519851 0.9659444 -0.1830208 0.1829581 0.9659346 8.9006e-5 3.50686e-5 1 3.60059e-5 -5.00223e-5 1 1.13219e-4 5.37303e-6 1 -6.14673e-6 -1.02837e-5 1 -1.56248e-5 7.94791e-6 1 0.2461916 -0.08003902 0.9659107 0.2308533 -0.1174866 0.9658694 0.2094656 -0.1521566 0.965905 0.1828508 -0.1831258 0.9659351 0.1521205 -0.2094079 0.9659233 0.1176326 -0.2306829 0.9658923 0.4754044 -0.1545633 0.8660838 0.4453697 -0.2270919 0.8660688 0.4047935 -0.2938517 0.8659061 0.3533573 -0.353523 0.8661178 0.2937881 -0.4044806 0.8660739 0.2270904 -0.4455177 0.8659931 0.1544547 -0.475625 0.8659819 0.6727652 -0.2186224 0.7068178 0.6299713 -0.3211048 0.7071264 0.5721864 -0.415636 0.7070003 0.5003248 -0.4999624 0.7069036 0.4155986 -0.5721216 0.7070748 0.3211348 -0.6300323 0.7070586 0.2184259 -0.6725193 0.7071124 0.8234468 -0.2679421 0.5001424 0.7717431 -0.3932099 0.4997985 0.7006979 -0.5089872 0.4999546 0.6122943 -0.6123805 0.5000859 0.5090346 -0.7008494 0.4996939 0.3932867 -0.771658 0.4998695 0.2676225 -0.8236431 0.4999902 0.9184473 -0.2987986 0.2591798 0.8605539 -0.4384638 0.2592228 0.7813901 -0.5676521 0.2592313 0.683104 -0.6829116 0.2588446 0.5676031 -0.7814911 0.2590341 0.4384995 -0.8607868 0.258388 0.298693 -0.9186788 0.25848 0.9511314 -0.3087865 -1.69697e-4 0.890998 -0.4540073 -3.76148e-5 0.8090724 -0.587709 8.01997e-7 0.7071602 -0.7070534 7.44092e-5 0.5877969 -0.8090086 -7.36792e-5 0.4539737 -0.8910151 6.1123e-5 0.3088624 -0.9511068 8.99486e-5 0.9185912 -0.2983121 -0.2592297 0.8605364 -0.4385211 -0.2591842 0.7813879 -0.5677271 -0.2590733 0.6830474 -0.6829045 -0.2590131 0.5677333 -0.7816232 -0.2583491 0.438565 -0.8606417 -0.2587599 0.298523 -0.9188273 -0.2581482 0.8237742 -0.2681583 -0.4994869 0.7716723 -0.3931116 -0.4999851 0.7007291 -0.5089357 -0.4999634 0.6124181 -0.6125642 -0.4997093 0.5089761 -0.7006816 -0.4999887 0.3932185 -0.7716524 -0.4999321 0.2676866 -0.8235966 -0.5000328 0.6724932 -0.2187667 -0.7070319 0.6302607 -0.3211988 -0.7068259 0.5721388 -0.4154626 -0.7071408 0.5000992 -0.4999383 -0.7070803 0.4157239 -0.5721552 -0.7069739 0.3211212 -0.630254 -0.7068672 0.2185698 -0.672559 -0.7070302 0.4756087 -0.1546523 -0.8659557 0.4455052 -0.2270565 -0.8660084 0.404612 -0.2940006 -0.8659405 0.3535092 -0.3534268 -0.8660953 0.2937898 -0.4044467 -0.8660893 0.2270267 -0.4455212 -0.8660079 0.1544386 -0.4756166 -0.8659893 0.2460931 -0.0799421 -0.9659438 0.2306862 -0.1174823 -0.9659098 0.2095037 -0.15224 -0.9658837 0.1829226 -0.1830983 -0.9659267 0.1520632 -0.2093671 -0.9659411 0.1176483 -0.2306298 -0.9659031 0.08002734 -0.2461516 -0.9659219 4.91487e-5 -4.98608e-5 -1 2.8701e-5 1.64639e-5 -1 3.16431e-5 -1.75787e-6 -1 -2.11033e-5 1.80737e-5 -1 -8.45175e-7 -4.59468e-6 -1 -5.95311e-5 1.07964e-5 -1 -2.43878e-5 1.10236e-5 -1 -0.2462053 0.07994264 -0.9659153 -0.2305501 0.1174044 -0.9659518 -0.2094614 0.1520426 -0.965924 -0.1829431 0.1828727 -0.9659656 -0.1519846 0.2094443 -0.9659367 -0.1173738 0.2305616 -0.9659528 -0.08005905 0.2461609 -0.9659169 -0.4755412 0.1549036 -0.8659477 -0.4453387 0.2266594 -0.866198 -0.40442 0.2937072 -0.8661296 -0.3537291 0.3532732 -0.8660681 -0.2937683 0.404726 -0.865966 -0.2271297 0.4455441 -0.8659693 -0.1545634 0.4754569 -0.8660549 -0.6725199 0.2187485 -0.7070121 -0.6300188 0.3217038 -0.7068119 -0.5721641 0.4154093 -0.7071517 -0.5003338 0.4992178 -0.7074234 -0.415729 0.5718481 -0.7072194 -0.320697 0.6302639 -0.7070508 -0.2185861 0.6724474 -0.7071313 -0.8239104 0.2685022 -0.4990774 -0.7722341 0.3926831 -0.4994544 -0.700681 0.5095929 -0.4993607 -0.6125655 0.6123338 -0.4998108 -0.5093346 0.7003507 -0.5000873 -0.3928807 0.771693 -0.5001347 -0.2676457 0.8236035 -0.500043 0.9127606 -0.1258015 -0.3886414 0.8282849 0.002044677 -0.5603036 0.8206229 -0.1144496 -0.5598924 0.7034929 0.001091897 -0.7107015 0.6966209 -0.09983909 -0.7104587 0.5519179 -4.68219e-4 -0.8338984 0.546374 -0.07937479 -0.8337717 0.379 -2.51332e-4 -0.9253967 0.3748896 -0.05367463 -0.9255144 0.1915193 9.81861e-5 -0.9814889 0.1895284 -0.02698594 -0.9815043 -0.00348401 6.0281e-5 -0.9999939 -0.003370344 4.78419e-4 -0.9999942 -0.1979878 2.79052e-5 -0.9802045 -0.1960585 0.0282095 -0.9801864 -0.3850979 -2.07871e-5 -0.9228758 -0.3810564 0.05471622 -0.9229314 -0.5570577 -1.29296e-4 -0.8304738 -0.5514676 0.07911354 -0.8304364 -0.7082262 -5.46072e-5 -0.7059857 -0.7012267 0.1008099 -0.7057752 -0.8323845 -1.65725e-4 -0.5541987 -0.8238617 0.1182222 -0.5543242 -0.924176 -6.73588e-5 -0.3819671 -0.9148694 0.1313471 -0.3817877 -0.980899 2.719e-5 -0.194518 -0.9710144 0.1391538 -0.1943375 -1 -3.03155e-4 -1.32006e-4 -0.989864 0.1420184 4.68483e-5 -0.9808845 -9.44417e-5 0.1945909 -0.9710018 0.1393823 0.1942375 -0.9241278 -1.39037e-5 0.3820835 -0.9149401 0.1312509 0.3816513 -0.8323891 -1.33971e-4 0.5541917 -0.8242151 0.1181548 0.5538132 -0.70834 -1.32266e-4 0.7058715 -0.7009469 0.1007556 0.7060608 -0.5570044 -1.00742e-4 0.8305097 -0.5515292 0.07916599 0.8303906 -0.3850526 -2.22032e-5 0.9228947 -0.3811041 0.05468815 0.9229134 -0.1980077 -4.93992e-5 0.9802005 -0.1960082 0.02814614 0.9801983 -0.00347191 2.79488e-5 0.999994 -0.003506302 5.44995e-4 0.9999938 0.1914986 3.46955e-5 0.9814929 0.1894817 -0.02706223 0.9815113 0.3789905 7.70353e-5 0.9254006 0.3750469 -0.05387061 0.9254393 0.551868 -3.94456e-4 0.8339314 0.5459989 -0.0791167 0.8340418 0.7035403 -2.94339e-4 0.7106553 0.6978992 -0.09903091 0.7093163 0.8283664 0.00264883 0.5601806 0.8217313 -0.1131138 0.5585367 0.9217065 0.001324415 0.3878858 0.1309849 -0.9121754 0.3883028 0.117739 -0.8199021 0.5602661 0.1002014 -0.6962703 0.7107513 0.07851856 -0.5461915 0.8339722 0.05394566 -0.3748482 0.9255154 0.02723824 -0.1893651 0.9815289 -4.76565e-4 0.003310322 0.9999945 -0.02811962 0.19588 0.9802246 -0.05479353 0.3811394 0.9228925 -0.07927358 0.551723 0.8302515 -0.1007506 0.7010729 0.7059363 -0.1184742 0.823785 0.5543847 -0.1315407 0.9151027 0.3811616 -0.1395397 0.9710624 0.1938207 -0.1422877 0.9898254 -2.06971e-5 -0.1395411 0.9710668 -0.1937977 -0.1314628 0.9149072 -0.3816574 -0.1184846 0.8240267 -0.5540231 -0.1007907 0.7012012 -0.7058032 -0.07924848 0.5516062 -0.8303315 -0.05482792 0.3812025 -0.9228643 -0.02813631 0.1960092 -0.9801983 -4.85157e-4 0.00344181 -0.999994 0.02719902 -0.1893159 -0.9815396 0.05392062 -0.3749942 -0.9254577 0.07855981 -0.5461274 -0.8340103 0.1003121 -0.6965723 -0.7104397 0.1177285 -0.8202056 -0.5598239 0.9127534 -0.1245371 0.3890652 0.7953755 -0.2316895 0.5600873 0.7885444 -0.2531361 0.5604641 0.8771173 -0.282403 0.3884765 0.7447199 -0.3629468 0.5600553 0.7588045 -0.332946 0.5597881 0.8450665 -0.368309 0.3875709 0.7054458 -0.4347023 0.5598037 0.6956168 -0.449901 0.560095 0.7740471 -0.4996435 0.388854 0.625241 -0.5438905 0.5596936 0.6960636 -0.6037175 0.3886138 0.5427232 -0.6268244 0.5590553 0.5993013 -0.6999069 0.3885465 0.4477297 -0.6978096 0.5591065 0.5002431 -0.7738263 0.3885226 0.3447667 -0.7535815 0.5596884 0.3826632 -0.8385281 0.3878656 0.2332825 -0.7949942 0.5599676 0.2589961 -0.8842154 0.3886955 0.1307395 -0.9122457 -0.3882204 0.2329635 -0.7951745 -0.5598441 0.2598031 -0.8843269 -0.3879027 0.3446584 -0.7536028 -0.5597264 0.3853449 -0.8369128 -0.3886986 0.4491646 -0.6970303 -0.5589276 0.4944053 -0.7775365 -0.3885879 0.5409433 -0.6277667 -0.5597227 0.6029469 -0.6969366 -0.3882452 0.6250728 -0.5438264 -0.5599436 0.6953377 -0.6044625 -0.3887554 0.6970607 -0.4477105 -0.5600553 0.7052487 -0.4341672 -0.560467 0.7842384 -0.4834834 -0.3888624 0.7600224 -0.3293862 -0.5602419 0.7449715 -0.3642571 -0.5588687 0.828728 -0.4042613 -0.3870181 0.7888983 -0.2545598 -0.55932 0.7954258 -0.2311728 -0.5602294 0.885455 -0.2536579 -0.3893932 0.675985 -0.1990933 0.7095113 0.6412914 -0.2928688 0.7092061 0.6325406 -0.3080506 0.7106317 0.5962322 -0.3774852 0.7085282 0.5304943 -0.4622514 0.7105629 0.4617311 -0.5321338 0.7096747 0.3809241 -0.5924222 0.7098823 0.2919224 -0.6402401 0.7105449 0.1979231 -0.6751277 0.710654 0.5297642 -0.1554624 0.8337754 0.5019476 -0.2299807 0.8337611 0.4650218 -0.297982 0.8336436 0.4170333 -0.361653 0.8338407 0.3609538 -0.4171583 0.8340812 0.2990236 -0.4640161 0.8338309 0.2292833 -0.5019335 0.8339616 0.1552692 -0.5295518 0.8339462 0.3634246 -0.1067709 0.9254851 0.3445937 -0.1574231 0.9254584 0.3182779 -0.2052966 0.9255013 0.286454 -0.2481489 0.9254006 0.2482682 -0.2863042 0.925415 0.2047621 -0.3186622 0.9254875 0.1575279 -0.3446291 0.9254274 0.1067515 -0.3634505 0.9254772 0.1835693 -0.05386596 0.9815298 0.1739771 -0.07942801 0.9815412 0.1608641 -0.1036292 0.9815212 0.1446139 -0.1254281 0.9815064 0.1254104 -0.1445775 0.9815139 0.1035034 -0.1609774 0.9815158 0.07946258 -0.1740939 0.9815177 0.05392342 -0.1835995 0.9815211 -0.003212749 9.48306e-4 0.9999945 -0.003018915 0.001358509 0.9999946 -0.002851128 0.001852989 0.9999942 -0.002530276 0.002141475 0.9999946 -0.002241373 0.002505362 0.9999943 -0.001747846 0.002811729 0.9999945 -0.001407027 0.003023445 0.9999945 -9.66315e-4 0.003178417 0.9999946 -0.1899849 0.05583828 0.9801979 -0.1801697 0.08232802 0.9801842 -0.1664919 0.1070099 0.9802191 -0.1497085 0.1297191 0.9801839 -0.1295478 0.1496432 0.9802165 -0.1070576 0.1665094 0.9802109 -0.08225619 0.1800357 0.9802148 -0.05573934 0.189908 0.9802184 -0.3694137 0.1085257 0.9229062 -0.3502507 0.1600887 0.9228738 -0.3239534 0.2081638 0.9228879 -0.2910823 0.2521387 0.9228744 -0.2521629 0.2909868 0.922898 -0.2079533 0.3238108 0.9229854 -0.1600912 0.3503184 0.9228477 -0.1085597 0.3694298 0.9228957 -0.5345994 0.1569546 0.8304027 -0.5067135 0.2316035 0.8304224 -0.4687262 0.3012274 0.8303962 -0.4211562 0.3649788 0.830312 -0.3650929 0.4212484 0.8302151 -0.301292 0.4687705 0.8303478 -0.2314724 0.5068716 0.8303625 -0.1570022 0.534731 0.830309 -0.6794736 0.1996699 0.7060083 -0.6445197 0.2942995 0.7056785 -0.595682 0.3829421 0.7060584 -0.5353639 0.4639207 0.7058067 -0.4639424 0.5354353 0.7057384 -0.3831027 0.5958408 0.7058373 -0.2942845 0.6443925 0.705801 -0.1995476 0.6795612 0.7059585 -0.7984488 0.2346172 0.5544677 -0.7571068 0.3457891 0.5542737 -0.7002544 0.4500555 0.5541606 -0.6287421 0.5451946 0.5544784 -0.5451219 0.6290279 0.5542258 -0.4500966 0.7001422 0.554269 -0.3457429 0.7569926 0.5544586 -0.2345024 0.7986593 0.554213 -0.8867695 0.2604146 0.3818695 -0.8409265 0.3839736 0.3813228 -0.7778171 0.499655 0.381242 -0.6983401 0.6056818 0.3814061 -0.6052464 0.6984754 0.3818495 -0.4998077 0.7775745 0.381537 -0.3840782 0.840867 0.3813488 -0.2603924 0.8868942 0.3815947 -0.9412204 0.2762554 0.1943892 -0.8920411 0.407722 0.1950011 -0.8255321 0.5301722 0.1934271 -0.7411982 0.642444 0.1946559 -0.6421661 0.7413929 0.1948311 -0.5304906 0.8251268 0.1942824 -0.4075151 0.8923128 0.1941898 -0.2764507 0.941293 0.1937591 -0.9595143 0.2816599 -3.32169e-5 -0.9095626 0.4155672 -1.06832e-5 -0.8411788 0.5407573 1.71259e-4 -0.75573 0.6548834 -1.18756e-4 -0.6548349 0.7557719 -1.007e-5 -0.5406309 0.84126 7.46632e-5 -0.415434 0.9096235 6.27513e-6 -0.2816827 0.9595077 1.66389e-5 -0.9411188 0.2764784 -0.1945642 -0.8922311 0.4074846 -0.1946278 -0.8252057 0.5302848 -0.1945089 -0.7412807 0.6426268 -0.1937362 -0.6423341 0.7413224 -0.1945461 -0.530492 0.8252193 -0.1938856 -0.4075961 0.8923498 -0.193849 -0.2764208 0.9412995 -0.19377 -0.8867868 0.2603113 -0.3818994 -0.8406956 0.3838815 -0.381924 -0.7775425 0.4996503 -0.3818081 -0.6984949 0.6055364 -0.3813537 -0.6051588 0.6985686 -0.3818178 -0.4998301 0.7774602 -0.3817401 -0.3839888 0.8408576 -0.3814594 -0.2604822 0.8869047 -0.3815094 -0.7987865 0.2346419 -0.5539707 -0.7571086 0.3458439 -0.554237 -0.7002089 0.4499582 -0.554297 -0.6288492 0.5452762 -0.5542767 -0.5449851 0.6289144 -0.554489 -0.45012 0.7001541 -0.554235 -0.3457313 0.7570202 -0.5544278 -0.2344706 0.7985219 -0.5544244 -0.6797132 0.1996613 -0.70578 -0.6442099 0.2943359 -0.7059462 -0.5960567 0.3829262 -0.7057507 -0.5352972 0.4640647 -0.7057627 -0.4640256 0.5354411 -0.7056792 -0.3830175 0.5958606 -0.7058666 -0.294274 0.6443055 -0.7058848 -0.1995485 0.679609 -0.7059122 -0.5345673 0.1570716 -0.8304014 -0.5068517 0.2316052 -0.8303375 -0.4688039 0.3012732 -0.8303359 -0.4211632 0.3649063 -0.8303405 -0.3648498 0.4212018 -0.8303456 -0.3013595 0.4686269 -0.8304043 -0.2315269 0.5069974 -0.8302705 -0.1569989 0.5348055 -0.8302617 -0.3693719 0.1084622 -0.9229304 -0.350143 0.1600272 -0.9229254 -0.3238871 0.2081459 -0.9229153 -0.2910091 0.2520685 -0.9229167 -0.2521088 0.2910066 -0.9229065 -0.2081036 0.3239415 -0.9229056 -0.1600411 0.350192 -0.9229044 -0.1085341 0.3694137 -0.9229052 -0.1898961 0.05577683 -0.9802185 -0.1800947 0.08231002 -0.9801995 -0.1664982 0.1069865 -0.9802206 -0.1497116 0.1297477 -0.9801796 -0.1296026 0.1496192 -0.9802129 -0.1070597 0.1665908 -0.9801968 -0.08232498 0.1801697 -0.9801845 -0.05576246 0.1899018 -0.9802184 -0.003248333 9.48125e-4 -0.9999943 -0.003036916 0.001405656 -0.9999945 -0.002789378 0.001751244 -0.9999946 -0.002529621 0.00219655 -0.9999945 -0.002206563 0.00256133 -0.9999943 -0.001805007 0.002819597 -0.9999945 -0.001400172 0.003012955 -0.9999945 -9.72914e-4 0.003212392 -0.9999945 0.1836603 -0.05397564 -0.9815068 0.1740315 -0.07956349 -0.9815207 0.160865 -0.1035304 -0.9815315 0.1445775 -0.1254243 -0.9815122 0.125393 -0.1444548 -0.9815343 0.1034025 -0.1609496 -0.981531 0.07950562 -0.1740761 -0.9815174 0.05392807 -0.183615 -0.9815179 0.3635275 -0.1063445 -0.9254937 0.3443793 -0.1578634 -0.9254631 0.3185931 -0.2049903 -0.9254607 0.2862554 -0.2482951 -0.9254229 0.2481438 -0.286283 -0.925455 0.2049972 -0.3186783 -0.9254298 0.1573601 -0.3446304 -0.9254555 0.1068365 -0.3635316 -0.9254355 0.5294762 -0.1557859 -0.8338979 0.5024871 -0.2284359 -0.8338608 0.4640268 -0.2991076 -0.8337948 0.4169671 -0.3614869 -0.8339459 0.3618641 -0.416903 -0.8338144 0.2983981 -0.4643039 -0.8338947 0.2291545 -0.5020112 -0.8339502 0.1554883 -0.5294117 -0.8339945 0.6750918 -0.2000524 -0.7100916 0.6413957 -0.2920318 -0.7094569 0.5925889 -0.3811516 -0.709621 0.5309662 -0.462011 -0.7103666 0.4611445 -0.5323947 -0.7098603 0.3815395 -0.5916693 -0.7101797 0.2917576 -0.6403698 -0.7104957 0.1977009 -0.6750661 -0.7107743 0.6699218 -0.2177911 -0.7097689 0.751591 -0.3476278 -0.5605944 0.6461333 -0.2788786 -0.7104496 0 -1 9.04748e-6 0 -1 -9.13943e-6 0 -1 2.03244e-5 0 -1 -1.83999e-5 0 -1 -1.54169e-5 0 -1 1.01841e-5 0 -1 1.83608e-5 0 -1 -1.0128e-5 0 -1 -9.19659e-6 0 -1 2.03451e-5 0 -1 6.7861e-6 0 -1 -6.78659e-6 0 -1 2.0566e-5 0 -1 9.19794e-6 0 -1 -1.83581e-5 0 -1 2.05558e-5 0 -1 -5.14488e-6 0 -1 -1.0156e-5 0 -1 1.84013e-5 0 -1 9.13809e-6 0 -1 2.05643e-5 1 -6.33203e-5 0 1 3.65567e-5 0 1 -3.67814e-5 0 1 7.37131e-5 0 1 3.35569e-4 0 1 3.35569e-4 0 1 3.35569e-4 0 1 7.19759e-5 0 1 7.31067e-5 0 1 -8.13822e-5 0 1 -7.35627e-5 0 1 -3.67812e-5 0 1 8.1377e-5 0 1 3.65532e-5 0 1 -8.22572e-5 0 1 1.809e-5 0 1 -1.80902e-5 0 1 -3.65513e-5 0 1 -1.62751e-4 0 1 3.67822e-5 0 1 7.3559e-5 0 1 -1.72787e-4 0 1 -1.72838e-4 0 1 -1.72807e-4 0 1 -7.31062e-5 0 1 -8.22571e-5 0 1 -3.66417e-4 0 1 -3.6641e-4 0 1 -3.66419e-4 0 1 -4.0688e-5 0 1 -3.35569e-4 0 1 -3.35569e-4 0 1 -3.35569e-4 0 1 -7.37154e-5 0 1 8.0947e-5 0 1 3.67824e-5 0 1 -3.65549e-5 0 1 8.22654e-5 0 0 -1 5.96146e-6 0 -1 7.88544e-6 0 -1 1.45632e-5 0 -1 -7.83601e-6 0 -1 1.46002e-5 0 -1 -7.8213e-6 0 -1 -7.28523e-6 0 -1 7.28481e-6 0 -1 1.56426e-5 0 -1 -1.45994e-5 0 -1 -1.45637e-5 0 -1 -1.57709e-5 0 -1 -9.93957e-6 0 -1 -3.93775e-6 0 -1 -1.45705e-5 0 -1 7.84979e-6 0 -1 -1.45985e-5 0 -1 7.8213e-6 0 -1 -1.56779e-5 0 -1 1.45696e-5 0 -1 -3.62151e-6 0 -1 3.59319e-6 0 -1 -3.59319e-6 0 -1 3.62151e-6 0 -1 -1.45696e-5 0 -1 1.56759e-5 0 -1 -1.56426e-5 0 -1 -1.56986e-5 0 -1 1.45705e-5 0 -1 1.59053e-5 -0.1951401 -1.89541e-4 -0.9807754 3.79473e-5 -2.33626e-4 -1 0.1949759 -2.59351e-4 -0.980808 0.3826521 -2.57219e-4 -0.9238925 0.5555889 -2.59361e-4 -0.8314571 0.70698 -2.74777e-4 -0.7072335 0.8314923 -3.39857e-4 -0.5555363 0.9216761 2.61562e-5 -0.3879605 0.9240064 -2.6467e-4 -0.382377 0.9557237 -1.00308e-4 -0.2942658 0.9808488 -1.84295e-5 -0.1947709 0.9803258 -2.20206e-4 -0.197386 0.9950881 -8.58162e-5 -0.09899371 -0.3828645 -1.55612e-4 -0.9238046 -0.5555924 -1.26836e-4 -0.8314549 -0.7069799 -1.7057e-4 -0.7072337 -0.83182 1.17686e-4 -0.5550457 -0.92387 -6.86301e-6 -0.3827066 -0.9808235 1.27387e-5 -0.1948987 -1 2.47839e-5 0 -0.9808235 2.13974e-5 0.1948985 -0.92387 -6.70095e-6 0.3827065 -0.8314587 -1.10414e-4 0.5555866 -0.7069962 -1.62087e-4 0.7072174 -0.555572 -1.25435e-4 0.8314685 -0.3828372 -1.713e-4 0.9238158 -0.195194 -1.97983e-4 0.9807646 3.88388e-5 -2.35106e-4 1 0.1950274 -2.64626e-4 0.9807978 0.3826284 -2.61989e-4 0.9239023 0.555562 -2.53613e-4 0.8314751 0.7069973 -2.70621e-4 0.7072162 0.8314967 -3.43766e-4 0.5555297 0.9240255 -1.33055e-4 0.3823308 0.955725 -8.9973e-5 0.2942618 0.9808465 -2.59512e-4 0.1947824 0.9803352 -2.09579e-4 0.1973392 0.9950885 -8.6384e-5 0.09898954 1 -3.65849e-5 0 1 0 1.83902e-6 -0.9750548 -0.007983565 0.2218211 -0.9748544 -0.007767438 0.2227079 -0.999968 -0.00801146 1.91777e-6 -0.9999678 -0.008028924 2.81788e-6 -0.9750572 -0.008007705 -0.2218092 -0.9750193 -0.008001506 -0.2219758 -0.9013134 -0.007986783 -0.4330943 -0.9011942 -0.007961392 -0.4333427 -0.7815548 -0.007955193 -0.623786 -0.7815731 -0.00797367 -0.6237628 -0.6231697 -0.007973611 -0.7820461 -0.6231957 -0.007982254 -0.7820252 -0.4339002 -0.007989704 -0.9009256 -0.4338961 -0.007981896 -0.9009277 -0.2225256 -0.007996678 -0.9748941 -0.2226088 -0.008004426 -0.974875 2.63855e-5 -0.008002102 -0.9999681 2.80343e-5 -0.008002996 -0.999968 0.2224685 -0.008003175 -0.9749071 0.2223575 -0.008017957 -0.9749323 0.433521 -0.008027315 -0.9011077 0.4340149 -0.007958829 -0.9008705 0.6238663 -0.007939636 -0.7814909 0.6235918 -0.007975876 -0.7817095 0.782258 -0.007995247 -0.6229035 0.7814987 -0.008145153 -0.6238537 0.9006142 -0.008171021 -0.4345427 0.9008282 -0.008113026 -0.4340999 0.9749023 -0.008105576 -0.2224856 0.9750688 -0.007972836 -0.2217601 0.999967 -0.008127987 -6.96564e-5 0.9999669 -0.008134543 -6.6875e-5 0.9748719 -0.008105397 0.2226187 0.9747189 -0.007940888 0.2232937 0.9008719 -0.008012652 0.4340112 0.9008691 -0.008175492 0.4340139 0.781858 -0.008085727 0.6234042 0.7815232 -0.007980942 0.6238253 0.6231238 -0.007836997 0.7820841 0.6234977 -0.007928431 0.781785 0.4336202 -0.007960915 0.9010606 0.4340878 -0.008017539 0.9008349 0.2224839 -0.008014738 0.9749034 0.2223652 -0.007994472 0.9749307 2.24784e-5 -0.007996439 0.9999681 2.44574e-5 -0.007999479 0.9999681 -0.2225354 -0.008001625 0.9748919 -0.2226132 -0.007992327 0.9748741 -0.4339581 -0.007987678 0.9008976 -0.4339326 -0.007986962 0.90091 -0.6231523 -0.007982432 0.7820598 -0.6231891 -0.00797224 0.7820306 -0.7815635 -0.007964491 0.6237749 -0.7815776 -0.007959544 0.6237574 -0.9010547 -0.00795567 0.4336328 -0.9011967 -0.007993698 0.4333366 0 -1 3.25358e-5 0 -1 -4.3385e-5 0 -1 2.25056e-5 0 0 1 0 0 -1 1 3.72178e-6 0 1 -9.30587e-6 0 1 1.76776e-5 0 1 -2.97748e-5 0 1 3.6143e-6 0 1 2.9774e-5 0 1 -1.44572e-5 0 1 1.48876e-5 0 1 -7.22884e-6 0 1 -1.48882e-5 0 1 7.44418e-6 0 1 1.48868e-5 0 1 -1.80725e-5 0 1 2.97749e-5 0 1 -3.6142e-6 0 1 2.97767e-5 0 1 -9.48798e-6 0 1 2.97727e-5 0 1 -8.13222e-6 0 1 2.97793e-5 0 1 -2.97745e-5 0 1 7.22864e-6 0 1 1.08426e-5 0 1 -2.97755e-5 0 1 7.22904e-6 0 1 -7.22865e-6 0 1 7.22886e-6 0 1 -1.48873e-5 0 1 1.44575e-5 0 1 -2.97777e-5 0 1 3.61433e-6 0 1 -2.97751e-5 0 1 1.08435e-5 0 1 -6.77659e-6 0 -1 2.23345e-5 0 -1 -3.72178e-5 0 -1 2.34922e-5 0 -1 -2.16871e-5 0 -1 -1.44577e-5 0 -1 1.44573e-5 0 -1 -7.44385e-6 0 -1 1.44572e-5 0 -1 -2.97757e-5 0 -1 -1.44581e-5 0 -1 5.9551e-5 0 -1 -2.89136e-5 0 -1 5.95482e-5 0 -1 -2.16861e-5 0 -1 2.53002e-5 0 -1 -1.19091e-4 0 -1 2.34941e-5 0 -1 1.19107e-4 0 -1 -1.44568e-5 0 -1 -1.19099e-4 0 -1 4.33739e-5 0 -1 -5.95531e-5 0 -1 1.44572e-5 0 -1 -5.95473e-5 0 -1 1.44575e-5 0 -1 -3.72209e-6 0 -1 -2.89148e-5 0 -1 2.97765e-5 0 -1 2.89154e-5 0 -1 -2.97752e-5 0 -1 2.89143e-5 0 -1 -5.9548e-5 0 -1 -1.44572e-5 0 -1 1.44568e-5 0 0 -0.04553508 0.9989628 0 -0.04553556 0.9989628 0 -0.3025163 0.9531442 0 -0.3025149 0.9531447 0 -0.5389087 0.8423642 0 -0.5389046 0.8423668 0 -0.7385663 0.6741808 0 -0.7385613 0.6741863 0 -0.8878995 0.4600377 0 -0.8878951 0.460046 0 -0.9767131 0.2145499 0 -0.9767145 0.2145437 0 -0.9989631 -0.04552686 0 -0.9989626 -0.0455386 0 -0.9531447 -0.3025147 0 -0.953143 -0.3025203 0 -0.8423654 -0.5389069 0 -0.842362 -0.5389122 0 -0.6741735 -0.7385731 0 -0.6741729 -0.7385736 0 -0.460056 -0.8878899 0 -0.4600556 -0.8878901 0 -0.2145817 -0.9767062 0 -0.2145813 -0.9767062 0 0.04553627 -0.9989628 0 0.04553675 -0.9989628 0 0.3025268 -0.9531409 0 0.3025231 -0.9531421 0 0.5389118 -0.8423622 0 0.5389058 -0.8423662 0 0.7385836 -0.674162 0 0.7385786 -0.6741674 0 0.8878985 -0.4600396 0 0.8878965 -0.4600433 0 0.9767074 -0.2145757 0 0.9767076 -0.2145752 0 0.9989636 0.04551845 0 0.9989635 0.04551893 0 0.9531401 0.3025294 0 0.9531384 0.3025351 0 0.8423563 0.5389213 0 0.8423528 0.5389266 0 0.6741853 0.7385624 0 0.6741847 0.7385628 0 0.4600683 0.8878836 0 0.4600644 0.8878855 0 0.2145655 0.9767096 0 0.2145613 0.9767105 0 0.538905 -0.8423665 0 0.5389004 -0.8423696 0 0.3025288 -0.9531403 0 0.3025236 -0.953142 0 0.04554629 -0.9989622 0 0.04554474 -0.9989624 0 -0.2145296 -0.9767175 0 -0.2145312 -0.9767172 0 -0.4600479 -0.8878942 0 -0.460049 -0.8878936 0 -0.6741891 -0.7385588 0 -0.6741968 -0.7385519 0 -0.8423631 -0.5389106 0 -0.8423682 -0.5389025 0 -0.9531424 -0.3025224 0 -0.953139 -0.3025328 0 -0.9989645 -0.04549676 0 -0.9989635 -0.04551923 0 -0.9767088 0.2145692 0 -0.9767088 0.2145691 0 -0.8879042 0.4600284 0 -0.8879029 0.4600309 0 -0.7385612 0.6741865 0 -0.7385718 0.6741749 0 -0.5388926 0.8423745 0 -0.5388985 0.8423707 0 -0.3025368 0.9531378 0 -0.3025381 0.9531373 0 -0.04553532 0.9989628 0 -0.04553675 0.9989628 0 0.2145658 0.9767096 0 0.2145703 0.9767086 0 0.4600503 0.887893 0 0.4600551 0.8878905 0 0.6742076 0.7385419 0 0.674202 0.738547 0 0.8423603 0.538915 0 0.8423614 0.5389131 0 0.9531382 0.3025351 0 0.9531417 0.3025245 0 0.9989621 0.04554891 0 0.9989622 0.04554831 0 0.9767107 -0.2145606 0 0.976713 -0.2145504 0 0.8878791 -0.4600769 0 0.8878791 -0.4600769 0 0.7385525 -0.674196 0 0.7385451 -0.6742041 1 -7.2289e-6 0 1 -7.44383e-6 0 1 3.72199e-6 0 1 7.22867e-6 0 1 -3.61432e-6 0 1 -7.22897e-6 0 1 2.97748e-5 0 1 -9.93897e-6 0 1 9.03627e-6 0 1 7.22846e-6 0 1 -2.97721e-5 0 1 3.61435e-6 0 1 7.22864e-6 0 1 7.44379e-6 0 1 7.22868e-6 0 1 -9.30495e-6 0 1 -7.44399e-6 0 1 -1.48294e-6 0 1 7.4437e-6 0 1 3.61414e-6 0 1 -1.4888e-5 0 1 3.6144e-6 0 1 9.0355e-7 0 1 5.42155e-6 0 1 -1.80707e-6 0 1 -3.61442e-6 0 1 -1.48889e-5 0 -1 -7.44381e-6 0 -1 3.72192e-6 0 -1 -7.44376e-6 0 -1 7.22884e-6 0 -1 1.80707e-6 0 -1 -2.97749e-5 0 -1 4.51775e-6 0 -1 3.6144e-6 0 -1 3.61414e-6 0 -1 -1.48883e-5 0 -1 1.48874e-5 0 -1 -3.72189e-6 0 -1 7.4439e-6 0 -1 7.22864e-6 0 -1 -1.48884e-5 0 -1 -7.22871e-6 0 -1 2.97721e-5 0 -1 -5.42134e-6 0 -1 1.17461e-5 0 -1 7.22897e-6 0 -1 -1.48871e-5 0 0 -0.9575369 0.2883108 0 -0.9575372 0.2883099 0 -0.9995306 0.03063738 0 -0.9995309 0.03062534 0 -0.9734014 -0.2291066 0 -0.9733988 -0.2291181 0 -0.8809434 -0.4732216 0 -0.8809429 -0.4732226 0 -0.7284367 -0.6851133 0 -0.7284419 -0.6851076 0 -0.5262866 -0.8503074 0 -0.5262892 -0.8503057 0 -0.2882955 -0.9575415 0 -0.2882941 -0.957542 0 -0.0306499 -0.9995303 0 -0.03064924 -0.9995303 0 0.2291039 -0.973402 0 0.2291017 -0.9734026 0 0.4732297 -0.8809392 0 0.4732312 -0.8809384 0 0.6851145 -0.7284355 0 0.6851204 -0.7284299 0 0.8503002 -0.5262982 0 0.8503054 -0.5262897 0 0.9575412 -0.2882966 0 0.9575396 -0.288302 0 0.999531 -0.03062385 0 0.9995303 -0.03064537 0 0.9733998 0.2291136 0 0.9734008 0.2291087 0 0.8809427 0.473223 0 0.8809378 0.4732322 0 0.7284477 0.6851015 0 0.7284439 0.6851055 0 0.5263029 0.8502972 0 0.5263003 0.8502989 0 0.2882914 0.9575427 0 0.2882879 0.9575438 0 0.03063708 0.9995306 0 0.03063529 0.9995306 0 -0.2291166 0.9733991 0 -0.2291174 0.9733988 0 -0.4732277 0.8809402 0 -0.4732281 0.88094 0 -0.6851189 0.7284313 0 -0.6851161 0.7284339 0 -0.8503127 0.5262779 0 -0.8503079 0.5262856 0 0.9734097 0.2290713 0 0.9734071 0.2290821 0 0.9995315 -0.03060948 0 0.9995318 -0.03059852 0 0.9575418 -0.2882947 0 0.9575416 -0.2882952 0 0.8502949 -0.5263066 0 0.8502851 -0.5263224 0 0.6851195 -0.7284307 0 0.685096 -0.7284528 0 0.4732143 -0.8809473 0 0.4732019 -0.880954 0 0.2290815 -0.9734073 0 0.2290809 -0.9734074 0 -0.03062164 -0.999531 0 -0.03062218 -0.9995311 0 -0.2883118 -0.9575366 0 -0.2883033 -0.9575393 0 -0.526296 -0.8503015 0 -0.5262883 -0.8503062 0 -0.7284146 -0.6851366 0 -0.7284151 -0.6851361 0 -0.8809359 -0.4732359 0 -0.8809413 -0.4732258 0 -0.9733973 -0.229124 0 -0.9733973 -0.2291241 0 -0.9995307 0.03063404 0 -0.999531 0.03062301 0 -0.957538 0.2883074 0 -0.9575348 0.2883182 0 -0.8502887 0.5263168 0 -0.850278 0.5263339 0 -0.6851341 0.728417 0 -0.685127 0.7284237 0 -0.4732607 0.8809224 0 -0.4732565 0.8809247 0 -0.2290945 0.9734042 0 -0.229091 0.9734051 0 0.0306347 0.9995307 0 0.03063416 0.9995307 0 0.288294 0.957542 0 0.2882992 0.9575404 0 0.5263022 0.8502976 0 0.5263069 0.8502948 0 0.7284221 0.6851286 0 0.7284095 0.685142 0 0.8809468 0.4732155 0 0.8809381 0.4732316 1 4.46625e-5 0 1 1.39578e-5 0 1 -2.97755e-5 0 1 1.44576e-5 0 1 -5.95502e-5 0 1 1.4457e-5 0 1 -2.1686e-5 0 1 -3.61445e-6 0 1 -5.9547e-5 0 1 2.16858e-5 0 1 -5.9553e-5 0 1 -1.44577e-5 0 1 -5.95545e-5 0 1 2.89161e-5 0 1 5.95501e-5 0 1 -1.44572e-5 0 1 2.89144e-5 0 1 -9.3049e-7 0 1 -1.44575e-5 0 1 2.9776e-5 0 1 -1.4458e-5 0 1 -1.4457e-5 0 1 1.44574e-5 0 1 1.44574e-5 0 1 -5.95475e-5 0 1 -1.80715e-6 0 1 7.22877e-6 0 1 -1.44568e-5 0 -1 -2.23312e-5 0 -1 3.6142e-6 0 -1 6.32501e-6 0 -1 -1.0843e-5 0 -1 3.61434e-6 0 -1 -5.58279e-6 0 -1 -7.2286e-6 0 -1 1.48883e-5 0 -1 -3.72189e-6 0 -1 -7.22858e-6 0 -1 7.44377e-6 0 -1 1.08433e-5 0 -1 -2.97744e-5 0 -1 9.03592e-6 0 -1 -2.97765e-5 0 -1 1.35536e-6 0 -1 3.61445e-6 0 -1 3.61434e-6 0 -1 -3.61424e-6 0 -1 1.48877e-5 0 -1 7.2288e-6 0 -1 -3.7219e-6 0 -1 -7.44407e-6 0 -1 7.22864e-6 0 0 -0.6768021 0.7361651 0 -0.6768015 0.7361656 0 -0.8442692 0.5359195 0 -0.844267 0.5359228 0 -0.9542095 0.2991396 0 -0.9542062 0.2991498 0 -0.9991196 0.04195296 0 -0.9991188 0.0419749 0 -0.9759379 -0.2180493 0 -0.975939 -0.2180439 0 -0.8862549 -0.4631978 0 -0.8862501 -0.4632071 0 -0.7361666 -0.6768004 0 -0.7361603 -0.6768072 0 -0.5359172 -0.8442705 0 -0.5359154 -0.8442717 0 -0.2991418 -0.9542088 0 -0.2991426 -0.9542085 0 -0.04197841 -0.9991185 0 -0.04197645 -0.9991187 0 0.2180662 -0.975934 0 0.2180653 -0.9759343 0 0.4632189 -0.8862439 0 0.4632176 -0.8862447 0 0.6767913 -0.7361751 0 0.6767947 -0.7361719 0 0.8442624 -0.5359302 0 0.8442621 -0.5359305 0 0.9542044 -0.2991554 0 0.9542064 -0.2991492 0 0.9991186 -0.04197579 0 0.9991196 -0.04195296 0 0.9759379 0.2180485 0 0.9759353 0.2180601 0 0.8862536 0.4632006 0 0.8862554 0.4631969 0 0.7361666 0.6768004 0 0.7361691 0.6767977 0 0.5359169 0.8442709 0 0.5359141 0.8442726 0 0.2991418 0.9542087 0 0.2991399 0.9542093 0 0.04197651 0.9991187 0 0.04197698 0.9991186 0 -0.218048 0.975938 0 -0.2180485 0.9759379 0 -0.4632132 0.886247 0 -0.4632164 0.8862453 0 0.954208 -0.2991442 0 0.9542175 -0.2991136 0 0.844264 -0.5359275 0 0.8442689 -0.5359199 0 0.6768014 -0.7361657 0 0.6768003 -0.7361667 0 0.463185 -0.8862617 0 0.4631808 -0.8862639 0 0.2180541 -0.9759367 0 0.2180506 -0.9759376 0 -0.04196459 -0.9991191 0 -0.04196691 -0.9991191 0 -0.2991328 -0.9542115 0 -0.2991359 -0.9542105 0 -0.5358651 -0.8443037 0 -0.5358726 -0.844299 0 -0.7361608 -0.6768068 0 -0.7361538 -0.6768143 0 -0.8862679 -0.4631731 0 -0.8862542 -0.4631993 0 -0.9759491 -0.2179988 0 -0.9759468 -0.2180089 0 -0.9991191 0.04196614 0 -0.9991185 0.04197901 0 -0.9542182 0.2991115 0 -0.9542143 0.2991238 0 -0.8442687 0.5359201 0 -0.844268 0.5359213 0 -0.6768177 0.7361507 0 -0.6768216 0.7361472 0 -0.463205 0.8862513 0 -0.4632068 0.8862502 0 -0.2180418 0.9759394 0 -0.2180354 0.975941 0 0.04196482 0.9991192 0 0.04196828 0.999119 0 0.2991452 0.9542076 0 0.2991464 0.9542073 0 0.5359339 0.84426 0 0.5359413 0.8442553 0 0.7361754 0.6767908 0 0.7361748 0.6767915 0 0.8862476 0.4632118 0 0.8862384 0.4632295 0 0.9759401 0.2180394 0 0.9759377 0.2180495 0 0.9991186 -0.04197722 0 0.9991195 -0.04195564 0 1 1.35578e-6 0 1 -7.50181e-6 0 1 1.20038e-5 0 -1 -6.77841e-7 0 -1 7.50237e-7 0 1 -6.77891e-7 0 1 7.50181e-7 0 -1 -1.35568e-5 0 -1 -1.50047e-5 0 1 -4.06734e-6 0 1 -7.50118e-6 0 1 1.2003e-5 0 -1 3.38914e-6 0 -1 7.50185e-6 0 -1 -1.20019e-5 0 1 3.38945e-6 0 1 7.50118e-6 0 1 -1.2003e-5</float_array>
          <technique_common>
            <accessor source="#Gate2_v1-mesh-normals-array" count="2740" stride="3">
              <param name="X" type="float"/>
              <param name="Y" type="float"/>
              <param name="Z" type="float"/>
            </accessor>
          </technique_common>
        </source>
        <source id="Gate2_v1-mesh-map-0">
          <float_array id="Gate2_v1-mesh-map-0-array" count="26304">1.351473 1.109125 1.37795 1.37795 1.07696 1.37795 1.07696 1.37795 1.37795 1.37795 1.351473 1.646775 1.07696 1.37795 1.351473 1.646775 1.049958 1.617596 1.049958 1.617596 1.351473 1.646775 1.27306 1.905269 1.049958 1.617596 1.27306 1.905269 0.970307 1.845225 0.970307 1.845225 1.27306 1.905269 1.145724 2.143498 0.970307 1.845225 1.145724 2.143498 0.842001 2.049424 0.842001 2.049424 1.145724 2.143498 0.974358 2.352308 0.842001 2.049424 0.974358 2.352308 0.671474 2.219951 0.671474 2.219951 0.974358 2.352308 0.765548 2.523674 0.671474 2.219951 0.765548 2.523674 0.467275 2.348257 0.467275 2.348257 0.765548 2.523674 0.527319 2.65101 0.467275 2.348257 0.527319 2.65101 0.239646 2.427908 0.239646 2.427908 0.527319 2.65101 0.268825 2.729423 0.239646 2.427908 0.268825 2.729423 0 2.45491 0 2.45491 0.268825 2.729423 0 2.7559 0 2.45491 0 2.7559 -0.268825 2.729423 0 2.45491 -0.268825 2.729423 -0.239646 2.427908 -0.239646 2.427908 -0.268825 2.729423 -0.527319 2.65101 -0.239646 2.427908 -0.527319 2.65101 -0.467275 2.348257 -0.467275 2.348257 -0.527319 2.65101 -0.765548 2.523674 -0.467275 2.348257 -0.765548 2.523674 -0.671474 2.219951 -0.671474 2.219951 -0.765548 2.523674 -0.974358 2.352308 -0.671474 2.219951 -0.974358 2.352308 -0.842001 2.049424 -0.842001 2.049424 -0.974358 2.352308 -1.145724 2.143498 -0.842001 2.049424 -1.145724 2.143498 -0.970307 1.845225 -0.970307 1.845225 -1.145724 2.143498 -1.27306 1.905269 -0.970307 1.845225 -1.27306 1.905269 -1.049958 1.617596 -1.049958 1.617596 -1.27306 1.905269 -1.351473 1.646775 -1.049958 1.617596 -1.351473 1.646775 -1.07696 1.37795 -1.07696 1.37795 -1.351473 1.646775 -1.37795 1.37795 -1.07696 1.37795 -1.37795 1.37795 -1.351473 1.109125 -1.07696 1.37795 -1.351473 1.109125 -1.049958 1.138304 -1.049958 1.138304 -1.351473 1.109125 -1.27306 0.850631 -1.049958 1.138304 -1.27306 0.850631 -0.970307 0.910675 -0.970307 0.910675 -1.27306 0.850631 -1.145724 0.612402 -0.970307 0.910675 -1.145724 0.612402 -0.842001 0.706476 -0.842001 0.706476 -1.145724 0.612402 -0.974358 0.403592 -0.842001 0.706476 -0.974358 0.403592 -0.671474 0.535949 -0.671474 0.535949 -0.974358 0.403592 -0.765548 0.232226 -0.671474 0.535949 -0.765548 0.232226 -0.467275 0.407643 -0.467275 0.407643 -0.765548 0.232226 -0.527319 0.10489 -0.467275 0.407643 -0.527319 0.10489 -0.239646 0.327992 -0.239646 0.327992 -0.527319 0.10489 -0.268825 0.02647686 -0.239646 0.327992 -0.268825 0.02647686 0 0.30099 0 0.30099 -0.268825 0.02647686 0 0 0 0.30099 0 0 0.268825 0.02647686 0 0.30099 0.268825 0.02647686 0.239646 0.327992 0.239646 0.327992 0.268825 0.02647686 0.527319 0.10489 0.239646 0.327992 0.527319 0.10489 0.467275 0.407643 0.467275 0.407643 0.527319 0.10489 0.765548 0.232226 0.467275 0.407643 0.765548 0.232226 0.671474 0.535949 0.671474 0.535949 0.765548 0.232226 0.974358 0.403592 0.671474 0.535949 0.974358 0.403592 0.842001 0.706476 0.842001 0.706476 0.974358 0.403592 1.145724 0.612402 0.842001 0.706476 1.145724 0.612402 0.970307 0.910675 0.970307 0.910675 1.145724 0.612402 1.27306 0.850631 0.970307 0.910675 1.27306 0.850631 1.049958 1.138304 1.049958 1.138304 1.27306 0.850631 1.351473 1.109125 1.049958 1.138304 1.351473 1.109125 1.07696 1.37795 1.905061 0.239959 0 0.239959 1.905061 0 1.905061 0 0 0.239959 0 0 1.905061 0 0 0 1.905061 -0.239959 1.905061 -0.239959 0 0 0 -0.239959 1.905061 -0.239959 0 -0.239959 1.905061 -0.479919 1.905061 -0.479919 0 -0.239959 0 -0.479919 1.905061 -0.479919 0 -0.479919 1.905061 -0.719878 1.905061 -0.719878 0 -0.479919 0 -0.719878 1.905061 -0.719878 0 -0.719878 1.905061 -0.959837 1.905061 -0.959837 0 -0.719878 0 -0.959837 1.905061 -0.959837 0 -0.959837 1.905061 -1.199797 1.905061 -1.199797 0 -0.959837 0 -1.199797 1.905061 -1.199797 0 -1.199797 1.905061 -1.439756 1.905061 -1.439756 0 -1.199797 0 -1.439756 1.905061 -1.439756 0 -1.439756 1.905061 -1.679715 1.905061 -1.679715 0 -1.439756 0 -1.679715 1.905061 -1.679715 0 -1.679715 1.905061 -1.919675 1.905061 -1.919675 0 -1.679715 0 -1.919675 1.905061 -1.919675 0 -1.919675 1.905061 -2.159634 1.905061 -2.159634 0 -1.919675 0 -2.159634 1.905061 -2.159634 0 -2.159634 1.905061 -2.399593 1.905061 -2.399593 0 -2.159634 0 -2.399593 1.905061 -2.399593 0 -2.399593 1.905061 -2.639553 1.905061 -2.639553 0 -2.399593 0 -2.639553 1.905061 -2.639553 0 -2.639553 1.905061 -2.879512 1.905061 -2.879512 0 -2.639553 0 -2.879512 1.905061 -2.879512 0 -2.879512 1.905061 -3.119471 1.905061 -3.119471 0 -2.879512 0 -3.119471 1.905061 -3.119471 0 -3.119471 1.905061 -3.359431 1.905061 -3.359431 0 -3.119471 0 -3.359431 1.905061 3.359431 0 3.359431 1.905061 3.119471 1.905061 3.119471 0 3.359431 0 3.119471 1.905061 3.119471 0 3.119471 1.905061 2.879512 1.905061 2.879512 0 3.119471 0 2.879512 1.905061 2.879512 0 2.879512 1.905061 2.639553 1.905061 2.639553 0 2.879512 0 2.639553 1.905061 2.639553 0 2.639553 1.905061 2.399593 1.905061 2.399593 0 2.639553 0 2.399593 1.905061 2.399593 0 2.399593 1.905061 2.159634 1.905061 2.159634 0 2.399593 0 2.159634 1.905061 2.159634 0 2.159634 1.905061 1.919675 1.905061 1.919675 0 2.159634 0 1.919675 1.905061 1.919675 0 1.919675 1.905061 1.679715 1.905061 1.679715 0 1.919675 0 1.679715 1.905061 1.679715 0 1.679715 1.905061 1.439756 1.905061 1.439756 0 1.679715 0 1.439756 1.905061 1.439756 0 1.439756 1.905061 1.199797 1.905061 1.199797 0 1.439756 0 1.199797 1.905061 1.199797 0 1.199797 1.905061 0.959837 1.905061 0.959837 0 1.199797 0 0.959837 1.905061 0.959837 0 0.959837 1.905061 0.719878 1.905061 0.719878 0 0.959837 0 0.719878 1.905061 0.719878 0 0.719878 1.905061 0.479919 1.905061 0.479919 0 0.719878 0 0.479919 1.905061 0.479919 0 0.479919 1.905061 0.239959 1.905061 0.239959 0 0.479919 0 0.239959 1.858125 1.752684 0 1.623359 1.905 1.615419 1.905 1.615419 0 1.623359 0 1.352799 1.905 1.615419 0 1.352799 1.905 1.345426 1.905 1.345426 0 1.352799 0 1.082239 1.905 1.345426 0 1.082239 1.905 1.075433 1.905 1.075433 0 1.082239 0 0.81168 1.905 1.075433 0 0.81168 1.905 0.805441 1.905 0.805441 0 0.81168 0 0.54112 1.905 0.805441 0 0.54112 1.905 0.535448 1.905 0.535448 0 0.54112 0 0.27056 1.905 0.535448 0 0.27056 1.905 0.265455 1.905 0.265455 0 0.27056 0 0 1.905 0.265455 0 0 1.905 -0.004536986 1.905 -0.004536986 0 0 0 -0.27056 1.905 -0.004536986 0 -0.27056 1.905 -0.27453 1.905 -0.27453 0 -0.27056 0 -0.54112 1.905 -0.27453 0 -0.54112 1.905 -0.544523 1.905 -0.544523 0 -0.54112 0 -0.81168 1.905 -0.544523 0 -0.81168 1.905 -0.814515 1.905 -0.814515 0 -0.81168 0 -1.082239 1.905 -0.814515 0 -1.082239 1.905 -1.084508 1.905 -1.084508 0 -1.082239 0 -1.352799 1.905 -1.084508 0 -1.352799 1.905 -1.354501 1.905 -1.354501 0 -1.352799 0 -1.623359 1.905 -1.354501 0 -1.623359 1.905 -1.624493 1.905 -1.624493 0 -1.623359 0 -1.893919 1.905 -1.624493 0 -1.893919 1.905 -1.894486 1.905 -1.894486 0 -1.893919 0 -2.164479 1.905 -1.894486 0 -2.164479 1.905 -2.164479 1.905 -2.164479 0 -2.164479 1.905 -2.434471 1.905 -2.434471 0 -2.164479 0 -2.435039 1.905 -2.434471 0 -2.435039 1.905 -2.704464 1.905 -2.704464 0 -2.435039 0 -2.705598 1.905 -2.704464 0 -2.705598 1.905 -2.974457 1.905 -2.974457 0 -2.705598 0 -2.976158 1.905 -2.974457 0 -2.976158 1.905 -3.244449 1.905 -3.244449 0 -2.976158 0 -3.246718 1.905 -3.244449 0 -3.246718 1.905 -3.514442 1.905 -3.514442 0 -3.246718 0 -3.517278 1.905 -3.514442 0 -3.517278 1.905 -3.784435 1.905 -3.784435 0 -3.517278 0 -3.787838 1.905 -3.784435 0 -3.787838 1.905 -4.054428 1.905 -4.054428 0 -3.787838 0 -4.058398 1.905 -4.054428 0 -4.058398 1.905 -4.32442 1.905 -4.32442 0 -4.058398 0 -4.328958 1.905 -4.32442 0 -4.328958 1.905 -4.594413 1.905 4.063502 0 4.328958 0 4.058398 1.905 4.063502 0 4.058398 1.905 3.79351 1.905 3.79351 0 4.058398 0 3.787838 1.905 3.79351 0 3.787838 1.905 3.523517 1.905 3.523517 0 3.787838 0 3.517278 1.905 3.523517 0 3.517278 1.905 3.253524 1.905 3.253524 0 3.517278 0 3.246718 1.905 3.253524 0 3.246718 1.905 2.983532 1.905 2.983532 0 3.246718 0 2.976158 1.905 2.983532 0 2.976158 1.905 2.713539 1.905 2.713539 0 2.976158 0 2.705598 1.905 2.713539 0 2.705598 1.858125 2.576274 1.858125 2.576274 0 2.705598 0 2.435039 1.858125 2.576274 0 2.435039 1.824307 2.439009 1.824307 2.439009 0 2.435039 1.803881 2.301744 1.803881 2.301744 0 2.435039 0 2.164479 1.803881 2.301744 0 2.164479 1.79705 2.164479 1.79705 2.164479 0 2.164479 1.803881 2.027214 1.803881 2.027214 0 2.164479 0 1.893919 1.803881 2.027214 0 1.893919 1.824307 1.889949 1.824307 1.889949 0 1.893919 1.858125 1.752684 1.858125 1.752684 0 1.893919 0 1.623359 1.447641 -6.471492 1.240835 -6.147918 1.240835 -6.471492 1.240835 -6.471492 1.240835 -6.147918 1.034029 -6.147918 1.240835 -6.471492 1.034029 -6.147918 1.034029 -6.471492 1.034029 -6.471492 1.034029 -6.147918 0.827223 -6.147918 1.034029 -6.471492 0.827223 -6.147918 0.827223 -6.471492 0.827223 -6.471492 0.827223 -6.147918 0.620417 -6.147918 0.827223 -6.471492 0.620417 -6.147918 0.620417 -6.471492 0.620417 -6.471492 0.620417 -6.147918 0.413612 -6.147918 0.620417 -6.471492 0.413612 -6.147918 0.413612 -6.471492 0.413612 -6.471492 0.413612 -6.147918 0.206806 -6.147918 0.413612 -6.471492 0.206806 -6.147918 0.206806 -6.471492 0.206806 -6.471492 0.206806 -6.147918 0 -6.147918 0.206806 -6.471492 0 -6.147918 0 -6.471492 0 -6.471492 0 -6.147918 -0.206806 -6.147918 0 -6.471492 -0.206806 -6.147918 -0.206806 -6.471492 -0.206806 -6.471492 -0.206806 -6.147918 -0.413612 -6.147918 -0.206806 -6.471492 -0.413612 -6.147918 -0.413612 -6.471492 -0.413612 -6.471492 -0.413612 -6.147918 -0.620417 -6.147918 -0.413612 -6.471492 -0.620417 -6.147918 -0.620417 -6.471492 -0.620417 -6.471492 -0.620417 -6.147918 -0.827223 -6.147918 -0.620417 -6.471492 -0.827223 -6.147918 -0.827223 -6.471492 -0.827223 -6.471492 -0.827223 -6.147918 -1.034029 -6.147918 -0.827223 -6.471492 -1.034029 -6.147918 -1.034029 -6.471492 -1.034029 -6.471492 -1.034029 -6.147918 -1.240835 -6.147918 -1.034029 -6.471492 -1.240835 -6.147918 -1.240835 -6.471492 -1.240835 -6.471492 -1.240835 -6.147918 -1.447641 -6.147918 -1.240835 -6.471492 -1.447641 -6.147918 -1.447641 -6.471492 -1.447641 -6.471492 -1.447641 -6.147918 -1.654446 -6.147918 -1.447641 -6.471492 -1.654446 -6.147918 -1.654446 -6.471492 -1.654446 -6.471492 -1.654446 -6.147918 -1.861252 -6.147918 -1.654446 -6.471492 -1.861252 -6.147918 -1.861252 -6.471492 -1.861252 -6.471492 -1.861252 -6.147918 -2.068058 -6.147918 -1.861252 -6.471492 -2.068058 -6.147918 -2.068058 -6.471492 -2.068058 -6.471492 -2.068058 -6.147918 -2.274864 -6.147918 -2.068058 -6.471492 -2.274864 -6.147918 -2.274864 -6.471492 -2.274864 -6.471492 -2.274864 -6.147918 -2.48167 -6.147918 -2.274864 -6.471492 -2.48167 -6.147918 -2.48167 -6.471492 2.48167 -6.471492 2.48167 -6.147918 2.274864 -6.147918 2.48167 -6.471492 2.274864 -6.147918 2.274864 -6.471492 2.274864 -6.471492 2.274864 -6.147918 2.068058 -6.147918 2.274864 -6.471492 2.068058 -6.147918 2.068058 -6.471492 2.068058 -6.471492 2.068058 -6.147918 1.861252 -6.147918 2.068058 -6.471492 1.861252 -6.147918 1.861252 -6.471492 1.861252 -6.471492 1.861252 -6.147918 1.654446 -6.147918 1.861252 -6.471492 1.654446 -6.147918 1.654446 -6.471492 1.654446 -6.471492 1.654446 -6.147918 1.447641 -6.147918 1.654446 -6.471492 1.447641 -6.147918 1.447641 -6.471492 1.447641 -6.471492 1.447641 -6.147918 1.240835 -6.147918 1.034029 -3.235746 1.240835 -3.559321 1.240835 -3.235746 1.240835 -3.235746 1.240835 -3.559321 1.447641 -3.559321 1.240835 -3.235746 1.447641 -3.559321 1.447641 -3.235746 1.447641 -3.235746 1.447641 -3.559321 1.654446 -3.559321 1.447641 -3.235746 1.654446 -3.559321 1.654446 -3.235746 1.654446 -3.235746 1.654446 -3.559321 1.861252 -3.559321 1.654446 -3.235746 1.861252 -3.559321 1.861252 -3.235746 1.861252 -3.235746 1.861252 -3.559321 2.068058 -3.559321 1.861252 -3.235746 2.068058 -3.559321 2.068058 -3.235746 2.068058 -3.235746 2.068058 -3.559321 2.274864 -3.559321 2.068058 -3.235746 2.274864 -3.559321 2.274864 -3.235746 2.274864 -3.235746 2.274864 -3.559321 2.48167 -3.559321 2.274864 -3.235746 2.48167 -3.559321 2.48167 -3.235746 -2.48167 -3.235746 -2.48167 -3.559321 -2.274864 -3.559321 -2.48167 -3.235746 -2.274864 -3.559321 -2.274864 -3.235746 -2.274864 -3.235746 -2.274864 -3.559321 -2.068058 -3.559321 -2.274864 -3.235746 -2.068058 -3.559321 -2.068058 -3.235746 -2.068058 -3.235746 -2.068058 -3.559321 -1.861252 -3.559321 -2.068058 -3.235746 -1.861252 -3.559321 -1.861252 -3.235746 -1.861252 -3.235746 -1.861252 -3.559321 -1.654446 -3.559321 -1.861252 -3.235746 -1.654446 -3.559321 -1.654446 -3.235746 -1.654446 -3.235746 -1.654446 -3.559321 -1.447641 -3.559321 -1.654446 -3.235746 -1.447641 -3.559321 -1.447641 -3.235746 -1.447641 -3.235746 -1.447641 -3.559321 -1.240835 -3.559321 -1.447641 -3.235746 -1.240835 -3.559321 -1.240835 -3.235746 -1.240835 -3.235746 -1.240835 -3.559321 -1.034029 -3.559321 -1.240835 -3.235746 -1.034029 -3.559321 -1.034029 -3.235746 -1.034029 -3.235746 -1.034029 -3.559321 -0.827223 -3.559321 -1.034029 -3.235746 -0.827223 -3.559321 -0.827223 -3.235746 -0.827223 -3.235746 -0.827223 -3.559321 -0.620417 -3.559321 -0.827223 -3.235746 -0.620417 -3.559321 -0.620417 -3.235746 -0.620417 -3.235746 -0.620417 -3.559321 -0.413612 -3.559321 -0.620417 -3.235746 -0.413612 -3.559321 -0.413612 -3.235746 -0.413612 -3.235746 -0.413612 -3.559321 -0.206806 -3.559321 -0.413612 -3.235746 -0.206806 -3.559321 -0.206806 -3.235746 -0.206806 -3.235746 -0.206806 -3.559321 0 -3.559321 -0.206806 -3.235746 0 -3.559321 0 -3.235746 0 -3.235746 0 -3.559321 0.206806 -3.559321 0 -3.235746 0.206806 -3.559321 0.206806 -3.235746 0.206806 -3.235746 0.206806 -3.559321 0.413612 -3.559321 0.206806 -3.235746 0.413612 -3.559321 0.413612 -3.235746 0.413612 -3.235746 0.413612 -3.559321 0.620417 -3.559321 0.413612 -3.235746 0.620417 -3.559321 0.620417 -3.235746 0.620417 -3.235746 0.620417 -3.559321 0.827223 -3.559321 0.620417 -3.235746 0.827223 -3.559321 0.827223 -3.235746 0.827223 -3.235746 0.827223 -3.559321 1.034029 -3.559321 0.827223 -3.235746 1.034029 -3.559321 1.034029 -3.235746 1.034029 -3.235746 1.034029 -3.559321 1.240835 -3.559321 2.48167 -6.147918 2.48167 -5.824343 2.274864 -5.824343 2.274864 -5.824343 2.48167 -5.824343 2.274864 -5.500769 2.274864 -5.824343 2.274864 -5.500769 2.068058 -5.500769 2.068058 -5.500769 2.274864 -5.500769 2.068058 -5.177194 2.068058 -5.500769 2.068058 -5.177194 1.861252 -5.177194 1.861252 -5.177194 2.068058 -5.177194 1.861252 -4.853619 1.861252 -5.177194 1.861252 -4.853619 1.654446 -4.853619 1.654446 -4.853619 1.861252 -4.853619 1.654446 -4.530045 1.654446 -4.853619 1.654446 -4.530045 1.447641 -4.530045 1.447641 -4.530045 1.654446 -4.530045 1.447641 -4.20647 1.447641 -4.530045 1.447641 -4.20647 1.240835 -4.20647 1.240835 -4.20647 1.447641 -4.20647 1.240835 -3.882895 1.240835 -4.20647 1.240835 -3.882895 1.034029 -3.882895 1.034029 -3.882895 1.240835 -3.882895 1.034029 -3.559321 1.034029 -3.882895 1.034029 -3.559321 0.827223 -3.559321 2.48167 -5.824343 2.48167 -5.500769 2.274864 -5.500769 2.274864 -5.500769 2.48167 -5.500769 2.274864 -5.177194 2.274864 -5.500769 2.274864 -5.177194 2.068058 -5.177194 2.068058 -5.177194 2.274864 -5.177194 2.068058 -4.853619 2.068058 -5.177194 2.068058 -4.853619 1.861252 -4.853619 1.861252 -4.853619 2.068058 -4.853619 1.861252 -4.530045 1.861252 -4.853619 1.861252 -4.530045 1.654446 -4.530045 1.654446 -4.530045 1.861252 -4.530045 1.654446 -4.20647 1.654446 -4.530045 1.654446 -4.20647 1.447641 -4.20647 1.447641 -4.20647 1.654446 -4.20647 1.447641 -3.882895 1.447641 -4.20647 1.447641 -3.882895 1.240835 -3.882895 1.240835 -3.882895 1.447641 -3.882895 1.240835 -3.559321 1.240835 -3.882895 1.240835 -3.559321 1.034029 -3.559321 -2.48167 -6.147918 -2.274864 -6.147918 -2.48167 -5.824343 -2.48167 -5.824343 -2.274864 -6.147918 -2.274864 -5.824343 -2.48167 -5.824343 -2.274864 -5.824343 -2.48167 -5.500769 -2.48167 -5.500769 -2.274864 -5.824343 -2.274864 -5.500769 -2.48167 -5.500769 -2.274864 -5.500769 -2.48167 -5.177194 -2.48167 -5.177194 -2.274864 -5.500769 -2.274864 -5.177194 -2.48167 -5.177194 -2.274864 -5.177194 -2.48167 -4.853619 -2.48167 -4.853619 -2.274864 -5.177194 -2.274864 -4.853619 -2.48167 -4.853619 -2.274864 -4.853619 -2.48167 -4.530045 -2.48167 -4.530045 -2.274864 -4.853619 -2.274864 -4.530045 -2.48167 -4.530045 -2.274864 -4.530045 -2.48167 -4.20647 -2.48167 -4.20647 -2.274864 -4.530045 -2.274864 -4.20647 -2.48167 -4.20647 -2.274864 -4.20647 -2.48167 -3.882895 -2.48167 -3.882895 -2.274864 -4.20647 -2.274864 -3.882895 -2.48167 -3.882895 -2.274864 -3.882895 -2.48167 -3.559321 -2.48167 -3.559321 -2.274864 -3.882895 -2.274864 -3.559321 2.48167 -5.500769 2.48167 -5.177194 2.274864 -5.177194 2.274864 -5.177194 2.48167 -5.177194 2.274864 -4.853619 2.274864 -5.177194 2.274864 -4.853619 2.068058 -4.853619 2.068058 -4.853619 2.274864 -4.853619 2.068058 -4.530045 2.068058 -4.853619 2.068058 -4.530045 1.861252 -4.530045 1.861252 -4.530045 2.068058 -4.530045 1.861252 -4.20647 1.861252 -4.530045 1.861252 -4.20647 1.654446 -4.20647 1.654446 -4.20647 1.861252 -4.20647 1.654446 -3.882895 1.654446 -4.20647 1.654446 -3.882895 1.447641 -3.882895 1.447641 -3.882895 1.654446 -3.882895 1.447641 -3.559321 1.447641 -3.882895 1.447641 -3.559321 1.240835 -3.559321 2.48167 -5.177194 2.48167 -4.853619 2.274864 -4.853619 2.274864 -4.853619 2.48167 -4.853619 2.274864 -4.530045 2.274864 -4.853619 2.274864 -4.530045 2.068058 -4.530045 2.068058 -4.530045 2.274864 -4.530045 2.068058 -4.20647 2.068058 -4.530045 2.068058 -4.20647 1.861252 -4.20647 1.861252 -4.20647 2.068058 -4.20647 1.861252 -3.882895 1.861252 -4.20647 1.861252 -3.882895 1.654446 -3.882895 1.654446 -3.882895 1.861252 -3.882895 1.654446 -3.559321 1.654446 -3.882895 1.654446 -3.559321 1.447641 -3.559321 2.48167 -4.853619 2.48167 -4.530045 2.274864 -4.530045 2.274864 -4.530045 2.48167 -4.530045 2.274864 -4.20647 2.274864 -4.530045 2.274864 -4.20647 2.068058 -4.20647 2.068058 -4.20647 2.274864 -4.20647 2.068058 -3.882895 2.068058 -4.20647 2.068058 -3.882895 1.861252 -3.882895 1.861252 -3.882895 2.068058 -3.882895 1.861252 -3.559321 1.861252 -3.882895 1.861252 -3.559321 1.654446 -3.559321 2.48167 -4.530045 2.48167 -4.20647 2.274864 -4.20647 2.274864 -4.20647 2.48167 -4.20647 2.274864 -3.882895 2.274864 -4.20647 2.274864 -3.882895 2.068058 -3.882895 2.068058 -3.882895 2.274864 -3.882895 2.068058 -3.559321 2.068058 -3.882895 2.068058 -3.559321 1.861252 -3.559321 2.48167 -4.20647 2.48167 -3.882895 2.274864 -3.882895 2.274864 -3.882895 2.48167 -3.882895 2.274864 -3.559321 2.274864 -3.882895 2.274864 -3.559321 2.068058 -3.559321 2.48167 -3.882895 2.48167 -3.559321 2.274864 -3.559321 2.274864 -6.147918 2.48167 -6.147918 2.274864 -5.824343 2.068058 -6.147918 2.274864 -6.147918 2.068058 -5.824343 2.068058 -5.824343 2.274864 -6.147918 2.274864 -5.824343 2.068058 -5.824343 2.274864 -5.824343 2.068058 -5.500769 1.861252 -6.147918 2.068058 -6.147918 1.861252 -5.824343 1.861252 -5.824343 2.068058 -6.147918 2.068058 -5.824343 1.861252 -5.824343 2.068058 -5.824343 1.861252 -5.500769 1.861252 -5.500769 2.068058 -5.824343 2.068058 -5.500769 1.861252 -5.500769 2.068058 -5.500769 1.861252 -5.177194 1.654446 -6.147918 1.861252 -6.147918 1.654446 -5.824343 1.654446 -5.824343 1.861252 -6.147918 1.861252 -5.824343 1.654446 -5.824343 1.861252 -5.824343 1.654446 -5.500769 1.654446 -5.500769 1.861252 -5.824343 1.861252 -5.500769 1.654446 -5.500769 1.861252 -5.500769 1.654446 -5.177194 1.654446 -5.177194 1.861252 -5.500769 1.861252 -5.177194 1.654446 -5.177194 1.861252 -5.177194 1.654446 -4.853619 1.447641 -6.147918 1.654446 -6.147918 1.447641 -5.824343 1.447641 -5.824343 1.654446 -6.147918 1.654446 -5.824343 1.447641 -5.824343 1.654446 -5.824343 1.447641 -5.500769 1.447641 -5.500769 1.654446 -5.824343 1.654446 -5.500769 1.447641 -5.500769 1.654446 -5.500769 1.447641 -5.177194 1.447641 -5.177194 1.654446 -5.500769 1.654446 -5.177194 1.447641 -5.177194 1.654446 -5.177194 1.447641 -4.853619 1.447641 -4.853619 1.654446 -5.177194 1.654446 -4.853619 1.447641 -4.853619 1.654446 -4.853619 1.447641 -4.530045 1.240835 -6.147918 1.447641 -6.147918 1.240835 -5.824343 1.240835 -5.824343 1.447641 -6.147918 1.447641 -5.824343 1.240835 -5.824343 1.447641 -5.824343 1.240835 -5.500769 1.240835 -5.500769 1.447641 -5.824343 1.447641 -5.500769 1.240835 -5.500769 1.447641 -5.500769 1.240835 -5.177194 1.240835 -5.177194 1.447641 -5.500769 1.447641 -5.177194 1.240835 -5.177194 1.447641 -5.177194 1.240835 -4.853619 1.240835 -4.853619 1.447641 -5.177194 1.447641 -4.853619 1.240835 -4.853619 1.447641 -4.853619 1.240835 -4.530045 1.240835 -4.530045 1.447641 -4.853619 1.447641 -4.530045 1.240835 -4.530045 1.447641 -4.530045 1.240835 -4.20647 1.034029 -6.147918 1.240835 -6.147918 1.034029 -5.824343 1.034029 -5.824343 1.240835 -6.147918 1.240835 -5.824343 1.034029 -5.824343 1.240835 -5.824343 1.034029 -5.500769 1.034029 -5.500769 1.240835 -5.824343 1.240835 -5.500769 1.034029 -5.500769 1.240835 -5.500769 1.034029 -5.177194 1.034029 -5.177194 1.240835 -5.500769 1.240835 -5.177194 1.034029 -5.177194 1.240835 -5.177194 1.034029 -4.853619 1.034029 -4.853619 1.240835 -5.177194 1.240835 -4.853619 1.034029 -4.853619 1.240835 -4.853619 1.034029 -4.530045 1.034029 -4.530045 1.240835 -4.853619 1.240835 -4.530045 1.034029 -4.530045 1.240835 -4.530045 1.034029 -4.20647 1.034029 -4.20647 1.240835 -4.530045 1.240835 -4.20647 1.034029 -4.20647 1.240835 -4.20647 1.034029 -3.882895 0.827223 -6.147918 1.034029 -6.147918 0.827223 -5.824343 0.827223 -5.824343 1.034029 -6.147918 1.034029 -5.824343 0.827223 -5.824343 1.034029 -5.824343 0.827223 -5.500769 0.827223 -5.500769 1.034029 -5.824343 1.034029 -5.500769 0.827223 -5.500769 1.034029 -5.500769 0.827223 -5.177194 0.827223 -5.177194 1.034029 -5.500769 1.034029 -5.177194 0.827223 -5.177194 1.034029 -5.177194 0.827223 -4.853619 0.827223 -4.853619 1.034029 -5.177194 1.034029 -4.853619 0.827223 -4.853619 1.034029 -4.853619 0.827223 -4.530045 0.827223 -4.530045 1.034029 -4.853619 1.034029 -4.530045 0.827223 -4.530045 1.034029 -4.530045 0.827223 -4.20647 0.827223 -4.20647 1.034029 -4.530045 1.034029 -4.20647 0.827223 -4.20647 1.034029 -4.20647 0.827223 -3.882895 0.827223 -3.882895 1.034029 -4.20647 1.034029 -3.882895 0.827223 -3.882895 1.034029 -3.882895 0.827223 -3.559321 0.620417 -6.147918 0.827223 -6.147918 0.620417 -5.824343 0.620417 -5.824343 0.827223 -6.147918 0.827223 -5.824343 0.620417 -5.824343 0.827223 -5.824343 0.620417 -5.500769 0.620417 -5.500769 0.827223 -5.824343 0.827223 -5.500769 0.620417 -5.500769 0.827223 -5.500769 0.620417 -5.177194 0.620417 -5.177194 0.827223 -5.500769 0.827223 -5.177194 0.620417 -5.177194 0.827223 -5.177194 0.620417 -4.853619 0.620417 -4.853619 0.827223 -5.177194 0.827223 -4.853619 0.620417 -4.853619 0.827223 -4.853619 0.620417 -4.530045 0.620417 -4.530045 0.827223 -4.853619 0.827223 -4.530045 0.620417 -4.530045 0.827223 -4.530045 0.620417 -4.20647 0.620417 -4.20647 0.827223 -4.530045 0.827223 -4.20647 0.620417 -4.20647 0.827223 -4.20647 0.620417 -3.882895 0.620417 -3.882895 0.827223 -4.20647 0.827223 -3.882895 0.620417 -3.882895 0.827223 -3.882895 0.620417 -3.559321 0.620417 -3.559321 0.827223 -3.882895 0.827223 -3.559321 0.413612 -6.147918 0.620417 -6.147918 0.413612 -5.824343 0.413612 -5.824343 0.620417 -6.147918 0.620417 -5.824343 0.413612 -5.824343 0.620417 -5.824343 0.413612 -5.500769 0.413612 -5.500769 0.620417 -5.824343 0.620417 -5.500769 0.413612 -5.500769 0.620417 -5.500769 0.413612 -5.177194 0.413612 -5.177194 0.620417 -5.500769 0.620417 -5.177194 0.413612 -5.177194 0.620417 -5.177194 0.413612 -4.853619 0.413612 -4.853619 0.620417 -5.177194 0.620417 -4.853619 0.413612 -4.853619 0.620417 -4.853619 0.413612 -4.530045 0.413612 -4.530045 0.620417 -4.853619 0.620417 -4.530045 0.413612 -4.530045 0.620417 -4.530045 0.413612 -4.20647 0.413612 -4.20647 0.620417 -4.530045 0.620417 -4.20647 0.413612 -4.20647 0.620417 -4.20647 0.413612 -3.882895 0.413612 -3.882895 0.620417 -4.20647 0.620417 -3.882895 0.413612 -3.882895 0.620417 -3.882895 0.413612 -3.559321 0.413612 -3.559321 0.620417 -3.882895 0.620417 -3.559321 0.206806 -6.147918 0.413612 -6.147918 0.206806 -5.824343 0.206806 -5.824343 0.413612 -6.147918 0.413612 -5.824343 0.206806 -5.824343 0.413612 -5.824343 0.206806 -5.500769 0.206806 -5.500769 0.413612 -5.824343 0.413612 -5.500769 0.206806 -5.500769 0.413612 -5.500769 0.206806 -5.177194 0.206806 -5.177194 0.413612 -5.500769 0.413612 -5.177194 0.206806 -5.177194 0.413612 -5.177194 0.206806 -4.853619 0.206806 -4.853619 0.413612 -5.177194 0.413612 -4.853619 0.206806 -4.853619 0.413612 -4.853619 0.206806 -4.530045 0.206806 -4.530045 0.413612 -4.853619 0.413612 -4.530045 0.206806 -4.530045 0.413612 -4.530045 0.206806 -4.20647 0.206806 -4.20647 0.413612 -4.530045 0.413612 -4.20647 0.206806 -4.20647 0.413612 -4.20647 0.206806 -3.882895 0.206806 -3.882895 0.413612 -4.20647 0.413612 -3.882895 0.206806 -3.882895 0.413612 -3.882895 0.206806 -3.559321 0.206806 -3.559321 0.413612 -3.882895 0.413612 -3.559321 0 -6.147918 0.206806 -6.147918 0 -5.824343 0 -5.824343 0.206806 -6.147918 0.206806 -5.824343 0 -5.824343 0.206806 -5.824343 0 -5.500769 0 -5.500769 0.206806 -5.824343 0.206806 -5.500769 0 -5.500769 0.206806 -5.500769 0 -5.177194 0 -5.177194 0.206806 -5.500769 0.206806 -5.177194 0 -5.177194 0.206806 -5.177194 0 -4.853619 0 -4.853619 0.206806 -5.177194 0.206806 -4.853619 0 -4.853619 0.206806 -4.853619 0 -4.530045 0 -4.530045 0.206806 -4.853619 0.206806 -4.530045 0 -4.530045 0.206806 -4.530045 0 -4.20647 0 -4.20647 0.206806 -4.530045 0.206806 -4.20647 0 -4.20647 0.206806 -4.20647 0 -3.882895 0 -3.882895 0.206806 -4.20647 0.206806 -3.882895 0 -3.882895 0.206806 -3.882895 0 -3.559321 0 -3.559321 0.206806 -3.882895 0.206806 -3.559321 -0.206806 -6.147918 0 -6.147918 -0.206806 -5.824343 -0.206806 -5.824343 0 -6.147918 0 -5.824343 -0.206806 -5.824343 0 -5.824343 -0.206806 -5.500769 -0.206806 -5.500769 0 -5.824343 0 -5.500769 -0.206806 -5.500769 0 -5.500769 -0.206806 -5.177194 -0.206806 -5.177194 0 -5.500769 0 -5.177194 -0.206806 -5.177194 0 -5.177194 -0.206806 -4.853619 -0.206806 -4.853619 0 -5.177194 0 -4.853619 -0.206806 -4.853619 0 -4.853619 -0.206806 -4.530045 -0.206806 -4.530045 0 -4.853619 0 -4.530045 -0.206806 -4.530045 0 -4.530045 -0.206806 -4.20647 -0.206806 -4.20647 0 -4.530045 0 -4.20647 -0.206806 -4.20647 0 -4.20647 -0.206806 -3.882895 -0.206806 -3.882895 0 -4.20647 0 -3.882895 -0.206806 -3.882895 0 -3.882895 -0.206806 -3.559321 -0.206806 -3.559321 0 -3.882895 0 -3.559321 -0.413612 -6.147918 -0.206806 -6.147918 -0.413612 -5.824343 -0.413612 -5.824343 -0.206806 -6.147918 -0.206806 -5.824343 -0.413612 -5.824343 -0.206806 -5.824343 -0.413612 -5.500769 -0.413612 -5.500769 -0.206806 -5.824343 -0.206806 -5.500769 -0.413612 -5.500769 -0.206806 -5.500769 -0.413612 -5.177194 -0.413612 -5.177194 -0.206806 -5.500769 -0.206806 -5.177194 -0.413612 -5.177194 -0.206806 -5.177194 -0.413612 -4.853619 -0.413612 -4.853619 -0.206806 -5.177194 -0.206806 -4.853619 -0.413612 -4.853619 -0.206806 -4.853619 -0.413612 -4.530045 -0.413612 -4.530045 -0.206806 -4.853619 -0.206806 -4.530045 -0.413612 -4.530045 -0.206806 -4.530045 -0.413612 -4.20647 -0.413612 -4.20647 -0.206806 -4.530045 -0.206806 -4.20647 -0.413612 -4.20647 -0.206806 -4.20647 -0.413612 -3.882895 -0.413612 -3.882895 -0.206806 -4.20647 -0.206806 -3.882895 -0.413612 -3.882895 -0.206806 -3.882895 -0.413612 -3.559321 -0.413612 -3.559321 -0.206806 -3.882895 -0.206806 -3.559321 -0.620417 -6.147918 -0.413612 -6.147918 -0.620417 -5.824343 -0.620417 -5.824343 -0.413612 -6.147918 -0.413612 -5.824343 -0.620417 -5.824343 -0.413612 -5.824343 -0.620417 -5.500769 -0.620417 -5.500769 -0.413612 -5.824343 -0.413612 -5.500769 -0.620417 -5.500769 -0.413612 -5.500769 -0.620417 -5.177194 -0.620417 -5.177194 -0.413612 -5.500769 -0.413612 -5.177194 -0.620417 -5.177194 -0.413612 -5.177194 -0.620417 -4.853619 -0.620417 -4.853619 -0.413612 -5.177194 -0.413612 -4.853619 -0.620417 -4.853619 -0.413612 -4.853619 -0.620417 -4.530045 -0.620417 -4.530045 -0.413612 -4.853619 -0.413612 -4.530045 -0.620417 -4.530045 -0.413612 -4.530045 -0.620417 -4.20647 -0.620417 -4.20647 -0.413612 -4.530045 -0.413612 -4.20647 -0.620417 -4.20647 -0.413612 -4.20647 -0.620417 -3.882895 -0.620417 -3.882895 -0.413612 -4.20647 -0.413612 -3.882895 -0.620417 -3.882895 -0.413612 -3.882895 -0.620417 -3.559321 -0.620417 -3.559321 -0.413612 -3.882895 -0.413612 -3.559321 -0.827223 -6.147918 -0.620417 -6.147918 -0.827223 -5.824343 -0.827223 -5.824343 -0.620417 -6.147918 -0.620417 -5.824343 -0.827223 -5.824343 -0.620417 -5.824343 -0.827223 -5.500769 -0.827223 -5.500769 -0.620417 -5.824343 -0.620417 -5.500769 -0.827223 -5.500769 -0.620417 -5.500769 -0.827223 -5.177194 -0.827223 -5.177194 -0.620417 -5.500769 -0.620417 -5.177194 -0.827223 -5.177194 -0.620417 -5.177194 -0.827223 -4.853619 -0.827223 -4.853619 -0.620417 -5.177194 -0.620417 -4.853619 -0.827223 -4.853619 -0.620417 -4.853619 -0.827223 -4.530045 -0.827223 -4.530045 -0.620417 -4.853619 -0.620417 -4.530045 -0.827223 -4.530045 -0.620417 -4.530045 -0.827223 -4.20647 -0.827223 -4.20647 -0.620417 -4.530045 -0.620417 -4.20647 -0.827223 -4.20647 -0.620417 -4.20647 -0.827223 -3.882895 -0.827223 -3.882895 -0.620417 -4.20647 -0.620417 -3.882895 -0.827223 -3.882895 -0.620417 -3.882895 -0.827223 -3.559321 -0.827223 -3.559321 -0.620417 -3.882895 -0.620417 -3.559321 -1.034029 -6.147918 -0.827223 -6.147918 -1.034029 -5.824343 -1.034029 -5.824343 -0.827223 -6.147918 -0.827223 -5.824343 -1.034029 -5.824343 -0.827223 -5.824343 -1.034029 -5.500769 -1.034029 -5.500769 -0.827223 -5.824343 -0.827223 -5.500769 -1.034029 -5.500769 -0.827223 -5.500769 -1.034029 -5.177194 -1.034029 -5.177194 -0.827223 -5.500769 -0.827223 -5.177194 -1.034029 -5.177194 -0.827223 -5.177194 -1.034029 -4.853619 -1.034029 -4.853619 -0.827223 -5.177194 -0.827223 -4.853619 -1.034029 -4.853619 -0.827223 -4.853619 -1.034029 -4.530045 -1.034029 -4.530045 -0.827223 -4.853619 -0.827223 -4.530045 -1.034029 -4.530045 -0.827223 -4.530045 -1.034029 -4.20647 -1.034029 -4.20647 -0.827223 -4.530045 -0.827223 -4.20647 -1.034029 -4.20647 -0.827223 -4.20647 -1.034029 -3.882895 -1.034029 -3.882895 -0.827223 -4.20647 -0.827223 -3.882895 -1.034029 -3.882895 -0.827223 -3.882895 -1.034029 -3.559321 -1.034029 -3.559321 -0.827223 -3.882895 -0.827223 -3.559321 -1.240835 -6.147918 -1.034029 -6.147918 -1.240835 -5.824343 -1.240835 -5.824343 -1.034029 -6.147918 -1.034029 -5.824343 -1.240835 -5.824343 -1.034029 -5.824343 -1.240835 -5.500769 -1.240835 -5.500769 -1.034029 -5.824343 -1.034029 -5.500769 -1.240835 -5.500769 -1.034029 -5.500769 -1.240835 -5.177194 -1.240835 -5.177194 -1.034029 -5.500769 -1.034029 -5.177194 -1.240835 -5.177194 -1.034029 -5.177194 -1.240835 -4.853619 -1.240835 -4.853619 -1.034029 -5.177194 -1.034029 -4.853619 -1.240835 -4.853619 -1.034029 -4.853619 -1.240835 -4.530045 -1.240835 -4.530045 -1.034029 -4.853619 -1.034029 -4.530045 -1.240835 -4.530045 -1.034029 -4.530045 -1.240835 -4.20647 -1.240835 -4.20647 -1.034029 -4.530045 -1.034029 -4.20647 -1.240835 -4.20647 -1.034029 -4.20647 -1.240835 -3.882895 -1.240835 -3.882895 -1.034029 -4.20647 -1.034029 -3.882895 -1.240835 -3.882895 -1.034029 -3.882895 -1.240835 -3.559321 -1.240835 -3.559321 -1.034029 -3.882895 -1.034029 -3.559321 -1.447641 -6.147918 -1.240835 -6.147918 -1.447641 -5.824343 -1.447641 -5.824343 -1.240835 -6.147918 -1.240835 -5.824343 -1.447641 -5.824343 -1.240835 -5.824343 -1.447641 -5.500769 -1.447641 -5.500769 -1.240835 -5.824343 -1.240835 -5.500769 -1.447641 -5.500769 -1.240835 -5.500769 -1.447641 -5.177194 -1.447641 -5.177194 -1.240835 -5.500769 -1.240835 -5.177194 -1.447641 -5.177194 -1.240835 -5.177194 -1.447641 -4.853619 -1.447641 -4.853619 -1.240835 -5.177194 -1.240835 -4.853619 -1.447641 -4.853619 -1.240835 -4.853619 -1.447641 -4.530045 -1.447641 -4.530045 -1.240835 -4.853619 -1.240835 -4.530045 -1.447641 -4.530045 -1.240835 -4.530045 -1.447641 -4.20647 -1.447641 -4.20647 -1.240835 -4.530045 -1.240835 -4.20647 -1.447641 -4.20647 -1.240835 -4.20647 -1.447641 -3.882895 -1.447641 -3.882895 -1.240835 -4.20647 -1.240835 -3.882895 -1.447641 -3.882895 -1.240835 -3.882895 -1.447641 -3.559321 -1.447641 -3.559321 -1.240835 -3.882895 -1.240835 -3.559321 -1.654446 -6.147918 -1.447641 -6.147918 -1.654446 -5.824343 -1.654446 -5.824343 -1.447641 -6.147918 -1.447641 -5.824343 -1.654446 -5.824343 -1.447641 -5.824343 -1.654446 -5.500769 -1.654446 -5.500769 -1.447641 -5.824343 -1.447641 -5.500769 -1.654446 -5.500769 -1.447641 -5.500769 -1.654446 -5.177194 -1.654446 -5.177194 -1.447641 -5.500769 -1.447641 -5.177194 -1.654446 -5.177194 -1.447641 -5.177194 -1.654446 -4.853619 -1.654446 -4.853619 -1.447641 -5.177194 -1.447641 -4.853619 -1.654446 -4.853619 -1.447641 -4.853619 -1.654446 -4.530045 -1.654446 -4.530045 -1.447641 -4.853619 -1.447641 -4.530045 -1.654446 -4.530045 -1.447641 -4.530045 -1.654446 -4.20647 -1.654446 -4.20647 -1.447641 -4.530045 -1.447641 -4.20647 -1.654446 -4.20647 -1.447641 -4.20647 -1.654446 -3.882895 -1.654446 -3.882895 -1.447641 -4.20647 -1.447641 -3.882895 -1.654446 -3.882895 -1.447641 -3.882895 -1.654446 -3.559321 -1.654446 -3.559321 -1.447641 -3.882895 -1.447641 -3.559321 -1.861252 -6.147918 -1.654446 -6.147918 -1.861252 -5.824343 -1.861252 -5.824343 -1.654446 -6.147918 -1.654446 -5.824343 -1.861252 -5.824343 -1.654446 -5.824343 -1.861252 -5.500769 -1.861252 -5.500769 -1.654446 -5.824343 -1.654446 -5.500769 -1.861252 -5.500769 -1.654446 -5.500769 -1.861252 -5.177194 -1.861252 -5.177194 -1.654446 -5.500769 -1.654446 -5.177194 -1.861252 -5.177194 -1.654446 -5.177194 -1.861252 -4.853619 -1.861252 -4.853619 -1.654446 -5.177194 -1.654446 -4.853619 -1.861252 -4.853619 -1.654446 -4.853619 -1.861252 -4.530045 -1.861252 -4.530045 -1.654446 -4.853619 -1.654446 -4.530045 -1.861252 -4.530045 -1.654446 -4.530045 -1.861252 -4.20647 -1.861252 -4.20647 -1.654446 -4.530045 -1.654446 -4.20647 -1.861252 -4.20647 -1.654446 -4.20647 -1.861252 -3.882895 -1.861252 -3.882895 -1.654446 -4.20647 -1.654446 -3.882895 -1.861252 -3.882895 -1.654446 -3.882895 -1.861252 -3.559321 -1.861252 -3.559321 -1.654446 -3.882895 -1.654446 -3.559321 -2.274864 -5.824343 -2.274864 -6.147918 -2.068058 -6.147918 -2.068058 -6.147918 -1.861252 -6.147918 -2.068058 -5.824343 -2.068058 -5.824343 -1.861252 -6.147918 -1.861252 -5.824343 -2.068058 -5.824343 -1.861252 -5.824343 -2.068058 -5.500769 -2.068058 -5.500769 -1.861252 -5.824343 -1.861252 -5.500769 -2.068058 -5.500769 -1.861252 -5.500769 -2.068058 -5.177194 -2.068058 -5.177194 -1.861252 -5.500769 -1.861252 -5.177194 -2.068058 -5.177194 -1.861252 -5.177194 -2.068058 -4.853619 -2.068058 -4.853619 -1.861252 -5.177194 -1.861252 -4.853619 -2.068058 -4.853619 -1.861252 -4.853619 -2.068058 -4.530045 -2.068058 -4.530045 -1.861252 -4.853619 -1.861252 -4.530045 -2.068058 -4.530045 -1.861252 -4.530045 -2.068058 -4.20647 -2.068058 -4.20647 -1.861252 -4.530045 -1.861252 -4.20647 -2.068058 -4.20647 -1.861252 -4.20647 -2.068058 -3.882895 -2.068058 -3.882895 -1.861252 -4.20647 -1.861252 -3.882895 -2.068058 -3.882895 -1.861252 -3.882895 -2.068058 -3.559321 -2.068058 -3.559321 -1.861252 -3.882895 -1.861252 -3.559321 -2.068058 -3.882895 -2.068058 -3.559321 -2.274864 -3.559321 -2.068058 -3.882895 -2.274864 -3.559321 -2.274864 -3.882895 -2.274864 -5.500769 -2.274864 -5.824343 -2.068058 -5.824343 -2.068058 -5.824343 -2.274864 -5.824343 -2.068058 -6.147918 -2.274864 -5.500769 -2.068058 -5.824343 -2.068058 -5.500769 -2.274864 -5.177194 -2.274864 -5.500769 -2.068058 -5.500769 -2.274864 -5.177194 -2.068058 -5.500769 -2.068058 -5.177194 -2.274864 -4.853619 -2.274864 -5.177194 -2.068058 -5.177194 -2.274864 -4.853619 -2.068058 -5.177194 -2.068058 -4.853619 -2.274864 -4.530045 -2.274864 -4.853619 -2.068058 -4.853619 -2.274864 -4.530045 -2.068058 -4.853619 -2.068058 -4.530045 -2.274864 -4.20647 -2.274864 -4.530045 -2.068058 -4.530045 -2.274864 -4.20647 -2.068058 -4.530045 -2.068058 -4.20647 -2.274864 -3.882895 -2.274864 -4.20647 -2.068058 -4.20647 -2.274864 -3.882895 -2.068058 -4.20647 -2.068058 -3.882895 -3.779897 -7.940654 -3.509905 -8.31878 -3.509905 -7.940654 -3.509905 -7.940654 -3.509905 -8.31878 -3.239912 -8.31878 -3.509905 -7.940654 -3.239912 -8.31878 -3.239912 -7.940654 -3.239912 -7.940654 -3.239912 -8.31878 -2.969919 -8.31878 -3.239912 -7.940654 -2.969919 -8.31878 -2.969919 -7.940654 -2.969919 -7.940654 -2.969919 -8.31878 -2.699927 -8.31878 -2.969919 -7.940654 -2.699927 -8.31878 -2.699927 -7.940654 -2.699927 -7.940654 -2.699927 -8.31878 -2.429934 -8.31878 -2.699927 -7.940654 -2.429934 -8.31878 -2.429934 -7.940654 -2.429934 -7.940654 -2.429934 -8.31878 -2.159941 -8.31878 -2.429934 -7.940654 -2.159941 -8.31878 -2.159941 -7.940654 -2.159941 -7.940654 -2.159941 -8.31878 -1.889949 -8.31878 -2.159941 -7.940654 -1.889949 -8.31878 -1.889949 -7.940654 -1.889949 -7.940654 -1.889949 -8.31878 -1.619956 -8.31878 -1.889949 -7.940654 -1.619956 -8.31878 -1.619956 -7.940654 -1.619956 -7.940654 -1.619956 -8.31878 -1.349963 -8.31878 -1.619956 -7.940654 -1.349963 -8.31878 -1.349963 -7.940654 -1.349963 -7.940654 -1.349963 -8.31878 -1.079971 -8.31878 -1.349963 -7.940654 -1.079971 -8.31878 -1.079971 -7.940654 -1.079971 -7.940654 -1.079971 -8.31878 -0.809978 -8.31878 -1.079971 -7.940654 -0.809978 -8.31878 -0.809978 -7.940654 -0.809978 -7.940654 -0.809978 -8.31878 -0.539985 -8.31878 -0.809978 -7.940654 -0.539985 -8.31878 -0.539985 -7.940654 -0.539985 -7.940654 -0.539985 -8.31878 -0.269993 -8.31878 -0.539985 -7.940654 -0.269993 -8.31878 -0.269993 -7.940654 -0.269993 -7.940654 -0.269993 -8.31878 0 -8.31878 -0.269993 -7.940654 0 -8.31878 0 -7.940654 0 -7.940654 0 -8.31878 0.269993 -8.31878 0 -7.940654 0.269993 -8.31878 0.269993 -7.940654 0.269993 -7.940654 0.269993 -8.31878 0.539985 -8.31878 0.269993 -7.940654 0.539985 -8.31878 0.539985 -7.940654 0.539985 -7.940654 0.539985 -8.31878 0.809978 -8.31878 0.539985 -7.940654 0.809978 -8.31878 0.809978 -7.940654 0.809978 -7.940654 0.809978 -8.31878 1.079971 -8.31878 0.809978 -7.940654 1.079971 -8.31878 1.079971 -7.940654 1.079971 -7.940654 1.079971 -8.31878 1.349963 -8.31878 1.079971 -7.940654 1.349963 -8.31878 1.349963 -7.940654 1.349963 -7.940654 1.349963 -8.31878 1.619956 -8.31878 1.349963 -7.940654 1.619956 -8.31878 1.619956 -7.940654 1.619956 -7.940654 1.619956 -8.31878 1.889949 -8.31878 1.619956 -7.940654 1.889949 -8.31878 1.889949 -7.940654 1.889949 -7.940654 1.889949 -8.31878 2.159941 -8.31878 1.889949 -7.940654 2.159941 -8.31878 2.159941 -7.940654 2.159941 -7.940654 2.159941 -8.31878 2.429934 -8.31878 2.159941 -7.940654 2.429934 -8.31878 2.429934 -7.940654 2.429934 -7.940654 2.429934 -8.31878 2.699927 -8.31878 2.429934 -7.940654 2.699927 -8.31878 2.699927 -7.940654 2.699927 -7.940654 2.699927 -8.31878 2.969919 -8.31878 2.699927 -7.940654 2.969919 -8.31878 2.969919 -7.940654 2.969919 -7.940654 2.969919 -8.31878 3.239912 -8.31878 2.969919 -7.940654 3.239912 -8.31878 3.239912 -7.940654 3.239912 -7.940654 3.239912 -8.31878 3.509905 -8.31878 3.239912 -7.940654 3.509905 -8.31878 3.509905 -7.940654 3.509905 -7.940654 3.509905 -8.31878 3.779897 -8.31878 3.779897 -4.537517 3.509905 -4.15939 3.509905 -4.537517 3.509905 -4.537517 3.509905 -4.15939 3.239912 -4.15939 3.509905 -4.537517 3.239912 -4.15939 3.239912 -4.537517 3.239912 -4.537517 3.239912 -4.15939 2.969919 -4.15939 3.239912 -4.537517 2.969919 -4.15939 2.969919 -4.537517 2.969919 -4.537517 2.969919 -4.15939 2.699927 -4.15939 2.969919 -4.537517 2.699927 -4.15939 2.699927 -4.537517 2.699927 -4.537517 2.699927 -4.15939 2.429934 -4.15939 2.699927 -4.537517 2.429934 -4.15939 2.429934 -4.537517 2.429934 -4.537517 2.429934 -4.15939 2.159941 -4.15939 2.429934 -4.537517 2.159941 -4.15939 2.159941 -4.537517 2.159941 -4.537517 2.159941 -4.15939 1.889949 -4.15939 2.159941 -4.537517 1.889949 -4.15939 1.889949 -4.537517 1.889949 -4.537517 1.889949 -4.15939 1.619956 -4.15939 1.889949 -4.537517 1.619956 -4.15939 1.619956 -4.537517 1.619956 -4.537517 1.619956 -4.15939 1.349963 -4.15939 1.619956 -4.537517 1.349963 -4.15939 1.349963 -4.537517 1.349963 -4.537517 1.349963 -4.15939 1.079971 -4.15939 1.349963 -4.537517 1.079971 -4.15939 1.079971 -4.537517 1.079971 -4.537517 1.079971 -4.15939 0.809978 -4.15939 1.079971 -4.537517 0.809978 -4.15939 0.809978 -4.537517 0.809978 -4.537517 0.809978 -4.15939 0.539985 -4.15939 0.809978 -4.537517 0.539985 -4.15939 0.539985 -4.537517 0.539985 -4.537517 0.539985 -4.15939 0.269993 -4.15939 0.539985 -4.537517 0.269993 -4.15939 0.269993 -4.537517 0.269993 -4.537517 0.269993 -4.15939 0 -4.15939 0.269993 -4.537517 0 -4.15939 0 -4.537517 0 -4.537517 0 -4.15939 -0.269993 -4.15939 0 -4.537517 -0.269993 -4.15939 -0.269993 -4.537517 -0.269993 -4.537517 -0.269993 -4.15939 -0.539985 -4.15939 -0.269993 -4.537517 -0.539985 -4.15939 -0.539985 -4.537517 -0.539985 -4.537517 -0.539985 -4.15939 -0.809978 -4.15939 -0.539985 -4.537517 -0.809978 -4.15939 -0.809978 -4.537517 -0.809978 -4.537517 -0.809978 -4.15939 -1.079971 -4.15939 -0.809978 -4.537517 -1.079971 -4.15939 -1.079971 -4.537517 -1.079971 -4.537517 -1.079971 -4.15939 -1.349963 -4.15939 -1.079971 -4.537517 -1.349963 -4.15939 -1.349963 -4.537517 -1.349963 -4.537517 -1.349963 -4.15939 -1.619956 -4.15939 -1.349963 -4.537517 -1.619956 -4.15939 -1.619956 -4.537517 -1.619956 -4.537517 -1.619956 -4.15939 -1.889949 -4.15939 -1.619956 -4.537517 -1.889949 -4.15939 -1.889949 -4.537517 -1.889949 -4.537517 -1.889949 -4.15939 -2.159941 -4.15939 -1.889949 -4.537517 -2.159941 -4.15939 -2.159941 -4.537517 -2.159941 -4.537517 -2.159941 -4.15939 -2.429934 -4.15939 -2.159941 -4.537517 -2.429934 -4.15939 -2.429934 -4.537517 -2.429934 -4.537517 -2.429934 -4.15939 -2.699927 -4.15939 -2.429934 -4.537517 -2.699927 -4.15939 -2.699927 -4.537517 -2.699927 -4.537517 -2.699927 -4.15939 -2.969919 -4.15939 -2.699927 -4.537517 -2.969919 -4.15939 -2.969919 -4.537517 -2.969919 -4.537517 -2.969919 -4.15939 -3.239912 -4.15939 -2.969919 -4.537517 -3.239912 -4.15939 -3.239912 -4.537517 -3.239912 -4.537517 -3.239912 -4.15939 -3.509905 -4.15939 -3.239912 -4.537517 -3.509905 -4.15939 -3.509905 -4.537517 -3.509905 -4.537517 -3.509905 -4.15939 -3.779897 -4.15939 3.509905 -7.940654 3.779897 -7.940654 3.509905 -7.562528 3.509905 -7.562528 3.779897 -7.562528 3.509905 -7.184401 3.509905 -7.184401 3.779897 -7.184401 3.509905 -6.806275 3.509905 -6.806275 3.779897 -6.806275 3.509905 -6.428148 3.509905 -6.428148 3.779897 -6.428148 3.509905 -6.050022 3.509905 -6.050022 3.779897 -6.050022 3.509905 -5.671896 3.509905 -5.671896 3.779897 -5.671896 3.509905 -5.293769 3.509905 -5.293769 3.779897 -5.293769 3.509905 -4.915643 3.509905 -4.915643 3.779897 -4.915643 3.509905 -4.537517 -3.509905 -4.537517 -3.779897 -4.537517 -3.509905 -4.915643 -3.509905 -4.915643 -3.779897 -4.915643 -3.509905 -5.293769 -3.509905 -5.293769 -3.779897 -5.293769 -3.509905 -5.671896 -3.509905 -5.671896 -3.779897 -5.671896 -3.509905 -6.050022 -3.509905 -6.050022 -3.779897 -6.050022 -3.509905 -6.428148 -3.509905 -6.428148 -3.779897 -6.428148 -3.509905 -6.806275 -3.509905 -6.806275 -3.779897 -6.806275 -3.509905 -7.184401 -3.509905 -7.184401 -3.779897 -7.184401 -3.509905 -7.562528 -3.509905 -7.562528 -3.779897 -7.562528 -3.509905 -7.940654 3.239912 -7.940654 3.509905 -7.940654 3.239912 -7.562528 3.239912 -7.562528 3.509905 -7.940654 3.509905 -7.562528 3.239912 -7.562528 3.509905 -7.562528 3.239912 -7.184401 3.239912 -7.184401 3.509905 -7.562528 3.509905 -7.184401 3.239912 -7.184401 3.509905 -7.184401 3.239912 -6.806275 3.239912 -6.806275 3.509905 -7.184401 3.509905 -6.806275 3.239912 -6.806275 3.509905 -6.806275 3.239912 -6.428148 3.239912 -6.428148 3.509905 -6.806275 3.509905 -6.428148 3.239912 -6.428148 3.509905 -6.428148 3.239912 -6.050022 3.239912 -6.050022 3.509905 -6.428148 3.509905 -6.050022 3.239912 -6.050022 3.509905 -6.050022 3.239912 -5.671896 3.239912 -5.671896 3.509905 -6.050022 3.509905 -5.671896 3.239912 -5.671896 3.509905 -5.671896 3.239912 -5.293769 3.239912 -5.293769 3.509905 -5.671896 3.509905 -5.293769 3.239912 -5.293769 3.509905 -5.293769 3.239912 -4.915643 3.239912 -4.915643 3.509905 -5.293769 3.509905 -4.915643 3.239912 -4.915643 3.509905 -4.915643 3.239912 -4.537517 3.239912 -4.537517 3.509905 -4.915643 3.509905 -4.537517 2.969919 -7.940654 3.239912 -7.940654 2.969919 -7.562528 2.969919 -7.562528 3.239912 -7.940654 3.239912 -7.562528 2.969919 -7.562528 3.239912 -7.562528 2.969919 -7.184401 2.969919 -7.184401 3.239912 -7.562528 3.239912 -7.184401 2.969919 -7.184401 3.239912 -7.184401 2.969919 -6.806275 2.969919 -6.806275 3.239912 -7.184401 3.239912 -6.806275 2.969919 -6.806275 3.239912 -6.806275 2.969919 -6.428148 2.969919 -6.428148 3.239912 -6.806275 3.239912 -6.428148 2.969919 -6.428148 3.239912 -6.428148 2.969919 -6.050022 2.969919 -6.050022 3.239912 -6.428148 3.239912 -6.050022 2.969919 -6.050022 3.239912 -6.050022 2.969919 -5.671896 2.969919 -5.671896 3.239912 -6.050022 3.239912 -5.671896 2.969919 -5.671896 3.239912 -5.671896 2.969919 -5.293769 2.969919 -5.293769 3.239912 -5.671896 3.239912 -5.293769 2.969919 -5.293769 3.239912 -5.293769 2.969919 -4.915643 2.969919 -4.915643 3.239912 -5.293769 3.239912 -4.915643 2.969919 -4.915643 3.239912 -4.915643 2.969919 -4.537517 2.969919 -4.537517 3.239912 -4.915643 3.239912 -4.537517 2.699927 -7.940654 2.969919 -7.940654 2.699927 -7.562528 2.699927 -7.562528 2.969919 -7.940654 2.969919 -7.562528 2.699927 -7.562528 2.969919 -7.562528 2.699927 -7.184401 2.699927 -7.184401 2.969919 -7.562528 2.969919 -7.184401 2.699927 -7.184401 2.969919 -7.184401 2.699927 -6.806275 2.699927 -6.806275 2.969919 -7.184401 2.969919 -6.806275 2.699927 -6.806275 2.969919 -6.806275 2.699927 -6.428148 2.699927 -6.428148 2.969919 -6.806275 2.969919 -6.428148 2.699927 -6.428148 2.969919 -6.428148 2.699927 -6.050022 2.699927 -6.050022 2.969919 -6.428148 2.969919 -6.050022 2.699927 -6.050022 2.969919 -6.050022 2.699927 -5.671896 2.699927 -5.671896 2.969919 -6.050022 2.969919 -5.671896 2.699927 -5.671896 2.969919 -5.671896 2.699927 -5.293769 2.699927 -5.293769 2.969919 -5.671896 2.969919 -5.293769 2.699927 -5.293769 2.969919 -5.293769 2.699927 -4.915643 2.699927 -4.915643 2.969919 -5.293769 2.969919 -4.915643 2.699927 -4.915643 2.969919 -4.915643 2.699927 -4.537517 2.699927 -4.537517 2.969919 -4.915643 2.969919 -4.537517 2.429934 -7.940654 2.699927 -7.940654 2.429934 -7.562528 2.429934 -7.562528 2.699927 -7.940654 2.699927 -7.562528 2.429934 -7.562528 2.699927 -7.562528 2.429934 -7.184401 2.429934 -7.184401 2.699927 -7.562528 2.699927 -7.184401 2.429934 -7.184401 2.699927 -7.184401 2.429934 -6.806275 2.429934 -6.806275 2.699927 -7.184401 2.699927 -6.806275 2.429934 -6.806275 2.699927 -6.806275 2.429934 -6.428148 2.429934 -6.428148 2.699927 -6.806275 2.699927 -6.428148 2.429934 -6.428148 2.699927 -6.428148 2.429934 -6.050022 2.429934 -6.050022 2.699927 -6.428148 2.699927 -6.050022 2.429934 -6.050022 2.699927 -6.050022 2.429934 -5.671896 2.429934 -5.671896 2.699927 -6.050022 2.699927 -5.671896 2.429934 -5.671896 2.699927 -5.671896 2.429934 -5.293769 2.429934 -5.293769 2.699927 -5.671896 2.699927 -5.293769 2.429934 -5.293769 2.699927 -5.293769 2.429934 -4.915643 2.429934 -4.915643 2.699927 -5.293769 2.699927 -4.915643 2.429934 -4.915643 2.699927 -4.915643 2.429934 -4.537517 2.429934 -4.537517 2.699927 -4.915643 2.699927 -4.537517 2.159941 -7.940654 2.429934 -7.940654 2.159941 -7.562528 2.159941 -7.562528 2.429934 -7.940654 2.429934 -7.562528 2.159941 -7.562528 2.429934 -7.562528 2.159941 -7.184401 2.159941 -7.184401 2.429934 -7.562528 2.429934 -7.184401 2.159941 -7.184401 2.429934 -7.184401 2.159941 -6.806275 2.159941 -6.806275 2.429934 -7.184401 2.429934 -6.806275 2.159941 -6.806275 2.429934 -6.806275 2.159941 -6.428148 2.159941 -6.428148 2.429934 -6.806275 2.429934 -6.428148 2.159941 -6.428148 2.429934 -6.428148 2.159941 -6.050022 2.159941 -6.050022 2.429934 -6.428148 2.429934 -6.050022 2.159941 -6.050022 2.429934 -6.050022 2.159941 -5.671896 2.159941 -5.671896 2.429934 -6.050022 2.429934 -5.671896 2.159941 -5.671896 2.429934 -5.671896 2.159941 -5.293769 2.159941 -5.293769 2.429934 -5.671896 2.429934 -5.293769 2.159941 -5.293769 2.429934 -5.293769 2.159941 -4.915643 2.159941 -4.915643 2.429934 -5.293769 2.429934 -4.915643 2.159941 -4.915643 2.429934 -4.915643 2.159941 -4.537517 2.159941 -4.537517 2.429934 -4.915643 2.429934 -4.537517 1.889949 -7.940654 2.159941 -7.940654 1.889949 -7.562528 1.889949 -7.562528 2.159941 -7.940654 2.159941 -7.562528 1.889949 -7.562528 2.159941 -7.562528 1.889949 -7.184401 1.889949 -7.184401 2.159941 -7.562528 2.159941 -7.184401 1.889949 -7.184401 2.159941 -7.184401 1.889949 -6.806275 1.889949 -6.806275 2.159941 -7.184401 2.159941 -6.806275 1.889949 -6.806275 2.159941 -6.806275 1.889949 -6.428148 1.889949 -6.428148 2.159941 -6.806275 2.159941 -6.428148 1.889949 -6.428148 2.159941 -6.428148 1.889949 -6.050022 1.889949 -6.050022 2.159941 -6.428148 2.159941 -6.050022 1.889949 -6.050022 2.159941 -6.050022 1.889949 -5.671896 1.889949 -5.671896 2.159941 -6.050022 2.159941 -5.671896 1.889949 -5.671896 2.159941 -5.671896 1.889949 -5.293769 1.889949 -5.293769 2.159941 -5.671896 2.159941 -5.293769 1.889949 -5.293769 2.159941 -5.293769 1.889949 -4.915643 1.889949 -4.915643 2.159941 -5.293769 2.159941 -4.915643 1.889949 -4.915643 2.159941 -4.915643 1.889949 -4.537517 1.889949 -4.537517 2.159941 -4.915643 2.159941 -4.537517 1.619956 -7.940654 1.889949 -7.940654 1.619956 -7.562528 1.619956 -7.562528 1.889949 -7.940654 1.889949 -7.562528 1.619956 -7.562528 1.889949 -7.562528 1.619956 -7.184401 1.619956 -7.184401 1.889949 -7.562528 1.889949 -7.184401 1.619956 -7.184401 1.889949 -7.184401 1.619956 -6.806275 1.619956 -6.806275 1.889949 -7.184401 1.889949 -6.806275 1.619956 -6.806275 1.889949 -6.806275 1.619956 -6.428148 1.619956 -6.428148 1.889949 -6.806275 1.889949 -6.428148 1.619956 -6.428148 1.889949 -6.428148 1.619956 -6.050022 1.619956 -6.050022 1.889949 -6.428148 1.889949 -6.050022 1.619956 -6.050022 1.889949 -6.050022 1.619956 -5.671896 1.619956 -5.671896 1.889949 -6.050022 1.889949 -5.671896 1.619956 -5.671896 1.889949 -5.671896 1.619956 -5.293769 1.619956 -5.293769 1.889949 -5.671896 1.889949 -5.293769 1.619956 -5.293769 1.889949 -5.293769 1.619956 -4.915643 1.619956 -4.915643 1.889949 -5.293769 1.889949 -4.915643 1.619956 -4.915643 1.889949 -4.915643 1.619956 -4.537517 1.619956 -4.537517 1.889949 -4.915643 1.889949 -4.537517 1.349963 -7.940654 1.619956 -7.940654 1.349963 -7.562528 1.349963 -7.562528 1.619956 -7.940654 1.619956 -7.562528 1.349963 -7.562528 1.619956 -7.562528 1.349963 -7.184401 1.349963 -7.184401 1.619956 -7.562528 1.619956 -7.184401 1.349963 -7.184401 1.619956 -7.184401 1.349963 -6.806275 1.349963 -6.806275 1.619956 -7.184401 1.619956 -6.806275 1.349963 -6.806275 1.619956 -6.806275 1.349963 -6.428148 1.349963 -6.428148 1.619956 -6.806275 1.619956 -6.428148 1.349963 -6.428148 1.619956 -6.428148 1.349963 -6.050022 1.349963 -6.050022 1.619956 -6.428148 1.619956 -6.050022 1.349963 -6.050022 1.619956 -6.050022 1.349963 -5.671896 1.349963 -5.671896 1.619956 -6.050022 1.619956 -5.671896 1.349963 -5.671896 1.619956 -5.671896 1.349963 -5.293769 1.349963 -5.293769 1.619956 -5.671896 1.619956 -5.293769 1.349963 -5.293769 1.619956 -5.293769 1.349963 -4.915643 1.349963 -4.915643 1.619956 -5.293769 1.619956 -4.915643 1.349963 -4.915643 1.619956 -4.915643 1.349963 -4.537517 1.349963 -4.537517 1.619956 -4.915643 1.619956 -4.537517 1.079971 -7.940654 1.349963 -7.940654 1.079971 -7.562528 1.079971 -7.562528 1.349963 -7.940654 1.349963 -7.562528 1.079971 -7.562528 1.349963 -7.562528 1.079971 -7.184401 1.079971 -7.184401 1.349963 -7.562528 1.349963 -7.184401 1.079971 -7.184401 1.349963 -7.184401 1.079971 -6.806275 1.079971 -6.806275 1.349963 -7.184401 1.349963 -6.806275 1.079971 -6.806275 1.349963 -6.806275 1.079971 -6.428148 1.079971 -6.428148 1.349963 -6.806275 1.349963 -6.428148 1.079971 -6.428148 1.349963 -6.428148 1.079971 -6.050022 1.079971 -6.050022 1.349963 -6.428148 1.349963 -6.050022 1.079971 -6.050022 1.349963 -6.050022 1.079971 -5.671896 1.079971 -5.671896 1.349963 -6.050022 1.349963 -5.671896 1.079971 -5.671896 1.349963 -5.671896 1.079971 -5.293769 1.079971 -5.293769 1.349963 -5.671896 1.349963 -5.293769 1.079971 -5.293769 1.349963 -5.293769 1.079971 -4.915643 1.079971 -4.915643 1.349963 -5.293769 1.349963 -4.915643 1.079971 -4.915643 1.349963 -4.915643 1.079971 -4.537517 1.079971 -4.537517 1.349963 -4.915643 1.349963 -4.537517 0.809978 -7.940654 1.079971 -7.940654 0.809978 -7.562528 0.809978 -7.562528 1.079971 -7.940654 1.079971 -7.562528 0.809978 -7.562528 1.079971 -7.562528 0.809978 -7.184401 0.809978 -7.184401 1.079971 -7.562528 1.079971 -7.184401 0.809978 -7.184401 1.079971 -7.184401 0.809978 -6.806275 0.809978 -6.806275 1.079971 -7.184401 1.079971 -6.806275 0.809978 -6.806275 1.079971 -6.806275 0.809978 -6.428148 0.809978 -6.428148 1.079971 -6.806275 1.079971 -6.428148 0.809978 -6.428148 1.079971 -6.428148 0.809978 -6.050022 0.809978 -6.050022 1.079971 -6.428148 1.079971 -6.050022 0.809978 -6.050022 1.079971 -6.050022 0.809978 -5.671896 0.809978 -5.671896 1.079971 -6.050022 1.079971 -5.671896 0.809978 -5.671896 1.079971 -5.671896 0.809978 -5.293769 0.809978 -5.293769 1.079971 -5.671896 1.079971 -5.293769 0.809978 -5.293769 1.079971 -5.293769 0.809978 -4.915643 0.809978 -4.915643 1.079971 -5.293769 1.079971 -4.915643 0.809978 -4.915643 1.079971 -4.915643 0.809978 -4.537517 0.809978 -4.537517 1.079971 -4.915643 1.079971 -4.537517 0.539985 -7.940654 0.809978 -7.940654 0.539985 -7.562528 0.539985 -7.562528 0.809978 -7.940654 0.809978 -7.562528 0.539985 -7.562528 0.809978 -7.562528 0.539985 -7.184401 0.539985 -7.184401 0.809978 -7.562528 0.809978 -7.184401 0.539985 -7.184401 0.809978 -7.184401 0.539985 -6.806275 0.539985 -6.806275 0.809978 -7.184401 0.809978 -6.806275 0.539985 -6.806275 0.809978 -6.806275 0.539985 -6.428148 0.539985 -6.428148 0.809978 -6.806275 0.809978 -6.428148 0.539985 -6.428148 0.809978 -6.428148 0.539985 -6.050022 0.539985 -6.050022 0.809978 -6.428148 0.809978 -6.050022 0.539985 -6.050022 0.809978 -6.050022 0.539985 -5.671896 0.539985 -5.671896 0.809978 -6.050022 0.809978 -5.671896 0.539985 -5.671896 0.809978 -5.671896 0.539985 -5.293769 0.539985 -5.293769 0.809978 -5.671896 0.809978 -5.293769 0.539985 -5.293769 0.809978 -5.293769 0.539985 -4.915643 0.539985 -4.915643 0.809978 -5.293769 0.809978 -4.915643 0.539985 -4.915643 0.809978 -4.915643 0.539985 -4.537517 0.539985 -4.537517 0.809978 -4.915643 0.809978 -4.537517 0.269993 -7.940654 0.539985 -7.940654 0.269993 -7.562528 0.269993 -7.562528 0.539985 -7.940654 0.539985 -7.562528 0.269993 -7.562528 0.539985 -7.562528 0.269993 -7.184401 0.269993 -7.184401 0.539985 -7.562528 0.539985 -7.184401 0.269993 -7.184401 0.539985 -7.184401 0.269993 -6.806275 0.269993 -6.806275 0.539985 -7.184401 0.539985 -6.806275 0.269993 -6.806275 0.539985 -6.806275 0.269993 -6.428148 0.269993 -6.428148 0.539985 -6.806275 0.539985 -6.428148 0.269993 -6.428148 0.539985 -6.428148 0.269993 -6.050022 0.269993 -6.050022 0.539985 -6.428148 0.539985 -6.050022 0.269993 -6.050022 0.539985 -6.050022 0.269993 -5.671896 0.269993 -5.671896 0.539985 -6.050022 0.539985 -5.671896 0.269993 -5.671896 0.539985 -5.671896 0.269993 -5.293769 0.269993 -5.293769 0.539985 -5.671896 0.539985 -5.293769 0.269993 -5.293769 0.539985 -5.293769 0.269993 -4.915643 0.269993 -4.915643 0.539985 -5.293769 0.539985 -4.915643 0.269993 -4.915643 0.539985 -4.915643 0.269993 -4.537517 0.269993 -4.537517 0.539985 -4.915643 0.539985 -4.537517 0 -7.940654 0.269993 -7.940654 0 -7.562528 0 -7.562528 0.269993 -7.940654 0.269993 -7.562528 0 -7.562528 0.269993 -7.562528 0 -7.184401 0 -7.184401 0.269993 -7.562528 0.269993 -7.184401 0 -7.184401 0.269993 -7.184401 0 -6.806275 0 -6.806275 0.269993 -7.184401 0.269993 -6.806275 0 -6.806275 0.269993 -6.806275 0 -6.428148 0 -6.428148 0.269993 -6.806275 0.269993 -6.428148 0 -6.428148 0.269993 -6.428148 0 -6.050022 0 -6.050022 0.269993 -6.428148 0.269993 -6.050022 0 -6.050022 0.269993 -6.050022 0 -5.671896 0 -5.671896 0.269993 -6.050022 0.269993 -5.671896 0 -5.671896 0.269993 -5.671896 0 -5.293769 0 -5.293769 0.269993 -5.671896 0.269993 -5.293769 0 -5.293769 0.269993 -5.293769 0 -4.915643 0 -4.915643 0.269993 -5.293769 0.269993 -4.915643 0 -4.915643 0.269993 -4.915643 0 -4.537517 0 -4.537517 0.269993 -4.915643 0.269993 -4.537517 -0.269993 -7.940654 0 -7.940654 -0.269993 -7.562528 -0.269993 -7.562528 0 -7.940654 0 -7.562528 -0.269993 -7.562528 0 -7.562528 -0.269993 -7.184401 -0.269993 -7.184401 0 -7.562528 0 -7.184401 -0.269993 -7.184401 0 -7.184401 -0.269993 -6.806275 -0.269993 -6.806275 0 -7.184401 0 -6.806275 -0.269993 -6.806275 0 -6.806275 -0.269993 -6.428148 -0.269993 -6.428148 0 -6.806275 0 -6.428148 -0.269993 -6.428148 0 -6.428148 -0.269993 -6.050022 -0.269993 -6.050022 0 -6.428148 0 -6.050022 -0.269993 -6.050022 0 -6.050022 -0.269993 -5.671896 -0.269993 -5.671896 0 -6.050022 0 -5.671896 -0.269993 -5.671896 0 -5.671896 -0.269993 -5.293769 -0.269993 -5.293769 0 -5.671896 0 -5.293769 -0.269993 -5.293769 0 -5.293769 -0.269993 -4.915643 -0.269993 -4.915643 0 -5.293769 0 -4.915643 -0.269993 -4.915643 0 -4.915643 -0.269993 -4.537517 -0.269993 -4.537517 0 -4.915643 0 -4.537517 -0.539985 -7.940654 -0.269993 -7.940654 -0.539985 -7.562528 -0.539985 -7.562528 -0.269993 -7.940654 -0.269993 -7.562528 -0.539985 -7.562528 -0.269993 -7.562528 -0.539985 -7.184401 -0.539985 -7.184401 -0.269993 -7.562528 -0.269993 -7.184401 -0.539985 -7.184401 -0.269993 -7.184401 -0.539985 -6.806275 -0.539985 -6.806275 -0.269993 -7.184401 -0.269993 -6.806275 -0.539985 -6.806275 -0.269993 -6.806275 -0.539985 -6.428148 -0.539985 -6.428148 -0.269993 -6.806275 -0.269993 -6.428148 -0.539985 -6.428148 -0.269993 -6.428148 -0.539985 -6.050022 -0.539985 -6.050022 -0.269993 -6.428148 -0.269993 -6.050022 -0.539985 -6.050022 -0.269993 -6.050022 -0.539985 -5.671896 -0.539985 -5.671896 -0.269993 -6.050022 -0.269993 -5.671896 -0.539985 -5.671896 -0.269993 -5.671896 -0.539985 -5.293769 -0.539985 -5.293769 -0.269993 -5.671896 -0.269993 -5.293769 -0.539985 -5.293769 -0.269993 -5.293769 -0.539985 -4.915643 -0.539985 -4.915643 -0.269993 -5.293769 -0.269993 -4.915643 -0.539985 -4.915643 -0.269993 -4.915643 -0.539985 -4.537517 -0.539985 -4.537517 -0.269993 -4.915643 -0.269993 -4.537517 -0.809978 -7.940654 -0.539985 -7.940654 -0.809978 -7.562528 -0.809978 -7.562528 -0.539985 -7.940654 -0.539985 -7.562528 -0.809978 -7.562528 -0.539985 -7.562528 -0.809978 -7.184401 -0.809978 -7.184401 -0.539985 -7.562528 -0.539985 -7.184401 -0.809978 -7.184401 -0.539985 -7.184401 -0.809978 -6.806275 -0.809978 -6.806275 -0.539985 -7.184401 -0.539985 -6.806275 -0.809978 -6.806275 -0.539985 -6.806275 -0.809978 -6.428148 -0.809978 -6.428148 -0.539985 -6.806275 -0.539985 -6.428148 -0.809978 -6.428148 -0.539985 -6.428148 -0.809978 -6.050022 -0.809978 -6.050022 -0.539985 -6.428148 -0.539985 -6.050022 -0.809978 -6.050022 -0.539985 -6.050022 -0.809978 -5.671896 -0.809978 -5.671896 -0.539985 -6.050022 -0.539985 -5.671896 -0.809978 -5.671896 -0.539985 -5.671896 -0.809978 -5.293769 -0.809978 -5.293769 -0.539985 -5.671896 -0.539985 -5.293769 -0.809978 -5.293769 -0.539985 -5.293769 -0.809978 -4.915643 -0.809978 -4.915643 -0.539985 -5.293769 -0.539985 -4.915643 -0.809978 -4.915643 -0.539985 -4.915643 -0.809978 -4.537517 -0.809978 -4.537517 -0.539985 -4.915643 -0.539985 -4.537517 -1.079971 -7.940654 -0.809978 -7.940654 -1.079971 -7.562528 -1.079971 -7.562528 -0.809978 -7.940654 -0.809978 -7.562528 -1.079971 -7.562528 -0.809978 -7.562528 -1.079971 -7.184401 -1.079971 -7.184401 -0.809978 -7.562528 -0.809978 -7.184401 -1.079971 -7.184401 -0.809978 -7.184401 -1.079971 -6.806275 -1.079971 -6.806275 -0.809978 -7.184401 -0.809978 -6.806275 -1.079971 -6.806275 -0.809978 -6.806275 -1.079971 -6.428148 -1.079971 -6.428148 -0.809978 -6.806275 -0.809978 -6.428148 -1.079971 -6.428148 -0.809978 -6.428148 -1.079971 -6.050022 -1.079971 -6.050022 -0.809978 -6.428148 -0.809978 -6.050022 -1.079971 -6.050022 -0.809978 -6.050022 -1.079971 -5.671896 -1.079971 -5.671896 -0.809978 -6.050022 -0.809978 -5.671896 -1.079971 -5.671896 -0.809978 -5.671896 -1.079971 -5.293769 -1.079971 -5.293769 -0.809978 -5.671896 -0.809978 -5.293769 -1.079971 -5.293769 -0.809978 -5.293769 -1.079971 -4.915643 -1.079971 -4.915643 -0.809978 -5.293769 -0.809978 -4.915643 -1.079971 -4.915643 -0.809978 -4.915643 -1.079971 -4.537517 -1.079971 -4.537517 -0.809978 -4.915643 -0.809978 -4.537517 -1.349963 -7.940654 -1.079971 -7.940654 -1.349963 -7.562528 -1.349963 -7.562528 -1.079971 -7.940654 -1.079971 -7.562528 -1.349963 -7.562528 -1.079971 -7.562528 -1.349963 -7.184401 -1.349963 -7.184401 -1.079971 -7.562528 -1.079971 -7.184401 -1.349963 -7.184401 -1.079971 -7.184401 -1.349963 -6.806275 -1.349963 -6.806275 -1.079971 -7.184401 -1.079971 -6.806275 -1.349963 -6.806275 -1.079971 -6.806275 -1.349963 -6.428148 -1.349963 -6.428148 -1.079971 -6.806275 -1.079971 -6.428148 -1.349963 -6.428148 -1.079971 -6.428148 -1.349963 -6.050022 -1.349963 -6.050022 -1.079971 -6.428148 -1.079971 -6.050022 -1.349963 -6.050022 -1.079971 -6.050022 -1.349963 -5.671896 -1.349963 -5.671896 -1.079971 -6.050022 -1.079971 -5.671896 -1.349963 -5.671896 -1.079971 -5.671896 -1.349963 -5.293769 -1.349963 -5.293769 -1.079971 -5.671896 -1.079971 -5.293769 -1.349963 -5.293769 -1.079971 -5.293769 -1.349963 -4.915643 -1.349963 -4.915643 -1.079971 -5.293769 -1.079971 -4.915643 -1.349963 -4.915643 -1.079971 -4.915643 -1.349963 -4.537517 -1.349963 -4.537517 -1.079971 -4.915643 -1.079971 -4.537517 -1.619956 -7.940654 -1.349963 -7.940654 -1.619956 -7.562528 -1.619956 -7.562528 -1.349963 -7.940654 -1.349963 -7.562528 -1.619956 -7.562528 -1.349963 -7.562528 -1.619956 -7.184401 -1.619956 -7.184401 -1.349963 -7.562528 -1.349963 -7.184401 -1.619956 -7.184401 -1.349963 -7.184401 -1.619956 -6.806275 -1.619956 -6.806275 -1.349963 -7.184401 -1.349963 -6.806275 -1.619956 -6.806275 -1.349963 -6.806275 -1.619956 -6.428148 -1.619956 -6.428148 -1.349963 -6.806275 -1.349963 -6.428148 -1.619956 -6.428148 -1.349963 -6.428148 -1.619956 -6.050022 -1.619956 -6.050022 -1.349963 -6.428148 -1.349963 -6.050022 -1.619956 -6.050022 -1.349963 -6.050022 -1.619956 -5.671896 -1.619956 -5.671896 -1.349963 -6.050022 -1.349963 -5.671896 -1.619956 -5.671896 -1.349963 -5.671896 -1.619956 -5.293769 -1.619956 -5.293769 -1.349963 -5.671896 -1.349963 -5.293769 -1.619956 -5.293769 -1.349963 -5.293769 -1.619956 -4.915643 -1.619956 -4.915643 -1.349963 -5.293769 -1.349963 -4.915643 -1.619956 -4.915643 -1.349963 -4.915643 -1.619956 -4.537517 -1.619956 -4.537517 -1.349963 -4.915643 -1.349963 -4.537517 -1.889949 -7.940654 -1.619956 -7.940654 -1.889949 -7.562528 -1.889949 -7.562528 -1.619956 -7.940654 -1.619956 -7.562528 -1.889949 -7.562528 -1.619956 -7.562528 -1.889949 -7.184401 -1.889949 -7.184401 -1.619956 -7.562528 -1.619956 -7.184401 -1.889949 -7.184401 -1.619956 -7.184401 -1.889949 -6.806275 -1.889949 -6.806275 -1.619956 -7.184401 -1.619956 -6.806275 -1.889949 -6.806275 -1.619956 -6.806275 -1.889949 -6.428148 -1.889949 -6.428148 -1.619956 -6.806275 -1.619956 -6.428148 -1.889949 -6.428148 -1.619956 -6.428148 -1.889949 -6.050022 -1.889949 -6.050022 -1.619956 -6.428148 -1.619956 -6.050022 -1.889949 -6.050022 -1.619956 -6.050022 -1.889949 -5.671896 -1.889949 -5.671896 -1.619956 -6.050022 -1.619956 -5.671896 -1.889949 -5.671896 -1.619956 -5.671896 -1.889949 -5.293769 -1.889949 -5.293769 -1.619956 -5.671896 -1.619956 -5.293769 -1.889949 -5.293769 -1.619956 -5.293769 -1.889949 -4.915643 -1.889949 -4.915643 -1.619956 -5.293769 -1.619956 -4.915643 -1.889949 -4.915643 -1.619956 -4.915643 -1.889949 -4.537517 -1.889949 -4.537517 -1.619956 -4.915643 -1.619956 -4.537517 -2.159941 -7.940654 -1.889949 -7.940654 -2.159941 -7.562528 -2.159941 -7.562528 -1.889949 -7.940654 -1.889949 -7.562528 -2.159941 -7.562528 -1.889949 -7.562528 -2.159941 -7.184401 -2.159941 -7.184401 -1.889949 -7.562528 -1.889949 -7.184401 -2.159941 -7.184401 -1.889949 -7.184401 -2.159941 -6.806275 -2.159941 -6.806275 -1.889949 -7.184401 -1.889949 -6.806275 -2.159941 -6.806275 -1.889949 -6.806275 -2.159941 -6.428148 -2.159941 -6.428148 -1.889949 -6.806275 -1.889949 -6.428148 -2.159941 -6.428148 -1.889949 -6.428148 -2.159941 -6.050022 -2.159941 -6.050022 -1.889949 -6.428148 -1.889949 -6.050022 -2.159941 -6.050022 -1.889949 -6.050022 -2.159941 -5.671896 -2.159941 -5.671896 -1.889949 -6.050022 -1.889949 -5.671896 -2.159941 -5.671896 -1.889949 -5.671896 -2.159941 -5.293769 -2.159941 -5.293769 -1.889949 -5.671896 -1.889949 -5.293769 -2.159941 -5.293769 -1.889949 -5.293769 -2.159941 -4.915643 -2.159941 -4.915643 -1.889949 -5.293769 -1.889949 -4.915643 -2.159941 -4.915643 -1.889949 -4.915643 -2.159941 -4.537517 -2.159941 -4.537517 -1.889949 -4.915643 -1.889949 -4.537517 -2.429934 -7.940654 -2.159941 -7.940654 -2.429934 -7.562528 -2.429934 -7.562528 -2.159941 -7.940654 -2.159941 -7.562528 -2.429934 -7.562528 -2.159941 -7.562528 -2.429934 -7.184401 -2.429934 -7.184401 -2.159941 -7.562528 -2.159941 -7.184401 -2.429934 -7.184401 -2.159941 -7.184401 -2.429934 -6.806275 -2.429934 -6.806275 -2.159941 -7.184401 -2.159941 -6.806275 -2.429934 -6.806275 -2.159941 -6.806275 -2.429934 -6.428148 -2.429934 -6.428148 -2.159941 -6.806275 -2.159941 -6.428148 -2.429934 -6.428148 -2.159941 -6.428148 -2.429934 -6.050022 -2.429934 -6.050022 -2.159941 -6.428148 -2.159941 -6.050022 -2.429934 -6.050022 -2.159941 -6.050022 -2.429934 -5.671896 -2.429934 -5.671896 -2.159941 -6.050022 -2.159941 -5.671896 -2.429934 -5.671896 -2.159941 -5.671896 -2.429934 -5.293769 -2.429934 -5.293769 -2.159941 -5.671896 -2.159941 -5.293769 -2.429934 -5.293769 -2.159941 -5.293769 -2.429934 -4.915643 -2.429934 -4.915643 -2.159941 -5.293769 -2.159941 -4.915643 -2.429934 -4.915643 -2.159941 -4.915643 -2.429934 -4.537517 -2.429934 -4.537517 -2.159941 -4.915643 -2.159941 -4.537517 -2.699927 -7.940654 -2.429934 -7.940654 -2.699927 -7.562528 -2.699927 -7.562528 -2.429934 -7.940654 -2.429934 -7.562528 -2.699927 -7.562528 -2.429934 -7.562528 -2.699927 -7.184401 -2.699927 -7.184401 -2.429934 -7.562528 -2.429934 -7.184401 -2.699927 -7.184401 -2.429934 -7.184401 -2.699927 -6.806275 -2.699927 -6.806275 -2.429934 -7.184401 -2.429934 -6.806275 -2.699927 -6.806275 -2.429934 -6.806275 -2.699927 -6.428148 -2.699927 -6.428148 -2.429934 -6.806275 -2.429934 -6.428148 -2.699927 -6.428148 -2.429934 -6.428148 -2.699927 -6.050022 -2.699927 -6.050022 -2.429934 -6.428148 -2.429934 -6.050022 -2.699927 -6.050022 -2.429934 -6.050022 -2.699927 -5.671896 -2.699927 -5.671896 -2.429934 -6.050022 -2.429934 -5.671896 -2.699927 -5.671896 -2.429934 -5.671896 -2.699927 -5.293769 -2.699927 -5.293769 -2.429934 -5.671896 -2.429934 -5.293769 -2.699927 -5.293769 -2.429934 -5.293769 -2.699927 -4.915643 -2.699927 -4.915643 -2.429934 -5.293769 -2.429934 -4.915643 -2.699927 -4.915643 -2.429934 -4.915643 -2.699927 -4.537517 -2.699927 -4.537517 -2.429934 -4.915643 -2.429934 -4.537517 -2.969919 -7.940654 -2.699927 -7.940654 -2.969919 -7.562528 -2.969919 -7.562528 -2.699927 -7.940654 -2.699927 -7.562528 -2.969919 -7.562528 -2.699927 -7.562528 -2.969919 -7.184401 -2.969919 -7.184401 -2.699927 -7.562528 -2.699927 -7.184401 -2.969919 -7.184401 -2.699927 -7.184401 -2.969919 -6.806275 -2.969919 -6.806275 -2.699927 -7.184401 -2.699927 -6.806275 -2.969919 -6.806275 -2.699927 -6.806275 -2.969919 -6.428148 -2.969919 -6.428148 -2.699927 -6.806275 -2.699927 -6.428148 -2.969919 -6.428148 -2.699927 -6.428148 -2.969919 -6.050022 -2.969919 -6.050022 -2.699927 -6.428148 -2.699927 -6.050022 -2.969919 -6.050022 -2.699927 -6.050022 -2.969919 -5.671896 -2.969919 -5.671896 -2.699927 -6.050022 -2.699927 -5.671896 -2.969919 -5.671896 -2.699927 -5.671896 -2.969919 -5.293769 -2.969919 -5.293769 -2.699927 -5.671896 -2.699927 -5.293769 -2.969919 -5.293769 -2.699927 -5.293769 -2.969919 -4.915643 -2.969919 -4.915643 -2.699927 -5.293769 -2.699927 -4.915643 -2.969919 -4.915643 -2.699927 -4.915643 -2.969919 -4.537517 -2.969919 -4.537517 -2.699927 -4.915643 -2.699927 -4.537517 -3.509905 -7.562528 -3.509905 -7.940654 -3.239912 -7.940654 -3.239912 -7.940654 -2.969919 -7.940654 -3.239912 -7.562528 -3.239912 -7.562528 -2.969919 -7.940654 -2.969919 -7.562528 -3.239912 -7.562528 -2.969919 -7.562528 -3.239912 -7.184401 -3.239912 -7.184401 -2.969919 -7.562528 -2.969919 -7.184401 -3.239912 -7.184401 -2.969919 -7.184401 -3.239912 -6.806275 -3.239912 -6.806275 -2.969919 -7.184401 -2.969919 -6.806275 -3.239912 -6.806275 -2.969919 -6.806275 -3.239912 -6.428148 -3.239912 -6.428148 -2.969919 -6.806275 -2.969919 -6.428148 -3.239912 -6.428148 -2.969919 -6.428148 -3.239912 -6.050022 -3.239912 -6.050022 -2.969919 -6.428148 -2.969919 -6.050022 -3.239912 -6.050022 -2.969919 -6.050022 -3.239912 -5.671896 -3.239912 -5.671896 -2.969919 -6.050022 -2.969919 -5.671896 -3.239912 -5.671896 -2.969919 -5.671896 -3.239912 -5.293769 -3.239912 -5.293769 -2.969919 -5.671896 -2.969919 -5.293769 -3.239912 -5.293769 -2.969919 -5.293769 -3.239912 -4.915643 -3.239912 -4.915643 -2.969919 -5.293769 -2.969919 -4.915643 -3.239912 -4.915643 -2.969919 -4.915643 -3.239912 -4.537517 -3.239912 -4.537517 -2.969919 -4.915643 -2.969919 -4.537517 -3.239912 -4.915643 -3.239912 -4.537517 -3.509905 -4.537517 -3.239912 -4.915643 -3.509905 -4.537517 -3.509905 -4.915643 -3.509905 -7.184401 -3.509905 -7.562528 -3.239912 -7.562528 -3.239912 -7.562528 -3.509905 -7.562528 -3.239912 -7.940654 -3.509905 -7.184401 -3.239912 -7.562528 -3.239912 -7.184401 -3.509905 -6.806275 -3.509905 -7.184401 -3.239912 -7.184401 -3.509905 -6.806275 -3.239912 -7.184401 -3.239912 -6.806275 -3.509905 -6.428148 -3.509905 -6.806275 -3.239912 -6.806275 -3.509905 -6.428148 -3.239912 -6.806275 -3.239912 -6.428148 -3.509905 -6.050022 -3.509905 -6.428148 -3.239912 -6.428148 -3.509905 -6.050022 -3.239912 -6.428148 -3.239912 -6.050022 -3.509905 -5.671896 -3.509905 -6.050022 -3.239912 -6.050022 -3.509905 -5.671896 -3.239912 -6.050022 -3.239912 -5.671896 -3.509905 -5.293769 -3.509905 -5.671896 -3.239912 -5.671896 -3.509905 -5.293769 -3.239912 -5.671896 -3.239912 -5.293769 -3.509905 -4.915643 -3.509905 -5.293769 -3.239912 -5.293769 -3.509905 -4.915643 -3.239912 -5.293769 -3.239912 -4.915643 -0.236255 -1.0351 0 -1.06172 0 -0.78994 0 -0.78994 0 -1.06172 0.236255 -1.0351 0 -0.78994 0.236255 -1.0351 0.204452 -0.763023 0.204452 -0.763023 0.236255 -1.0351 0.460663 -0.956577 0.204452 -0.763023 0.460663 -0.956577 0.39497 -0.684108 0.39497 -0.684108 0.460663 -0.956577 0.661972 -0.830086 0.39497 -0.684108 0.661972 -0.830086 0.558572 -0.558572 0.558572 -0.558572 0.661972 -0.830086 0.830086 -0.661972 0.558572 -0.558572 0.830086 -0.661972 0.684108 -0.39497 0.684108 -0.39497 0.830086 -0.661972 0.956577 -0.460663 0.684108 -0.39497 0.956577 -0.460663 0.763023 -0.204452 0.763023 -0.204452 0.956577 -0.460663 1.0351 -0.236255 0.763023 -0.204452 1.0351 -0.236255 0.78994 0 0.78994 0 1.0351 -0.236255 1.06172 0 0.78994 0 1.06172 0 1.0351 0.236255 0.78994 0 1.0351 0.236255 0.763023 0.204452 0.763023 0.204452 1.0351 0.236255 0.956577 0.460663 0.763023 0.204452 0.956577 0.460663 0.684108 0.39497 0.684108 0.39497 0.956577 0.460663 0.830086 0.661972 0.684108 0.39497 0.830086 0.661972 0.558572 0.558572 0.558572 0.558572 0.830086 0.661972 0.661972 0.830086 0.558572 0.558572 0.661972 0.830086 0.39497 0.684108 0.39497 0.684108 0.661972 0.830086 0.460663 0.956577 0.39497 0.684108 0.460663 0.956577 0.204452 0.763023 0.204452 0.763023 0.460663 0.956577 0.236255 1.0351 0.204452 0.763023 0.236255 1.0351 0 0.78994 0 0.78994 0.236255 1.0351 0 1.06172 0 0.78994 0 1.06172 -0.236255 1.0351 0 0.78994 -0.236255 1.0351 -0.204452 0.763023 -0.204452 0.763023 -0.236255 1.0351 -0.460663 0.956577 -0.204452 0.763023 -0.460663 0.956577 -0.39497 0.684108 -0.39497 0.684108 -0.460663 0.956577 -0.661972 0.830086 -0.39497 0.684108 -0.661972 0.830086 -0.558572 0.558572 -0.558572 0.558572 -0.661972 0.830086 -0.830086 0.661972 -0.558572 0.558572 -0.830086 0.661972 -0.684108 0.39497 -0.684108 0.39497 -0.830086 0.661972 -0.956577 0.460663 -0.684108 0.39497 -0.956577 0.460663 -0.763023 0.204452 -0.763023 0.204452 -0.956577 0.460663 -1.0351 0.236255 -0.763023 0.204452 -1.0351 0.236255 -0.78994 0 -0.78994 0 -1.0351 0.236255 -1.06172 0 -0.78994 0 -1.06172 0 -1.0351 -0.236255 -0.78994 0 -1.0351 -0.236255 -0.763023 -0.204452 -0.763023 -0.204452 -1.0351 -0.236255 -0.956577 -0.460663 -0.763023 -0.204452 -0.956577 -0.460663 -0.684108 -0.39497 -0.684108 -0.39497 -0.956577 -0.460663 -0.830086 -0.661972 -0.684108 -0.39497 -0.830086 -0.661972 -0.558572 -0.558572 -0.558572 -0.558572 -0.830086 -0.661972 -0.661972 -0.830086 -0.558572 -0.558572 -0.661972 -0.830086 -0.39497 -0.684108 -0.39497 -0.684108 -0.661972 -0.830086 -0.460663 -0.956577 -0.39497 -0.684108 -0.460663 -0.956577 -0.204452 -0.763023 -0.204452 -0.763023 -0.460663 -0.956577 -0.236255 -1.0351 -0.204452 -0.763023 -0.236255 -1.0351 0 -0.78994 1.0351 -0.236255 1.06172 0 0.78994 0 0.78994 0 1.06172 0 1.0351 0.236255 0.78994 0 1.0351 0.236255 0.763023 0.204452 0.763023 0.204452 1.0351 0.236255 0.956577 0.460663 0.763023 0.204452 0.956577 0.460663 0.684108 0.39497 0.684108 0.39497 0.956577 0.460663 0.830086 0.661972 0.684108 0.39497 0.830086 0.661972 0.558572 0.558572 0.558572 0.558572 0.830086 0.661972 0.661972 0.830086 0.558572 0.558572 0.661972 0.830086 0.39497 0.684108 0.39497 0.684108 0.661972 0.830086 0.460663 0.956577 0.39497 0.684108 0.460663 0.956577 0.204452 0.763023 0.204452 0.763023 0.460663 0.956577 0.236255 1.0351 0.204452 0.763023 0.236255 1.0351 0 0.78994 0 0.78994 0.236255 1.0351 0 1.06172 0 0.78994 0 1.06172 -0.236255 1.0351 0 0.78994 -0.236255 1.0351 -0.204452 0.763023 -0.204452 0.763023 -0.236255 1.0351 -0.460663 0.956577 -0.204452 0.763023 -0.460663 0.956577 -0.39497 0.684108 -0.39497 0.684108 -0.460663 0.956577 -0.661972 0.830086 -0.39497 0.684108 -0.661972 0.830086 -0.558572 0.558572 -0.558572 0.558572 -0.661972 0.830086 -0.830086 0.661972 -0.558572 0.558572 -0.830086 0.661972 -0.684108 0.39497 -0.684108 0.39497 -0.830086 0.661972 -0.956577 0.460663 -0.684108 0.39497 -0.956577 0.460663 -0.763023 0.204452 -0.763023 0.204452 -0.956577 0.460663 -1.0351 0.236255 -0.763023 0.204452 -1.0351 0.236255 -0.78994 0 -0.78994 0 -1.0351 0.236255 -1.06172 0 -0.78994 0 -1.06172 0 -1.0351 -0.236255 -0.78994 0 -1.0351 -0.236255 -0.763023 -0.204452 -0.763023 -0.204452 -1.0351 -0.236255 -0.956577 -0.460663 -0.763023 -0.204452 -0.956577 -0.460663 -0.684108 -0.39497 -0.684108 -0.39497 -0.956577 -0.460663 -0.830086 -0.661972 -0.684108 -0.39497 -0.830086 -0.661972 -0.558572 -0.558572 -0.558572 -0.558572 -0.830086 -0.661972 -0.661972 -0.830086 -0.558572 -0.558572 -0.661972 -0.830086 -0.39497 -0.684108 -0.39497 -0.684108 -0.661972 -0.830086 -0.460663 -0.956577 -0.39497 -0.684108 -0.460663 -0.956577 -0.204452 -0.763023 -0.204452 -0.763023 -0.460663 -0.956577 -0.236255 -1.0351 -0.204452 -0.763023 -0.236255 -1.0351 0 -0.78994 0 -0.78994 -0.236255 -1.0351 0 -1.06172 0 -0.78994 0 -1.06172 0.236255 -1.0351 0 -0.78994 0.236255 -1.0351 0.204452 -0.763023 0.204452 -0.763023 0.236255 -1.0351 0.460663 -0.956577 0.204452 -0.763023 0.460663 -0.956577 0.39497 -0.684108 0.39497 -0.684108 0.460663 -0.956577 0.661972 -0.830086 0.39497 -0.684108 0.661972 -0.830086 0.558572 -0.558572 0.558572 -0.558572 0.661972 -0.830086 0.830086 -0.661972 0.558572 -0.558572 0.830086 -0.661972 0.684108 -0.39497 0.684108 -0.39497 0.830086 -0.661972 0.956577 -0.460663 0.684108 -0.39497 0.956577 -0.460663 0.763023 -0.204452 0.763023 -0.204452 0.956577 -0.460663 1.0351 -0.236255 0.763023 -0.204452 1.0351 -0.236255 0.78994 0 -1.351473 -1.109125 -1.37795 -1.37795 -1.07696 -1.37795 -1.07696 -1.37795 -1.37795 -1.37795 -1.351473 -1.646775 -1.07696 -1.37795 -1.351473 -1.646775 -1.049958 -1.617596 -1.049958 -1.617596 -1.351473 -1.646775 -1.27306 -1.905269 -1.049958 -1.617596 -1.27306 -1.905269 -0.970307 -1.845225 -0.970307 -1.845225 -1.27306 -1.905269 -1.145724 -2.143498 -0.970307 -1.845225 -1.145724 -2.143498 -0.842001 -2.049424 -0.842001 -2.049424 -1.145724 -2.143498 -0.974358 -2.352308 -0.842001 -2.049424 -0.974358 -2.352308 -0.671474 -2.219951 -0.671474 -2.219951 -0.974358 -2.352308 -0.765548 -2.523674 -0.671474 -2.219951 -0.765548 -2.523674 -0.467275 -2.348257 -0.467275 -2.348257 -0.765548 -2.523674 -0.527319 -2.65101 -0.467275 -2.348257 -0.527319 -2.65101 -0.239646 -2.427908 -0.239646 -2.427908 -0.527319 -2.65101 -0.268825 -2.729423 -0.239646 -2.427908 -0.268825 -2.729423 0 -2.45491 0 -2.45491 -0.268825 -2.729423 0 -2.7559 0 -2.45491 0 -2.7559 0.268825 -2.729423 0 -2.45491 0.268825 -2.729423 0.239646 -2.427908 0.239646 -2.427908 0.268825 -2.729423 0.527319 -2.65101 0.239646 -2.427908 0.527319 -2.65101 0.467275 -2.348257 0.467275 -2.348257 0.527319 -2.65101 0.765548 -2.523674 0.467275 -2.348257 0.765548 -2.523674 0.671474 -2.219951 0.671474 -2.219951 0.765548 -2.523674 0.974358 -2.352308 0.671474 -2.219951 0.974358 -2.352308 0.842001 -2.049424 0.842001 -2.049424 0.974358 -2.352308 1.145724 -2.143498 0.842001 -2.049424 1.145724 -2.143498 0.970307 -1.845225 0.970307 -1.845225 1.145724 -2.143498 1.27306 -1.905269 0.970307 -1.845225 1.27306 -1.905269 1.049958 -1.617596 1.049958 -1.617596 1.27306 -1.905269 1.351473 -1.646775 1.049958 -1.617596 1.351473 -1.646775 1.07696 -1.37795 1.07696 -1.37795 1.351473 -1.646775 1.37795 -1.37795 1.07696 -1.37795 1.37795 -1.37795 1.351473 -1.109125 1.07696 -1.37795 1.351473 -1.109125 1.049958 -1.138304 1.049958 -1.138304 1.351473 -1.109125 1.27306 -0.850631 1.049958 -1.138304 1.27306 -0.850631 0.970307 -0.910675 0.970307 -0.910675 1.27306 -0.850631 1.145724 -0.612402 0.970307 -0.910675 1.145724 -0.612402 0.842001 -0.706476 0.842001 -0.706476 1.145724 -0.612402 0.974358 -0.403592 0.842001 -0.706476 0.974358 -0.403592 0.671474 -0.535949 0.671474 -0.535949 0.974358 -0.403592 0.765548 -0.232226 0.671474 -0.535949 0.765548 -0.232226 0.467275 -0.407643 0.467275 -0.407643 0.765548 -0.232226 0.527319 -0.10489 0.467275 -0.407643 0.527319 -0.10489 0.239646 -0.327992 0.239646 -0.327992 0.527319 -0.10489 0.268825 -0.02647686 0.239646 -0.327992 0.268825 -0.02647686 0 -0.30099 0 -0.30099 0.268825 -0.02647686 0 0 0 -0.30099 0 0 -0.268825 -0.02647686 0 -0.30099 -0.268825 -0.02647686 -0.239646 -0.327992 -0.239646 -0.327992 -0.268825 -0.02647686 -0.527319 -0.10489 -0.239646 -0.327992 -0.527319 -0.10489 -0.467275 -0.407643 -0.467275 -0.407643 -0.527319 -0.10489 -0.765548 -0.232226 -0.467275 -0.407643 -0.765548 -0.232226 -0.671474 -0.535949 -0.671474 -0.535949 -0.765548 -0.232226 -0.974358 -0.403592 -0.671474 -0.535949 -0.974358 -0.403592 -0.842001 -0.706476 -0.842001 -0.706476 -0.974358 -0.403592 -1.145724 -0.612402 -0.842001 -0.706476 -1.145724 -0.612402 -0.970307 -0.910675 -0.970307 -0.910675 -1.145724 -0.612402 -1.27306 -0.850631 -0.970307 -0.910675 -1.27306 -0.850631 -1.049958 -1.138304 -1.049958 -1.138304 -1.27306 -0.850631 -1.351473 -1.109125 -1.049958 -1.138304 -1.351473 -1.109125 -1.07696 -1.37795 3.175 0.27056 1.27 0.004536986 3.175 0 3.175 0 1.27 0.004536986 1.27 -0.265455 3.175 0 1.27 -0.265455 3.175 -0.27056 3.175 -0.27056 1.27 -0.265455 1.27 -0.535448 3.175 -0.27056 1.27 -0.535448 3.175 -0.54112 3.175 -0.54112 1.27 -0.535448 1.27 -0.805441 3.175 -0.54112 1.27 -0.805441 3.175 -0.81168 3.175 -0.81168 1.27 -0.805441 1.27 -1.075433 3.175 -0.81168 1.27 -1.075433 3.175 -1.082239 3.175 -1.082239 1.27 -1.075433 1.27 -1.345426 3.175 -1.082239 1.27 -1.345426 3.175 -1.352799 3.175 -1.352799 1.27 -1.345426 1.27 -1.615419 3.175 -1.352799 1.27 -1.615419 3.175 -1.623359 3.175 -1.623359 1.27 -1.615419 1.316875 -1.752684 3.175 -1.623359 1.316875 -1.752684 3.175 -1.893919 3.175 -1.893919 1.316875 -1.752684 1.350693 -1.889949 3.175 -1.893919 1.350693 -1.889949 1.371119 -2.027214 1.27 0.004536986 3.175 0.27056 1.27 0.27453 1.27 0.27453 3.175 0.27056 3.175 0.54112 1.27 0.27453 3.175 0.54112 1.27 0.544523 1.27 0.544523 3.175 0.54112 3.175 0.81168 1.27 0.544523 3.175 0.81168 1.27 0.814515 1.27 0.814515 3.175 0.81168 3.175 1.082239 1.27 0.814515 3.175 1.082239 1.27 1.084508 1.27 1.084508 3.175 1.082239 3.175 1.352799 1.27 1.084508 3.175 1.352799 1.27 1.354501 1.27 1.354501 3.175 1.352799 3.175 1.623359 1.27 1.354501 3.175 1.623359 1.27 1.624493 1.27 1.624493 3.175 1.623359 3.175 1.893919 1.27 1.624493 3.175 1.893919 1.27 1.894486 1.27 1.894486 3.175 1.893919 3.175 2.164479 1.27 1.894486 3.175 2.164479 1.27 2.164479 1.27 2.164479 3.175 2.164479 1.27 2.434471 1.27 2.434471 3.175 2.164479 3.175 2.435039 1.27 2.434471 3.175 2.435039 1.27 2.704464 1.27 2.704464 3.175 2.435039 3.175 2.705598 1.27 2.704464 3.175 2.705598 1.27 2.974457 1.27 2.974457 3.175 2.705598 3.175 2.976158 1.27 2.974457 3.175 2.976158 1.27 3.244449 1.27 3.244449 3.175 2.976158 3.175 3.246718 1.27 3.244449 3.175 3.246718 1.27 3.514442 1.27 3.514442 3.175 3.246718 3.175 3.517278 1.27 3.514442 3.175 3.517278 1.27 3.784435 1.27 3.784435 3.175 3.517278 3.175 3.787838 1.27 3.784435 3.175 3.787838 1.27 4.054428 1.27 4.054428 3.175 3.787838 3.175 4.058398 1.27 4.054428 3.175 4.058398 1.27 4.32442 1.27 4.32442 3.175 4.058398 3.175 4.328958 1.27 4.32442 3.175 4.328958 1.27 4.594413 1.27 -4.063502 3.175 -4.328958 3.175 -4.058398 1.27 -4.063502 3.175 -4.058398 1.27 -3.79351 1.27 -3.79351 3.175 -4.058398 3.175 -3.787838 1.27 -3.79351 3.175 -3.787838 1.27 -3.523517 1.27 -3.523517 3.175 -3.787838 3.175 -3.517278 1.27 -3.523517 3.175 -3.517278 1.27 -3.253524 1.27 -3.253524 3.175 -3.517278 3.175 -3.246718 1.27 -3.253524 3.175 -3.246718 1.27 -2.983532 1.27 -2.983532 3.175 -3.246718 3.175 -2.976158 1.27 -2.983532 3.175 -2.976158 1.27 -2.713539 1.27 -2.713539 3.175 -2.976158 3.175 -2.705598 1.27 -2.713539 3.175 -2.705598 1.316875 -2.576274 1.316875 -2.576274 3.175 -2.705598 3.175 -2.435039 1.316875 -2.576274 3.175 -2.435039 1.350693 -2.439009 1.350693 -2.439009 3.175 -2.435039 1.371119 -2.301744 1.371119 -2.301744 3.175 -2.435039 3.175 -2.164479 1.371119 -2.301744 3.175 -2.164479 1.37795 -2.164479 1.37795 -2.164479 3.175 -2.164479 1.371119 -2.027214 1.371119 -2.027214 3.175 -2.164479 3.175 -1.893919 -1.905061 -1.919675 0 -1.919675 -1.905061 -1.679715 -1.905061 -1.679715 0 -1.919675 0 -1.679715 -1.905061 -1.679715 0 -1.679715 -1.905061 -1.439756 -1.905061 -1.439756 0 -1.679715 0 -1.439756 -1.905061 -1.439756 0 -1.439756 -1.905061 -1.199797 -1.905061 -1.199797 0 -1.439756 0 -1.199797 -1.905061 -1.199797 0 -1.199797 -1.905061 -0.959837 -1.905061 -0.959837 0 -1.199797 0 -0.959837 -1.905061 -0.959837 0 -0.959837 -1.905061 -0.719878 -1.905061 -0.719878 0 -0.959837 0 -0.719878 -1.905061 -0.719878 0 -0.719878 -1.905061 -0.479919 -1.905061 -0.479919 0 -0.719878 0 -0.479919 -1.905061 -0.479919 0 -0.479919 -1.905061 -0.239959 -1.905061 -0.239959 0 -0.479919 0 -0.239959 -1.905061 -0.239959 0 -0.239959 -1.905061 0 -1.905061 0 0 -0.239959 0 0 -1.905061 0 0 0 -1.905061 0.239959 -1.905061 0.239959 0 0 0 0.239959 -1.905061 0.239959 0 0.239959 -1.905061 0.479919 -1.905061 0.479919 0 0.239959 0 0.479919 -1.905061 0.479919 0 0.479919 -1.905061 0.719878 -1.905061 0.719878 0 0.479919 0 0.719878 -1.905061 0.719878 0 0.719878 -1.905061 0.959837 -1.905061 0.959837 0 0.719878 0 0.959837 -1.905061 0.959837 0 0.959837 -1.905061 1.199797 -1.905061 1.199797 0 0.959837 0 1.199797 -1.905061 1.199797 0 1.199797 -1.905061 1.439756 -1.905061 1.439756 0 1.199797 0 1.439756 -1.905061 1.439756 0 1.439756 -1.905061 1.679715 -1.905061 1.679715 0 1.439756 0 1.679715 -1.905061 1.679715 0 1.679715 -1.905061 1.919675 -1.905061 1.919675 0 1.679715 0 1.919675 -1.905061 1.919675 0 1.919675 -1.905061 2.159634 -1.905061 2.159634 0 1.919675 0 2.159634 -1.905061 2.159634 0 2.159634 -1.905061 2.399593 -1.905061 2.399593 0 2.159634 0 2.399593 -1.905061 2.399593 0 2.399593 -1.905061 2.639553 -1.905061 2.639553 0 2.399593 0 2.639553 -1.905061 2.639553 0 2.639553 -1.905061 2.879512 -1.905061 2.879512 0 2.639553 0 2.879512 -1.905061 2.879512 0 2.879512 -1.905061 3.119471 -1.905061 3.119471 0 2.879512 0 3.119471 -1.905061 3.119471 0 3.119471 -1.905061 3.359431 -1.905061 3.359431 0 3.119471 0 3.359431 -1.905061 -3.359431 0 -3.359431 -1.905061 -3.119471 -1.905061 -3.119471 0 -3.359431 0 -3.119471 -1.905061 -3.119471 0 -3.119471 -1.905061 -2.879512 -1.905061 -2.879512 0 -3.119471 0 -2.879512 -1.905061 -2.879512 0 -2.879512 -1.905061 -2.639553 -1.905061 -2.639553 0 -2.879512 0 -2.639553 -1.905061 -2.639553 0 -2.639553 -1.905061 -2.399593 -1.905061 -2.399593 0 -2.639553 0 -2.399593 -1.905061 -2.399593 0 -2.399593 -1.905061 -2.159634 -1.905061 -2.159634 0 -2.399593 0 -2.159634 -1.905061 -2.159634 0 -2.159634 -1.905061 -1.919675 -1.905061 -1.919675 0 -2.159634 0 -1.919675 1.03045 0.276108 0.763023 0.204452 1.0668 0 1.0668 0 0.763023 0.204452 0.78994 0 1.0668 0 0.78994 0 1.03045 -0.276108 1.03045 -0.276108 0.78994 0 0.763023 -0.204452 1.03045 -0.276108 0.763023 -0.204452 0.684108 -0.39497 0.763023 0.204452 1.03045 0.276108 0.684108 0.39497 0.684108 0.39497 1.03045 0.276108 0.923876 0.5334 0.684108 0.39497 0.923876 0.5334 0.558572 0.558572 0.558572 0.558572 0.923876 0.5334 0.754342 0.754342 0.558572 0.558572 0.754342 0.754342 0.39497 0.684108 0.39497 0.684108 0.754342 0.754342 0.5334 0.923876 0.39497 0.684108 0.5334 0.923876 0.204452 0.763023 0.204452 0.763023 0.5334 0.923876 0.276108 1.03045 0.204452 0.763023 0.276108 1.03045 0 0.78994 0 0.78994 0.276108 1.03045 0 1.0668 0 0.78994 0 1.0668 -0.276108 1.03045 0 0.78994 -0.276108 1.03045 -0.204452 0.763023 -0.204452 0.763023 -0.276108 1.03045 -0.5334 0.923876 -0.204452 0.763023 -0.5334 0.923876 -0.39497 0.684108 -0.39497 0.684108 -0.5334 0.923876 -0.754342 0.754342 -0.39497 0.684108 -0.754342 0.754342 -0.558572 0.558572 -0.558572 0.558572 -0.754342 0.754342 -0.923876 0.5334 -0.558572 0.558572 -0.923876 0.5334 -0.684108 0.39497 -0.684108 0.39497 -0.923876 0.5334 -1.03045 0.276108 -0.684108 0.39497 -1.03045 0.276108 -0.763023 0.204452 -0.763023 0.204452 -1.03045 0.276108 -1.0668 0 -0.763023 0.204452 -1.0668 0 -0.78994 0 -0.78994 0 -1.0668 0 -0.763023 -0.204452 -0.763023 -0.204452 -1.0668 0 -1.03045 -0.276108 -0.763023 -0.204452 -1.03045 -0.276108 -0.684108 -0.39497 -0.684108 -0.39497 -1.03045 -0.276108 -0.923876 -0.5334 -0.684108 -0.39497 -0.923876 -0.5334 -0.558572 -0.558572 -0.558572 -0.558572 -0.923876 -0.5334 -0.754342 -0.754342 -0.558572 -0.558572 -0.754342 -0.754342 -0.39497 -0.684108 -0.39497 -0.684108 -0.754342 -0.754342 -0.5334 -0.923876 -0.39497 -0.684108 -0.5334 -0.923876 -0.204452 -0.763023 -0.204452 -0.763023 -0.5334 -0.923876 -0.276108 -1.03045 -0.204452 -0.763023 -0.276108 -1.03045 0 -0.78994 0 -0.78994 -0.276108 -1.03045 0 -1.0668 0 -0.78994 0 -1.0668 0.276108 -1.03045 0 -0.78994 0.276108 -1.03045 0.204452 -0.763023 0.204452 -0.763023 0.276108 -1.03045 0.5334 -0.923876 0.204452 -0.763023 0.5334 -0.923876 0.39497 -0.684108 0.39497 -0.684108 0.5334 -0.923876 0.754342 -0.754342 0.39497 -0.684108 0.754342 -0.754342 0.558572 -0.558572 0.558572 -0.558572 0.754342 -0.754342 0.923876 -0.5334 0.558572 -0.558572 0.923876 -0.5334 0.684108 -0.39497 0.684108 -0.39497 0.923876 -0.5334 1.03045 -0.276108 -1.03045 -0.276108 -0.763023 -0.204452 -1.0668 0 -1.0668 0 -0.763023 -0.204452 -0.78994 0 -1.0668 0 -0.78994 0 -0.763023 0.204452 -0.763023 -0.204452 -1.03045 -0.276108 -0.684108 -0.39497 -0.684108 -0.39497 -1.03045 -0.276108 -0.923876 -0.5334 -0.684108 -0.39497 -0.923876 -0.5334 -0.558572 -0.558572 -0.558572 -0.558572 -0.923876 -0.5334 -0.754342 -0.754342 -0.558572 -0.558572 -0.754342 -0.754342 -0.39497 -0.684108 -0.39497 -0.684108 -0.754342 -0.754342 -0.5334 -0.923876 -0.39497 -0.684108 -0.5334 -0.923876 -0.204452 -0.763023 -0.204452 -0.763023 -0.5334 -0.923876 -0.276108 -1.03045 -0.204452 -0.763023 -0.276108 -1.03045 0 -0.78994 0 -0.78994 -0.276108 -1.03045 0 -1.0668 0 -0.78994 0 -1.0668 0.276108 -1.03045 0 -0.78994 0.276108 -1.03045 0.204452 -0.763023 0.204452 -0.763023 0.276108 -1.03045 0.5334 -0.923876 0.204452 -0.763023 0.5334 -0.923876 0.39497 -0.684108 0.39497 -0.684108 0.5334 -0.923876 0.754342 -0.754342 0.39497 -0.684108 0.754342 -0.754342 0.558572 -0.558572 0.558572 -0.558572 0.754342 -0.754342 0.923876 -0.5334 0.558572 -0.558572 0.923876 -0.5334 0.684108 -0.39497 0.684108 -0.39497 0.923876 -0.5334 1.03045 -0.276108 0.684108 -0.39497 1.03045 -0.276108 0.763023 -0.204452 0.763023 -0.204452 1.03045 -0.276108 0.78994 0 0.78994 0 1.03045 -0.276108 1.0668 0 0.78994 0 1.0668 0 0.763023 0.204452 0.763023 0.204452 1.0668 0 1.03045 0.276108 0.763023 0.204452 1.03045 0.276108 0.684108 0.39497 0.684108 0.39497 1.03045 0.276108 0.923876 0.5334 0.684108 0.39497 0.923876 0.5334 0.558572 0.558572 0.558572 0.558572 0.923876 0.5334 0.754342 0.754342 0.558572 0.558572 0.754342 0.754342 0.39497 0.684108 0.39497 0.684108 0.754342 0.754342 0.5334 0.923876 0.39497 0.684108 0.5334 0.923876 0.204452 0.763023 0.204452 0.763023 0.5334 0.923876 0.276108 1.03045 0.204452 0.763023 0.276108 1.03045 0 0.78994 0 0.78994 0.276108 1.03045 0 1.0668 0 0.78994 0 1.0668 -0.276108 1.03045 0 0.78994 -0.276108 1.03045 -0.204452 0.763023 -0.204452 0.763023 -0.276108 1.03045 -0.5334 0.923876 -0.204452 0.763023 -0.5334 0.923876 -0.39497 0.684108 -0.39497 0.684108 -0.5334 0.923876 -0.754342 0.754342 -0.39497 0.684108 -0.754342 0.754342 -0.558572 0.558572 -0.558572 0.558572 -0.754342 0.754342 -0.923876 0.5334 -0.558572 0.558572 -0.923876 0.5334 -0.684108 0.39497 -0.684108 0.39497 -0.923876 0.5334 -1.03045 0.276108 -0.684108 0.39497 -1.03045 0.276108 -0.763023 0.204452 -0.763023 0.204452 -1.03045 0.276108 -1.0668 0 0 -3.072163 -304.8 -3.072163 0 -3.351451 0 -3.351451 -304.8 -3.072163 -304.8 -3.351451 0 3.351451 -304.8 3.351451 0 3.072163 0 3.072163 -304.8 3.351451 -304.8 3.072163 0 3.072163 -304.8 3.072163 0 2.792876 0 2.792876 -304.8 3.072163 -304.8 2.792876 0 2.792876 -304.8 2.792876 0 2.513588 0 2.513588 -304.8 2.792876 -304.8 2.513588 0 2.513588 -304.8 2.513588 0 2.234301 0 2.234301 -304.8 2.513588 -304.8 2.234301 0 2.234301 -304.8 2.234301 0 1.955013 0 1.955013 -304.8 2.234301 -304.8 1.955013 0 1.955013 -304.8 1.955013 0 1.675726 0 1.675726 -304.8 1.955013 -304.8 1.675726 0 1.675726 -304.8 1.675726 0 1.396438 0 1.396438 -304.8 1.675726 -304.8 1.396438 0 1.396438 -304.8 1.396438 0 1.11715 0 1.11715 -304.8 1.396438 -304.8 1.11715 0 1.11715 -304.8 1.11715 0 0.837863 0 0.837863 -304.8 1.11715 -304.8 0.837863 0 0.837863 -304.8 0.837863 0 0.558575 0 0.558575 -304.8 0.837863 -304.8 0.558575 0 0.558575 -304.8 0.558575 0 0.279288 0 0.279288 -304.8 0.558575 -304.8 0.279288 0 0.279288 -304.8 0.279288 0 0 0 0 -304.8 0.279288 -304.8 0 0 0 -304.8 0 0 -0.279288 0 -0.279288 -304.8 0 -304.8 -0.279288 0 -0.279288 -304.8 -0.279288 0 -0.558575 0 -0.558575 -304.8 -0.279288 -304.8 -0.558575 0 -0.558575 -304.8 -0.558575 0 -0.837863 0 -0.837863 -304.8 -0.558575 -304.8 -0.837863 0 -0.837863 -304.8 -0.837863 0 -1.11715 0 -1.11715 -304.8 -0.837863 -304.8 -1.11715 0 -1.11715 -304.8 -1.11715 0 -1.396438 0 -1.396438 -304.8 -1.11715 -304.8 -1.396438 0 -1.396438 -304.8 -1.396438 0 -1.675726 0 -1.675726 -304.8 -1.396438 -304.8 -1.675726 0 -1.675726 -304.8 -1.675726 0 -1.955013 0 -1.955013 -304.8 -1.675726 -304.8 -1.955013 0 -1.955013 -304.8 -1.955013 0 -2.234301 0 -2.234301 -304.8 -1.955013 -304.8 -2.234301 0 -2.234301 -304.8 -2.234301 0 -2.513588 0 -2.513588 -304.8 -2.234301 -304.8 -2.513588 0 -2.513588 -304.8 -2.513588 0 -2.792876 0 -2.792876 -304.8 -2.513588 -304.8 -2.792876 0 -2.792876 -304.8 -2.792876 0 -3.072163 0 -3.072163 -304.8 -2.792876 -304.8 -3.072163 0 2.274864 304.8 2.274864 0 2.48167 0 2.48167 304.8 2.274864 304.8 2.48167 0 -2.48167 304.8 -2.48167 0 -2.274864 0 -2.274864 304.8 -2.48167 304.8 -2.274864 0 -2.274864 304.8 -2.274864 0 -2.068058 0 -2.068058 304.8 -2.274864 304.8 -2.068058 0 -2.068058 304.8 -2.068058 0 -1.861252 0 -1.861252 304.8 -2.068058 304.8 -1.861252 0 -1.861252 304.8 -1.861252 0 -1.654446 0 -1.654446 304.8 -1.861252 304.8 -1.654446 0 -1.654446 304.8 -1.654446 0 -1.447641 0 -1.447641 304.8 -1.654446 304.8 -1.447641 0 -1.447641 304.8 -1.447641 0 -1.240835 0 -1.240835 304.8 -1.447641 304.8 -1.240835 0 -1.240835 304.8 -1.240835 0 -1.034029 0 -1.034029 304.8 -1.240835 304.8 -1.034029 0 -1.034029 304.8 -1.034029 0 -0.827223 0 -0.827223 304.8 -1.034029 304.8 -0.827223 0 -0.827223 304.8 -0.827223 0 -0.620417 0 -0.620417 304.8 -0.827223 304.8 -0.620417 0 -0.620417 304.8 -0.620417 0 -0.413612 0 -0.413612 304.8 -0.620417 304.8 -0.413612 0 -0.413612 304.8 -0.413612 0 -0.206806 0 -0.206806 304.8 -0.413612 304.8 -0.206806 0 -0.206806 304.8 -0.206806 0 0 0 0 304.8 -0.206806 304.8 0 0 0 304.8 0 0 0.206806 0 0.206806 304.8 0 304.8 0.206806 0 0.206806 304.8 0.206806 0 0.413612 0 0.413612 304.8 0.206806 304.8 0.413612 0 0.413612 304.8 0.413612 0 0.620417 0 0.620417 304.8 0.413612 304.8 0.620417 0 0.620417 304.8 0.620417 0 0.827223 0 0.827223 304.8 0.620417 304.8 0.827223 0 0.827223 304.8 0.827223 0 1.034029 0 1.034029 304.8 0.827223 304.8 1.034029 0 1.034029 304.8 1.034029 0 1.240835 0 1.240835 304.8 1.034029 304.8 1.240835 0 1.240835 304.8 1.240835 0 1.447641 0 1.447641 304.8 1.240835 304.8 1.447641 0 1.447641 304.8 1.447641 0 1.654446 0 1.654446 304.8 1.447641 304.8 1.654446 0 1.654446 304.8 1.654446 0 1.861252 0 1.861252 304.8 1.654446 304.8 1.861252 0 1.861252 304.8 1.861252 0 2.068058 0 2.068058 304.8 1.861252 304.8 2.068058 0 2.068058 304.8 2.068058 0 2.274864 0 2.274864 304.8 2.068058 304.8 2.274864 1.03045 0.276108 0.763023 0.204452 1.0668 0 1.0668 0 0.763023 0.204452 0.78994 0 1.0668 0 0.78994 0 1.03045 -0.276108 1.03045 -0.276108 0.78994 0 0.763023 -0.204452 1.03045 -0.276108 0.763023 -0.204452 0.684108 -0.39497 0.763023 0.204452 1.03045 0.276108 0.684108 0.39497 0.684108 0.39497 1.03045 0.276108 0.923876 0.5334 0.684108 0.39497 0.923876 0.5334 0.558572 0.558572 0.558572 0.558572 0.923876 0.5334 0.754342 0.754342 0.558572 0.558572 0.754342 0.754342 0.39497 0.684108 0.39497 0.684108 0.754342 0.754342 0.5334 0.923876 0.39497 0.684108 0.5334 0.923876 0.204452 0.763023 0.204452 0.763023 0.5334 0.923876 0.276108 1.03045 0.204452 0.763023 0.276108 1.03045 0 0.78994 0 0.78994 0.276108 1.03045 0 1.0668 0 0.78994 0 1.0668 -0.276108 1.03045 0 0.78994 -0.276108 1.03045 -0.204452 0.763023 -0.204452 0.763023 -0.276108 1.03045 -0.5334 0.923876 -0.204452 0.763023 -0.5334 0.923876 -0.39497 0.684108 -0.39497 0.684108 -0.5334 0.923876 -0.754342 0.754342 -0.39497 0.684108 -0.754342 0.754342 -0.558572 0.558572 -0.558572 0.558572 -0.754342 0.754342 -0.923876 0.5334 -0.558572 0.558572 -0.923876 0.5334 -0.684108 0.39497 -0.684108 0.39497 -0.923876 0.5334 -1.03045 0.276108 -0.684108 0.39497 -1.03045 0.276108 -0.763023 0.204452 -0.763023 0.204452 -1.03045 0.276108 -1.0668 0 -0.763023 0.204452 -1.0668 0 -0.78994 0 -0.78994 0 -1.0668 0 -0.763023 -0.204452 -0.763023 -0.204452 -1.0668 0 -1.03045 -0.276108 -0.763023 -0.204452 -1.03045 -0.276108 -0.684108 -0.39497 -0.684108 -0.39497 -1.03045 -0.276108 -0.923876 -0.5334 -0.684108 -0.39497 -0.923876 -0.5334 -0.558572 -0.558572 -0.558572 -0.558572 -0.923876 -0.5334 -0.754342 -0.754342 -0.558572 -0.558572 -0.754342 -0.754342 -0.39497 -0.684108 -0.39497 -0.684108 -0.754342 -0.754342 -0.5334 -0.923876 -0.39497 -0.684108 -0.5334 -0.923876 -0.204452 -0.763023 -0.204452 -0.763023 -0.5334 -0.923876 -0.276108 -1.03045 -0.204452 -0.763023 -0.276108 -1.03045 0 -0.78994 0 -0.78994 -0.276108 -1.03045 0 -1.0668 0 -0.78994 0 -1.0668 0.276108 -1.03045 0 -0.78994 0.276108 -1.03045 0.204452 -0.763023 0.204452 -0.763023 0.276108 -1.03045 0.5334 -0.923876 0.204452 -0.763023 0.5334 -0.923876 0.39497 -0.684108 0.39497 -0.684108 0.5334 -0.923876 0.754342 -0.754342 0.39497 -0.684108 0.754342 -0.754342 0.558572 -0.558572 0.558572 -0.558572 0.754342 -0.754342 0.923876 -0.5334 0.558572 -0.558572 0.923876 -0.5334 0.684108 -0.39497 0.684108 -0.39497 0.923876 -0.5334 1.03045 -0.276108 -1.03045 -0.276108 -0.763023 -0.204452 -1.0668 0 -1.0668 0 -0.763023 -0.204452 -0.78994 0 -1.0668 0 -0.78994 0 -0.763023 0.204452 -0.763023 -0.204452 -1.03045 -0.276108 -0.684108 -0.39497 -0.684108 -0.39497 -1.03045 -0.276108 -0.923876 -0.5334 -0.684108 -0.39497 -0.923876 -0.5334 -0.558572 -0.558572 -0.558572 -0.558572 -0.923876 -0.5334 -0.754342 -0.754342 -0.558572 -0.558572 -0.754342 -0.754342 -0.39497 -0.684108 -0.39497 -0.684108 -0.754342 -0.754342 -0.5334 -0.923876 -0.39497 -0.684108 -0.5334 -0.923876 -0.204452 -0.763023 -0.204452 -0.763023 -0.5334 -0.923876 -0.276108 -1.03045 -0.204452 -0.763023 -0.276108 -1.03045 0 -0.78994 0 -0.78994 -0.276108 -1.03045 0 -1.0668 0 -0.78994 0 -1.0668 0.276108 -1.03045 0 -0.78994 0.276108 -1.03045 0.204452 -0.763023 0.204452 -0.763023 0.276108 -1.03045 0.5334 -0.923876 0.204452 -0.763023 0.5334 -0.923876 0.39497 -0.684108 0.39497 -0.684108 0.5334 -0.923876 0.754342 -0.754342 0.39497 -0.684108 0.754342 -0.754342 0.558572 -0.558572 0.558572 -0.558572 0.754342 -0.754342 0.923876 -0.5334 0.558572 -0.558572 0.923876 -0.5334 0.684108 -0.39497 0.684108 -0.39497 0.923876 -0.5334 1.03045 -0.276108 0.684108 -0.39497 1.03045 -0.276108 0.763023 -0.204452 0.763023 -0.204452 1.03045 -0.276108 0.78994 0 0.78994 0 1.03045 -0.276108 1.0668 0 0.78994 0 1.0668 0 0.763023 0.204452 0.763023 0.204452 1.0668 0 1.03045 0.276108 0.763023 0.204452 1.03045 0.276108 0.684108 0.39497 0.684108 0.39497 1.03045 0.276108 0.923876 0.5334 0.684108 0.39497 0.923876 0.5334 0.558572 0.558572 0.558572 0.558572 0.923876 0.5334 0.754342 0.754342 0.558572 0.558572 0.754342 0.754342 0.39497 0.684108 0.39497 0.684108 0.754342 0.754342 0.5334 0.923876 0.39497 0.684108 0.5334 0.923876 0.204452 0.763023 0.204452 0.763023 0.5334 0.923876 0.276108 1.03045 0.204452 0.763023 0.276108 1.03045 0 0.78994 0 0.78994 0.276108 1.03045 0 1.0668 0 0.78994 0 1.0668 -0.276108 1.03045 0 0.78994 -0.276108 1.03045 -0.204452 0.763023 -0.204452 0.763023 -0.276108 1.03045 -0.5334 0.923876 -0.204452 0.763023 -0.5334 0.923876 -0.39497 0.684108 -0.39497 0.684108 -0.5334 0.923876 -0.754342 0.754342 -0.39497 0.684108 -0.754342 0.754342 -0.558572 0.558572 -0.558572 0.558572 -0.754342 0.754342 -0.923876 0.5334 -0.558572 0.558572 -0.923876 0.5334 -0.684108 0.39497 -0.684108 0.39497 -0.923876 0.5334 -1.03045 0.276108 -0.684108 0.39497 -1.03045 0.276108 -0.763023 0.204452 -0.763023 0.204452 -1.03045 0.276108 -1.0668 0 0 -3.072163 -152.4 -3.072163 0 -3.351451 0 -3.351451 -152.4 -3.072163 -152.4 -3.351451 0 3.351451 -152.4 3.351451 0 3.072163 0 3.072163 -152.4 3.351451 -152.4 3.072163 0 3.072163 -152.4 3.072163 0 2.792876 0 2.792876 -152.4 3.072163 -152.4 2.792876 0 2.792876 -152.4 2.792876 0 2.513588 0 2.513588 -152.4 2.792876 -152.4 2.513588 0 2.513588 -152.4 2.513588 0 2.234301 0 2.234301 -152.4 2.513588 -152.4 2.234301 0 2.234301 -152.4 2.234301 0 1.955013 0 1.955013 -152.4 2.234301 -152.4 1.955013 0 1.955013 -152.4 1.955013 0 1.675726 0 1.675726 -152.4 1.955013 -152.4 1.675726 0 1.675726 -152.4 1.675726 0 1.396438 0 1.396438 -152.4 1.675726 -152.4 1.396438 0 1.396438 -152.4 1.396438 0 1.11715 0 1.11715 -152.4 1.396438 -152.4 1.11715 0 1.11715 -152.4 1.11715 0 0.837863 0 0.837863 -152.4 1.11715 -152.4 0.837863 0 0.837863 -152.4 0.837863 0 0.558575 0 0.558575 -152.4 0.837863 -152.4 0.558575 0 0.558575 -152.4 0.558575 0 0.279288 0 0.279288 -152.4 0.558575 -152.4 0.279288 0 0.279288 -152.4 0.279288 0 0 0 0 -152.4 0.279288 -152.4 0 0 0 -152.4 0 0 -0.279288 0 -0.279288 -152.4 0 -152.4 -0.279288 0 -0.279288 -152.4 -0.279288 0 -0.558575 0 -0.558575 -152.4 -0.279288 -152.4 -0.558575 0 -0.558575 -152.4 -0.558575 0 -0.837863 0 -0.837863 -152.4 -0.558575 -152.4 -0.837863 0 -0.837863 -152.4 -0.837863 0 -1.11715 0 -1.11715 -152.4 -0.837863 -152.4 -1.11715 0 -1.11715 -152.4 -1.11715 0 -1.396438 0 -1.396438 -152.4 -1.11715 -152.4 -1.396438 0 -1.396438 -152.4 -1.396438 0 -1.675726 0 -1.675726 -152.4 -1.396438 -152.4 -1.675726 0 -1.675726 -152.4 -1.675726 0 -1.955013 0 -1.955013 -152.4 -1.675726 -152.4 -1.955013 0 -1.955013 -152.4 -1.955013 0 -2.234301 0 -2.234301 -152.4 -1.955013 -152.4 -2.234301 0 -2.234301 -152.4 -2.234301 0 -2.513588 0 -2.513588 -152.4 -2.234301 -152.4 -2.513588 0 -2.513588 -152.4 -2.513588 0 -2.792876 0 -2.792876 -152.4 -2.513588 -152.4 -2.792876 0 -2.792876 -152.4 -2.792876 0 -3.072163 0 -3.072163 -152.4 -2.792876 -152.4 -3.072163 0 2.274864 152.4 2.274864 0 2.48167 0 2.48167 152.4 2.274864 152.4 2.48167 0 -2.48167 152.4 -2.48167 0 -2.274864 0 -2.274864 152.4 -2.48167 152.4 -2.274864 0 -2.274864 152.4 -2.274864 0 -2.068058 0 -2.068058 152.4 -2.274864 152.4 -2.068058 0 -2.068058 152.4 -2.068058 0 -1.861252 0 -1.861252 152.4 -2.068058 152.4 -1.861252 0 -1.861252 152.4 -1.861252 0 -1.654446 0 -1.654446 152.4 -1.861252 152.4 -1.654446 0 -1.654446 152.4 -1.654446 0 -1.447641 0 -1.447641 152.4 -1.654446 152.4 -1.447641 0 -1.447641 152.4 -1.447641 0 -1.240835 0 -1.240835 152.4 -1.447641 152.4 -1.240835 0 -1.240835 152.4 -1.240835 0 -1.034029 0 -1.034029 152.4 -1.240835 152.4 -1.034029 0 -1.034029 152.4 -1.034029 0 -0.827223 0 -0.827223 152.4 -1.034029 152.4 -0.827223 0 -0.827223 152.4 -0.827223 0 -0.620417 0 -0.620417 152.4 -0.827223 152.4 -0.620417 0 -0.620417 152.4 -0.620417 0 -0.413612 0 -0.413612 152.4 -0.620417 152.4 -0.413612 0 -0.413612 152.4 -0.413612 0 -0.206806 0 -0.206806 152.4 -0.413612 152.4 -0.206806 0 -0.206806 152.4 -0.206806 0 0 0 0 152.4 -0.206806 152.4 0 0 0 152.4 0 0 0.206806 0 0.206806 152.4 0 152.4 0.206806 0 0.206806 152.4 0.206806 0 0.413612 0 0.413612 152.4 0.206806 152.4 0.413612 0 0.413612 152.4 0.413612 0 0.620417 0 0.620417 152.4 0.413612 152.4 0.620417 0 0.620417 152.4 0.620417 0 0.827223 0 0.827223 152.4 0.620417 152.4 0.827223 0 0.827223 152.4 0.827223 0 1.034029 0 1.034029 152.4 0.827223 152.4 1.034029 0 1.034029 152.4 1.034029 0 1.240835 0 1.240835 152.4 1.034029 152.4 1.240835 0 1.240835 152.4 1.240835 0 1.447641 0 1.447641 152.4 1.240835 152.4 1.447641 0 1.447641 152.4 1.447641 0 1.654446 0 1.654446 152.4 1.447641 152.4 1.654446 0 1.654446 152.4 1.654446 0 1.861252 0 1.861252 152.4 1.654446 152.4 1.861252 0 1.861252 152.4 1.861252 0 2.068058 0 2.068058 152.4 1.861252 152.4 2.068058 0 2.068058 152.4 2.068058 0 2.274864 0 2.274864 152.4 2.068058 152.4 2.274864 1.03045 0.276108 0.763023 0.204452 1.0668 0 1.0668 0 0.763023 0.204452 0.78994 0 1.0668 0 0.78994 0 1.03045 -0.276108 1.03045 -0.276108 0.78994 0 0.763023 -0.204452 1.03045 -0.276108 0.763023 -0.204452 0.684108 -0.39497 0.763023 0.204452 1.03045 0.276108 0.684108 0.39497 0.684108 0.39497 1.03045 0.276108 0.923876 0.5334 0.684108 0.39497 0.923876 0.5334 0.558572 0.558572 0.558572 0.558572 0.923876 0.5334 0.754342 0.754342 0.558572 0.558572 0.754342 0.754342 0.39497 0.684108 0.39497 0.684108 0.754342 0.754342 0.5334 0.923876 0.39497 0.684108 0.5334 0.923876 0.204452 0.763023 0.204452 0.763023 0.5334 0.923876 0.276108 1.03045 0.204452 0.763023 0.276108 1.03045 0 0.78994 0 0.78994 0.276108 1.03045 0 1.0668 0 0.78994 0 1.0668 -0.276108 1.03045 0 0.78994 -0.276108 1.03045 -0.204452 0.763023 -0.204452 0.763023 -0.276108 1.03045 -0.5334 0.923876 -0.204452 0.763023 -0.5334 0.923876 -0.39497 0.684108 -0.39497 0.684108 -0.5334 0.923876 -0.754342 0.754342 -0.39497 0.684108 -0.754342 0.754342 -0.558572 0.558572 -0.558572 0.558572 -0.754342 0.754342 -0.923876 0.5334 -0.558572 0.558572 -0.923876 0.5334 -0.684108 0.39497 -0.684108 0.39497 -0.923876 0.5334 -1.03045 0.276108 -0.684108 0.39497 -1.03045 0.276108 -0.763023 0.204452 -0.763023 0.204452 -1.03045 0.276108 -1.0668 0 -0.763023 0.204452 -1.0668 0 -0.78994 0 -0.78994 0 -1.0668 0 -0.763023 -0.204452 -0.763023 -0.204452 -1.0668 0 -1.03045 -0.276108 -0.763023 -0.204452 -1.03045 -0.276108 -0.684108 -0.39497 -0.684108 -0.39497 -1.03045 -0.276108 -0.923876 -0.5334 -0.684108 -0.39497 -0.923876 -0.5334 -0.558572 -0.558572 -0.558572 -0.558572 -0.923876 -0.5334 -0.754342 -0.754342 -0.558572 -0.558572 -0.754342 -0.754342 -0.39497 -0.684108 -0.39497 -0.684108 -0.754342 -0.754342 -0.5334 -0.923876 -0.39497 -0.684108 -0.5334 -0.923876 -0.204452 -0.763023 -0.204452 -0.763023 -0.5334 -0.923876 -0.276108 -1.03045 -0.204452 -0.763023 -0.276108 -1.03045 0 -0.78994 0 -0.78994 -0.276108 -1.03045 0 -1.0668 0 -0.78994 0 -1.0668 0.276108 -1.03045 0 -0.78994 0.276108 -1.03045 0.204452 -0.763023 0.204452 -0.763023 0.276108 -1.03045 0.5334 -0.923876 0.204452 -0.763023 0.5334 -0.923876 0.39497 -0.684108 0.39497 -0.684108 0.5334 -0.923876 0.754342 -0.754342 0.39497 -0.684108 0.754342 -0.754342 0.558572 -0.558572 0.558572 -0.558572 0.754342 -0.754342 0.923876 -0.5334 0.558572 -0.558572 0.923876 -0.5334 0.684108 -0.39497 0.684108 -0.39497 0.923876 -0.5334 1.03045 -0.276108 -1.03045 -0.276108 -0.763023 -0.204452 -1.0668 0 -1.0668 0 -0.763023 -0.204452 -0.78994 0 -1.0668 0 -0.78994 0 -0.763023 0.204452 -0.763023 -0.204452 -1.03045 -0.276108 -0.684108 -0.39497 -0.684108 -0.39497 -1.03045 -0.276108 -0.923876 -0.5334 -0.684108 -0.39497 -0.923876 -0.5334 -0.558572 -0.558572 -0.558572 -0.558572 -0.923876 -0.5334 -0.754342 -0.754342 -0.558572 -0.558572 -0.754342 -0.754342 -0.39497 -0.684108 -0.39497 -0.684108 -0.754342 -0.754342 -0.5334 -0.923876 -0.39497 -0.684108 -0.5334 -0.923876 -0.204452 -0.763023 -0.204452 -0.763023 -0.5334 -0.923876 -0.276108 -1.03045 -0.204452 -0.763023 -0.276108 -1.03045 0 -0.78994 0 -0.78994 -0.276108 -1.03045 0 -1.0668 0 -0.78994 0 -1.0668 0.276108 -1.03045 0 -0.78994 0.276108 -1.03045 0.204452 -0.763023 0.204452 -0.763023 0.276108 -1.03045 0.5334 -0.923876 0.204452 -0.763023 0.5334 -0.923876 0.39497 -0.684108 0.39497 -0.684108 0.5334 -0.923876 0.754342 -0.754342 0.39497 -0.684108 0.754342 -0.754342 0.558572 -0.558572 0.558572 -0.558572 0.754342 -0.754342 0.923876 -0.5334 0.558572 -0.558572 0.923876 -0.5334 0.684108 -0.39497 0.684108 -0.39497 0.923876 -0.5334 1.03045 -0.276108 0.684108 -0.39497 1.03045 -0.276108 0.763023 -0.204452 0.763023 -0.204452 1.03045 -0.276108 0.78994 0 0.78994 0 1.03045 -0.276108 1.0668 0 0.78994 0 1.0668 0 0.763023 0.204452 0.763023 0.204452 1.0668 0 1.03045 0.276108 0.763023 0.204452 1.03045 0.276108 0.684108 0.39497 0.684108 0.39497 1.03045 0.276108 0.923876 0.5334 0.684108 0.39497 0.923876 0.5334 0.558572 0.558572 0.558572 0.558572 0.923876 0.5334 0.754342 0.754342 0.558572 0.558572 0.754342 0.754342 0.39497 0.684108 0.39497 0.684108 0.754342 0.754342 0.5334 0.923876 0.39497 0.684108 0.5334 0.923876 0.204452 0.763023 0.204452 0.763023 0.5334 0.923876 0.276108 1.03045 0.204452 0.763023 0.276108 1.03045 0 0.78994 0 0.78994 0.276108 1.03045 0 1.0668 0 0.78994 0 1.0668 -0.276108 1.03045 0 0.78994 -0.276108 1.03045 -0.204452 0.763023 -0.204452 0.763023 -0.276108 1.03045 -0.5334 0.923876 -0.204452 0.763023 -0.5334 0.923876 -0.39497 0.684108 -0.39497 0.684108 -0.5334 0.923876 -0.754342 0.754342 -0.39497 0.684108 -0.754342 0.754342 -0.558572 0.558572 -0.558572 0.558572 -0.754342 0.754342 -0.923876 0.5334 -0.558572 0.558572 -0.923876 0.5334 -0.684108 0.39497 -0.684108 0.39497 -0.923876 0.5334 -1.03045 0.276108 -0.684108 0.39497 -1.03045 0.276108 -0.763023 0.204452 -0.763023 0.204452 -1.03045 0.276108 -1.0668 0 0 -3.072163 -152.4 -3.072163 0 -3.351451 0 -3.351451 -152.4 -3.072163 -152.4 -3.351451 0 3.351451 -152.4 3.351451 0 3.072163 0 3.072163 -152.4 3.351451 -152.4 3.072163 0 3.072163 -152.4 3.072163 0 2.792876 0 2.792876 -152.4 3.072163 -152.4 2.792876 0 2.792876 -152.4 2.792876 0 2.513588 0 2.513588 -152.4 2.792876 -152.4 2.513588 0 2.513588 -152.4 2.513588 0 2.234301 0 2.234301 -152.4 2.513588 -152.4 2.234301 0 2.234301 -152.4 2.234301 0 1.955013 0 1.955013 -152.4 2.234301 -152.4 1.955013 0 1.955013 -152.4 1.955013 0 1.675726 0 1.675726 -152.4 1.955013 -152.4 1.675726 0 1.675726 -152.4 1.675726 0 1.396438 0 1.396438 -152.4 1.675726 -152.4 1.396438 0 1.396438 -152.4 1.396438 0 1.11715 0 1.11715 -152.4 1.396438 -152.4 1.11715 0 1.11715 -152.4 1.11715 0 0.837863 0 0.837863 -152.4 1.11715 -152.4 0.837863 0 0.837863 -152.4 0.837863 0 0.558575 0 0.558575 -152.4 0.837863 -152.4 0.558575 0 0.558575 -152.4 0.558575 0 0.279288 0 0.279288 -152.4 0.558575 -152.4 0.279288 0 0.279288 -152.4 0.279288 0 0 0 0 -152.4 0.279288 -152.4 0 0 0 -152.4 0 0 -0.279288 0 -0.279288 -152.4 0 -152.4 -0.279288 0 -0.279288 -152.4 -0.279288 0 -0.558575 0 -0.558575 -152.4 -0.279288 -152.4 -0.558575 0 -0.558575 -152.4 -0.558575 0 -0.837863 0 -0.837863 -152.4 -0.558575 -152.4 -0.837863 0 -0.837863 -152.4 -0.837863 0 -1.11715 0 -1.11715 -152.4 -0.837863 -152.4 -1.11715 0 -1.11715 -152.4 -1.11715 0 -1.396438 0 -1.396438 -152.4 -1.11715 -152.4 -1.396438 0 -1.396438 -152.4 -1.396438 0 -1.675726 0 -1.675726 -152.4 -1.396438 -152.4 -1.675726 0 -1.675726 -152.4 -1.675726 0 -1.955013 0 -1.955013 -152.4 -1.675726 -152.4 -1.955013 0 -1.955013 -152.4 -1.955013 0 -2.234301 0 -2.234301 -152.4 -1.955013 -152.4 -2.234301 0 -2.234301 -152.4 -2.234301 0 -2.513588 0 -2.513588 -152.4 -2.234301 -152.4 -2.513588 0 -2.513588 -152.4 -2.513588 0 -2.792876 0 -2.792876 -152.4 -2.513588 -152.4 -2.792876 0 -2.792876 -152.4 -2.792876 0 -3.072163 0 -3.072163 -152.4 -2.792876 -152.4 -3.072163 0 2.274864 152.4 2.274864 0 2.48167 0 2.48167 152.4 2.274864 152.4 2.48167 0 -2.48167 152.4 -2.48167 0 -2.274864 0 -2.274864 152.4 -2.48167 152.4 -2.274864 0 -2.274864 152.4 -2.274864 0 -2.068058 0 -2.068058 152.4 -2.274864 152.4 -2.068058 0 -2.068058 152.4 -2.068058 0 -1.861252 0 -1.861252 152.4 -2.068058 152.4 -1.861252 0 -1.861252 152.4 -1.861252 0 -1.654446 0 -1.654446 152.4 -1.861252 152.4 -1.654446 0 -1.654446 152.4 -1.654446 0 -1.447641 0 -1.447641 152.4 -1.654446 152.4 -1.447641 0 -1.447641 152.4 -1.447641 0 -1.240835 0 -1.240835 152.4 -1.447641 152.4 -1.240835 0 -1.240835 152.4 -1.240835 0 -1.034029 0 -1.034029 152.4 -1.240835 152.4 -1.034029 0 -1.034029 152.4 -1.034029 0 -0.827223 0 -0.827223 152.4 -1.034029 152.4 -0.827223 0 -0.827223 152.4 -0.827223 0 -0.620417 0 -0.620417 152.4 -0.827223 152.4 -0.620417 0 -0.620417 152.4 -0.620417 0 -0.413612 0 -0.413612 152.4 -0.620417 152.4 -0.413612 0 -0.413612 152.4 -0.413612 0 -0.206806 0 -0.206806 152.4 -0.413612 152.4 -0.206806 0 -0.206806 152.4 -0.206806 0 0 0 0 152.4 -0.206806 152.4 0 0 0 152.4 0 0 0.206806 0 0.206806 152.4 0 152.4 0.206806 0 0.206806 152.4 0.206806 0 0.413612 0 0.413612 152.4 0.206806 152.4 0.413612 0 0.413612 152.4 0.413612 0 0.620417 0 0.620417 152.4 0.413612 152.4 0.620417 0 0.620417 152.4 0.620417 0 0.827223 0 0.827223 152.4 0.620417 152.4 0.827223 0 0.827223 152.4 0.827223 0 1.034029 0 1.034029 152.4 0.827223 152.4 1.034029 0 1.034029 152.4 1.034029 0 1.240835 0 1.240835 152.4 1.034029 152.4 1.240835 0 1.240835 152.4 1.240835 0 1.447641 0 1.447641 152.4 1.240835 152.4 1.447641 0 1.447641 152.4 1.447641 0 1.654446 0 1.654446 152.4 1.447641 152.4 1.654446 0 1.654446 152.4 1.654446 0 1.861252 0 1.861252 152.4 1.654446 152.4 1.861252 0 1.861252 152.4 1.861252 0 2.068058 0 2.068058 152.4 1.861252 152.4 2.068058 0 2.068058 152.4 2.068058 0 2.274864 0 2.274864 152.4 2.068058 152.4 2.274864 1.351473 1.109125 1.37795 1.37795 1.07696 1.37795 1.07696 1.37795 1.37795 1.37795 1.351473 1.646775 1.07696 1.37795 1.351473 1.646775 1.049958 1.617596 1.049958 1.617596 1.351473 1.646775 1.27306 1.905269 1.049958 1.617596 1.27306 1.905269 0.970307 1.845225 0.970307 1.845225 1.27306 1.905269 1.145724 2.143498 0.970307 1.845225 1.145724 2.143498 0.842001 2.049424 0.842001 2.049424 1.145724 2.143498 0.974358 2.352308 0.842001 2.049424 0.974358 2.352308 0.671474 2.219951 0.671474 2.219951 0.974358 2.352308 0.765548 2.523674 0.671474 2.219951 0.765548 2.523674 0.467275 2.348257 0.467275 2.348257 0.765548 2.523674 0.527319 2.65101 0.467275 2.348257 0.527319 2.65101 0.239646 2.427908 0.239646 2.427908 0.527319 2.65101 0.268825 2.729423 0.239646 2.427908 0.268825 2.729423 0 2.45491 0 2.45491 0.268825 2.729423 0 2.7559 0 2.45491 0 2.7559 -0.268825 2.729423 0 2.45491 -0.268825 2.729423 -0.239646 2.427908 -0.239646 2.427908 -0.268825 2.729423 -0.527319 2.65101 -0.239646 2.427908 -0.527319 2.65101 -0.467275 2.348257 -0.467275 2.348257 -0.527319 2.65101 -0.765548 2.523674 -0.467275 2.348257 -0.765548 2.523674 -0.671474 2.219951 -0.671474 2.219951 -0.765548 2.523674 -0.974358 2.352308 -0.671474 2.219951 -0.974358 2.352308 -0.842001 2.049424 -0.842001 2.049424 -0.974358 2.352308 -1.145724 2.143498 -0.842001 2.049424 -1.145724 2.143498 -0.970307 1.845225 -0.970307 1.845225 -1.145724 2.143498 -1.27306 1.905269 -0.970307 1.845225 -1.27306 1.905269 -1.049958 1.617596 -1.049958 1.617596 -1.27306 1.905269 -1.351473 1.646775 -1.049958 1.617596 -1.351473 1.646775 -1.07696 1.37795 -1.07696 1.37795 -1.351473 1.646775 -1.37795 1.37795 -1.07696 1.37795 -1.37795 1.37795 -1.351473 1.109125 -1.07696 1.37795 -1.351473 1.109125 -1.049958 1.138304 -1.049958 1.138304 -1.351473 1.109125 -1.27306 0.850631 -1.049958 1.138304 -1.27306 0.850631 -0.970307 0.910675 -0.970307 0.910675 -1.27306 0.850631 -1.145724 0.612402 -0.970307 0.910675 -1.145724 0.612402 -0.842001 0.706476 -0.842001 0.706476 -1.145724 0.612402 -0.974358 0.403592 -0.842001 0.706476 -0.974358 0.403592 -0.671474 0.535949 -0.671474 0.535949 -0.974358 0.403592 -0.765548 0.232226 -0.671474 0.535949 -0.765548 0.232226 -0.467275 0.407643 -0.467275 0.407643 -0.765548 0.232226 -0.527319 0.10489 -0.467275 0.407643 -0.527319 0.10489 -0.239646 0.327992 -0.239646 0.327992 -0.527319 0.10489 -0.268825 0.02647686 -0.239646 0.327992 -0.268825 0.02647686 0 0.30099 0 0.30099 -0.268825 0.02647686 0 0 0 0.30099 0 0 0.268825 0.02647686 0 0.30099 0.268825 0.02647686 0.239646 0.327992 0.239646 0.327992 0.268825 0.02647686 0.527319 0.10489 0.239646 0.327992 0.527319 0.10489 0.467275 0.407643 0.467275 0.407643 0.527319 0.10489 0.765548 0.232226 0.467275 0.407643 0.765548 0.232226 0.671474 0.535949 0.671474 0.535949 0.765548 0.232226 0.974358 0.403592 0.671474 0.535949 0.974358 0.403592 0.842001 0.706476 0.842001 0.706476 0.974358 0.403592 1.145724 0.612402 0.842001 0.706476 1.145724 0.612402 0.970307 0.910675 0.970307 0.910675 1.145724 0.612402 1.27306 0.850631 0.970307 0.910675 1.27306 0.850631 1.049958 1.138304 1.049958 1.138304 1.27306 0.850631 1.351473 1.109125 1.049958 1.138304 1.351473 1.109125 1.07696 1.37795 1.905061 0.239959 0 0.239959 1.905061 0 1.905061 0 0 0.239959 0 0 1.905061 0 0 0 1.905061 -0.239959 1.905061 -0.239959 0 0 0 -0.239959 1.905061 -0.239959 0 -0.239959 1.905061 -0.479919 1.905061 -0.479919 0 -0.239959 0 -0.479919 1.905061 -0.479919 0 -0.479919 1.905061 -0.719878 1.905061 -0.719878 0 -0.479919 0 -0.719878 1.905061 -0.719878 0 -0.719878 1.905061 -0.959837 1.905061 -0.959837 0 -0.719878 0 -0.959837 1.905061 -0.959837 0 -0.959837 1.905061 -1.199797 1.905061 -1.199797 0 -0.959837 0 -1.199797 1.905061 -1.199797 0 -1.199797 1.905061 -1.439756 1.905061 -1.439756 0 -1.199797 0 -1.439756 1.905061 -1.439756 0 -1.439756 1.905061 -1.679715 1.905061 -1.679715 0 -1.439756 0 -1.679715 1.905061 -1.679715 0 -1.679715 1.905061 -1.919675 1.905061 -1.919675 0 -1.679715 0 -1.919675 1.905061 -1.919675 0 -1.919675 1.905061 -2.159634 1.905061 -2.159634 0 -1.919675 0 -2.159634 1.905061 -2.159634 0 -2.159634 1.905061 -2.399593 1.905061 -2.399593 0 -2.159634 0 -2.399593 1.905061 -2.399593 0 -2.399593 1.905061 -2.639553 1.905061 -2.639553 0 -2.399593 0 -2.639553 1.905061 -2.639553 0 -2.639553 1.905061 -2.879512 1.905061 -2.879512 0 -2.639553 0 -2.879512 1.905061 -2.879512 0 -2.879512 1.905061 -3.119471 1.905061 -3.119471 0 -2.879512 0 -3.119471 1.905061 -3.119471 0 -3.119471 1.905061 -3.359431 1.905061 -3.359431 0 -3.119471 0 -3.359431 1.905061 3.359431 0 3.359431 1.905061 3.119471 1.905061 3.119471 0 3.359431 0 3.119471 1.905061 3.119471 0 3.119471 1.905061 2.879512 1.905061 2.879512 0 3.119471 0 2.879512 1.905061 2.879512 0 2.879512 1.905061 2.639553 1.905061 2.639553 0 2.879512 0 2.639553 1.905061 2.639553 0 2.639553 1.905061 2.399593 1.905061 2.399593 0 2.639553 0 2.399593 1.905061 2.399593 0 2.399593 1.905061 2.159634 1.905061 2.159634 0 2.399593 0 2.159634 1.905061 2.159634 0 2.159634 1.905061 1.919675 1.905061 1.919675 0 2.159634 0 1.919675 1.905061 1.919675 0 1.919675 1.905061 1.679715 1.905061 1.679715 0 1.919675 0 1.679715 1.905061 1.679715 0 1.679715 1.905061 1.439756 1.905061 1.439756 0 1.679715 0 1.439756 1.905061 1.439756 0 1.439756 1.905061 1.199797 1.905061 1.199797 0 1.439756 0 1.199797 1.905061 1.199797 0 1.199797 1.905061 0.959837 1.905061 0.959837 0 1.199797 0 0.959837 1.905061 0.959837 0 0.959837 1.905061 0.719878 1.905061 0.719878 0 0.959837 0 0.719878 1.905061 0.719878 0 0.719878 1.905061 0.479919 1.905061 0.479919 0 0.719878 0 0.479919 1.905061 0.479919 0 0.479919 1.905061 0.239959 1.905061 0.239959 0 0.479919 0 0.239959 1.858125 1.752684 0 1.623359 1.905 1.615419 1.905 1.615419 0 1.623359 0 1.352799 1.905 1.615419 0 1.352799 1.905 1.345426 1.905 1.345426 0 1.352799 0 1.082239 1.905 1.345426 0 1.082239 1.905 1.075433 1.905 1.075433 0 1.082239 0 0.81168 1.905 1.075433 0 0.81168 1.905 0.805441 1.905 0.805441 0 0.81168 0 0.54112 1.905 0.805441 0 0.54112 1.905 0.535448 1.905 0.535448 0 0.54112 0 0.27056 1.905 0.535448 0 0.27056 1.905 0.265455 1.905 0.265455 0 0.27056 0 0 1.905 0.265455 0 0 1.905 -0.004536986 1.905 -0.004536986 0 0 0 -0.27056 1.905 -0.004536986 0 -0.27056 1.905 -0.27453 1.905 -0.27453 0 -0.27056 0 -0.54112 1.905 -0.27453 0 -0.54112 1.905 -0.544523 1.905 -0.544523 0 -0.54112 0 -0.81168 1.905 -0.544523 0 -0.81168 1.905 -0.814515 1.905 -0.814515 0 -0.81168 0 -1.082239 1.905 -0.814515 0 -1.082239 1.905 -1.084508 1.905 -1.084508 0 -1.082239 0 -1.352799 1.905 -1.084508 0 -1.352799 1.905 -1.354501 1.905 -1.354501 0 -1.352799 0 -1.623359 1.905 -1.354501 0 -1.623359 1.905 -1.624493 1.905 -1.624493 0 -1.623359 0 -1.893919 1.905 -1.624493 0 -1.893919 1.905 -1.894486 1.905 -1.894486 0 -1.893919 0 -2.164479 1.905 -1.894486 0 -2.164479 1.905 -2.164479 1.905 -2.164479 0 -2.164479 1.905 -2.434471 1.905 -2.434471 0 -2.164479 0 -2.435039 1.905 -2.434471 0 -2.435039 1.905 -2.704464 1.905 -2.704464 0 -2.435039 0 -2.705598 1.905 -2.704464 0 -2.705598 1.905 -2.974457 1.905 -2.974457 0 -2.705598 0 -2.976158 1.905 -2.974457 0 -2.976158 1.905 -3.244449 1.905 -3.244449 0 -2.976158 0 -3.246718 1.905 -3.244449 0 -3.246718 1.905 -3.514442 1.905 -3.514442 0 -3.246718 0 -3.517278 1.905 -3.514442 0 -3.517278 1.905 -3.784435 1.905 -3.784435 0 -3.517278 0 -3.787838 1.905 -3.784435 0 -3.787838 1.905 -4.054428 1.905 -4.054428 0 -3.787838 0 -4.058398 1.905 -4.054428 0 -4.058398 1.905 -4.32442 1.905 -4.32442 0 -4.058398 0 -4.328958 1.905 -4.32442 0 -4.328958 1.905 -4.594413 1.905 4.063502 0 4.328958 0 4.058398 1.905 4.063502 0 4.058398 1.905 3.79351 1.905 3.79351 0 4.058398 0 3.787838 1.905 3.79351 0 3.787838 1.905 3.523517 1.905 3.523517 0 3.787838 0 3.517278 1.905 3.523517 0 3.517278 1.905 3.253524 1.905 3.253524 0 3.517278 0 3.246718 1.905 3.253524 0 3.246718 1.905 2.983532 1.905 2.983532 0 3.246718 0 2.976158 1.905 2.983532 0 2.976158 1.905 2.713539 1.905 2.713539 0 2.976158 0 2.705598 1.905 2.713539 0 2.705598 1.858125 2.576274 1.858125 2.576274 0 2.705598 0 2.435039 1.858125 2.576274 0 2.435039 1.824307 2.439009 1.824307 2.439009 0 2.435039 1.803881 2.301744 1.803881 2.301744 0 2.435039 0 2.164479 1.803881 2.301744 0 2.164479 1.79705 2.164479 1.79705 2.164479 0 2.164479 1.803881 2.027214 1.803881 2.027214 0 2.164479 0 1.893919 1.803881 2.027214 0 1.893919 1.824307 1.889949 1.824307 1.889949 0 1.893919 1.858125 1.752684 1.858125 1.752684 0 1.893919 0 1.623359 1.447641 -6.471492 1.240835 -6.147918 1.240835 -6.471492 1.240835 -6.471492 1.240835 -6.147918 1.034029 -6.147918 1.240835 -6.471492 1.034029 -6.147918 1.034029 -6.471492 1.034029 -6.471492 1.034029 -6.147918 0.827223 -6.147918 1.034029 -6.471492 0.827223 -6.147918 0.827223 -6.471492 0.827223 -6.471492 0.827223 -6.147918 0.620417 -6.147918 0.827223 -6.471492 0.620417 -6.147918 0.620417 -6.471492 0.620417 -6.471492 0.620417 -6.147918 0.413612 -6.147918 0.620417 -6.471492 0.413612 -6.147918 0.413612 -6.471492 0.413612 -6.471492 0.413612 -6.147918 0.206806 -6.147918 0.413612 -6.471492 0.206806 -6.147918 0.206806 -6.471492 0.206806 -6.471492 0.206806 -6.147918 0 -6.147918 0.206806 -6.471492 0 -6.147918 0 -6.471492 0 -6.471492 0 -6.147918 -0.206806 -6.147918 0 -6.471492 -0.206806 -6.147918 -0.206806 -6.471492 -0.206806 -6.471492 -0.206806 -6.147918 -0.413612 -6.147918 -0.206806 -6.471492 -0.413612 -6.147918 -0.413612 -6.471492 -0.413612 -6.471492 -0.413612 -6.147918 -0.620417 -6.147918 -0.413612 -6.471492 -0.620417 -6.147918 -0.620417 -6.471492 -0.620417 -6.471492 -0.620417 -6.147918 -0.827223 -6.147918 -0.620417 -6.471492 -0.827223 -6.147918 -0.827223 -6.471492 -0.827223 -6.471492 -0.827223 -6.147918 -1.034029 -6.147918 -0.827223 -6.471492 -1.034029 -6.147918 -1.034029 -6.471492 -1.034029 -6.471492 -1.034029 -6.147918 -1.240835 -6.147918 -1.034029 -6.471492 -1.240835 -6.147918 -1.240835 -6.471492 -1.240835 -6.471492 -1.240835 -6.147918 -1.447641 -6.147918 -1.240835 -6.471492 -1.447641 -6.147918 -1.447641 -6.471492 -1.447641 -6.471492 -1.447641 -6.147918 -1.654446 -6.147918 -1.447641 -6.471492 -1.654446 -6.147918 -1.654446 -6.471492 -1.654446 -6.471492 -1.654446 -6.147918 -1.861252 -6.147918 -1.654446 -6.471492 -1.861252 -6.147918 -1.861252 -6.471492 -1.861252 -6.471492 -1.861252 -6.147918 -2.068058 -6.147918 -1.861252 -6.471492 -2.068058 -6.147918 -2.068058 -6.471492 -2.068058 -6.471492 -2.068058 -6.147918 -2.274864 -6.147918 -2.068058 -6.471492 -2.274864 -6.147918 -2.274864 -6.471492 -2.274864 -6.471492 -2.274864 -6.147918 -2.48167 -6.147918 -2.274864 -6.471492 -2.48167 -6.147918 -2.48167 -6.471492 2.48167 -6.471492 2.48167 -6.147918 2.274864 -6.147918 2.48167 -6.471492 2.274864 -6.147918 2.274864 -6.471492 2.274864 -6.471492 2.274864 -6.147918 2.068058 -6.147918 2.274864 -6.471492 2.068058 -6.147918 2.068058 -6.471492 2.068058 -6.471492 2.068058 -6.147918 1.861252 -6.147918 2.068058 -6.471492 1.861252 -6.147918 1.861252 -6.471492 1.861252 -6.471492 1.861252 -6.147918 1.654446 -6.147918 1.861252 -6.471492 1.654446 -6.147918 1.654446 -6.471492 1.654446 -6.471492 1.654446 -6.147918 1.447641 -6.147918 1.654446 -6.471492 1.447641 -6.147918 1.447641 -6.471492 1.447641 -6.471492 1.447641 -6.147918 1.240835 -6.147918 1.034029 -3.235746 1.240835 -3.559321 1.240835 -3.235746 1.240835 -3.235746 1.240835 -3.559321 1.447641 -3.559321 1.240835 -3.235746 1.447641 -3.559321 1.447641 -3.235746 1.447641 -3.235746 1.447641 -3.559321 1.654446 -3.559321 1.447641 -3.235746 1.654446 -3.559321 1.654446 -3.235746 1.654446 -3.235746 1.654446 -3.559321 1.861252 -3.559321 1.654446 -3.235746 1.861252 -3.559321 1.861252 -3.235746 1.861252 -3.235746 1.861252 -3.559321 2.068058 -3.559321 1.861252 -3.235746 2.068058 -3.559321 2.068058 -3.235746 2.068058 -3.235746 2.068058 -3.559321 2.274864 -3.559321 2.068058 -3.235746 2.274864 -3.559321 2.274864 -3.235746 2.274864 -3.235746 2.274864 -3.559321 2.48167 -3.559321 2.274864 -3.235746 2.48167 -3.559321 2.48167 -3.235746 -2.48167 -3.235746 -2.48167 -3.559321 -2.274864 -3.559321 -2.48167 -3.235746 -2.274864 -3.559321 -2.274864 -3.235746 -2.274864 -3.235746 -2.274864 -3.559321 -2.068058 -3.559321 -2.274864 -3.235746 -2.068058 -3.559321 -2.068058 -3.235746 -2.068058 -3.235746 -2.068058 -3.559321 -1.861252 -3.559321 -2.068058 -3.235746 -1.861252 -3.559321 -1.861252 -3.235746 -1.861252 -3.235746 -1.861252 -3.559321 -1.654446 -3.559321 -1.861252 -3.235746 -1.654446 -3.559321 -1.654446 -3.235746 -1.654446 -3.235746 -1.654446 -3.559321 -1.447641 -3.559321 -1.654446 -3.235746 -1.447641 -3.559321 -1.447641 -3.235746 -1.447641 -3.235746 -1.447641 -3.559321 -1.240835 -3.559321 -1.447641 -3.235746 -1.240835 -3.559321 -1.240835 -3.235746 -1.240835 -3.235746 -1.240835 -3.559321 -1.034029 -3.559321 -1.240835 -3.235746 -1.034029 -3.559321 -1.034029 -3.235746 -1.034029 -3.235746 -1.034029 -3.559321 -0.827223 -3.559321 -1.034029 -3.235746 -0.827223 -3.559321 -0.827223 -3.235746 -0.827223 -3.235746 -0.827223 -3.559321 -0.620417 -3.559321 -0.827223 -3.235746 -0.620417 -3.559321 -0.620417 -3.235746 -0.620417 -3.235746 -0.620417 -3.559321 -0.413612 -3.559321 -0.620417 -3.235746 -0.413612 -3.559321 -0.413612 -3.235746 -0.413612 -3.235746 -0.413612 -3.559321 -0.206806 -3.559321 -0.413612 -3.235746 -0.206806 -3.559321 -0.206806 -3.235746 -0.206806 -3.235746 -0.206806 -3.559321 0 -3.559321 -0.206806 -3.235746 0 -3.559321 0 -3.235746 0 -3.235746 0 -3.559321 0.206806 -3.559321 0 -3.235746 0.206806 -3.559321 0.206806 -3.235746 0.206806 -3.235746 0.206806 -3.559321 0.413612 -3.559321 0.206806 -3.235746 0.413612 -3.559321 0.413612 -3.235746 0.413612 -3.235746 0.413612 -3.559321 0.620417 -3.559321 0.413612 -3.235746 0.620417 -3.559321 0.620417 -3.235746 0.620417 -3.235746 0.620417 -3.559321 0.827223 -3.559321 0.620417 -3.235746 0.827223 -3.559321 0.827223 -3.235746 0.827223 -3.235746 0.827223 -3.559321 1.034029 -3.559321 0.827223 -3.235746 1.034029 -3.559321 1.034029 -3.235746 1.034029 -3.235746 1.034029 -3.559321 1.240835 -3.559321 2.48167 -6.147918 2.48167 -5.824343 2.274864 -5.824343 2.274864 -5.824343 2.48167 -5.824343 2.274864 -5.500769 2.274864 -5.824343 2.274864 -5.500769 2.068058 -5.500769 2.068058 -5.500769 2.274864 -5.500769 2.068058 -5.177194 2.068058 -5.500769 2.068058 -5.177194 1.861252 -5.177194 1.861252 -5.177194 2.068058 -5.177194 1.861252 -4.853619 1.861252 -5.177194 1.861252 -4.853619 1.654446 -4.853619 1.654446 -4.853619 1.861252 -4.853619 1.654446 -4.530045 1.654446 -4.853619 1.654446 -4.530045 1.447641 -4.530045 1.447641 -4.530045 1.654446 -4.530045 1.447641 -4.20647 1.447641 -4.530045 1.447641 -4.20647 1.240835 -4.20647 1.240835 -4.20647 1.447641 -4.20647 1.240835 -3.882895 1.240835 -4.20647 1.240835 -3.882895 1.034029 -3.882895 1.034029 -3.882895 1.240835 -3.882895 1.034029 -3.559321 1.034029 -3.882895 1.034029 -3.559321 0.827223 -3.559321 2.48167 -5.824343 2.48167 -5.500769 2.274864 -5.500769 2.274864 -5.500769 2.48167 -5.500769 2.274864 -5.177194 2.274864 -5.500769 2.274864 -5.177194 2.068058 -5.177194 2.068058 -5.177194 2.274864 -5.177194 2.068058 -4.853619 2.068058 -5.177194 2.068058 -4.853619 1.861252 -4.853619 1.861252 -4.853619 2.068058 -4.853619 1.861252 -4.530045 1.861252 -4.853619 1.861252 -4.530045 1.654446 -4.530045 1.654446 -4.530045 1.861252 -4.530045 1.654446 -4.20647 1.654446 -4.530045 1.654446 -4.20647 1.447641 -4.20647 1.447641 -4.20647 1.654446 -4.20647 1.447641 -3.882895 1.447641 -4.20647 1.447641 -3.882895 1.240835 -3.882895 1.240835 -3.882895 1.447641 -3.882895 1.240835 -3.559321 1.240835 -3.882895 1.240835 -3.559321 1.034029 -3.559321 -2.48167 -6.147918 -2.274864 -6.147918 -2.48167 -5.824343 -2.48167 -5.824343 -2.274864 -6.147918 -2.274864 -5.824343 -2.48167 -5.824343 -2.274864 -5.824343 -2.48167 -5.500769 -2.48167 -5.500769 -2.274864 -5.824343 -2.274864 -5.500769 -2.48167 -5.500769 -2.274864 -5.500769 -2.48167 -5.177194 -2.48167 -5.177194 -2.274864 -5.500769 -2.274864 -5.177194 -2.48167 -5.177194 -2.274864 -5.177194 -2.48167 -4.853619 -2.48167 -4.853619 -2.274864 -5.177194 -2.274864 -4.853619 -2.48167 -4.853619 -2.274864 -4.853619 -2.48167 -4.530045 -2.48167 -4.530045 -2.274864 -4.853619 -2.274864 -4.530045 -2.48167 -4.530045 -2.274864 -4.530045 -2.48167 -4.20647 -2.48167 -4.20647 -2.274864 -4.530045 -2.274864 -4.20647 -2.48167 -4.20647 -2.274864 -4.20647 -2.48167 -3.882895 -2.48167 -3.882895 -2.274864 -4.20647 -2.274864 -3.882895 -2.48167 -3.882895 -2.274864 -3.882895 -2.48167 -3.559321 -2.48167 -3.559321 -2.274864 -3.882895 -2.274864 -3.559321 2.48167 -5.500769 2.48167 -5.177194 2.274864 -5.177194 2.274864 -5.177194 2.48167 -5.177194 2.274864 -4.853619 2.274864 -5.177194 2.274864 -4.853619 2.068058 -4.853619 2.068058 -4.853619 2.274864 -4.853619 2.068058 -4.530045 2.068058 -4.853619 2.068058 -4.530045 1.861252 -4.530045 1.861252 -4.530045 2.068058 -4.530045 1.861252 -4.20647 1.861252 -4.530045 1.861252 -4.20647 1.654446 -4.20647 1.654446 -4.20647 1.861252 -4.20647 1.654446 -3.882895 1.654446 -4.20647 1.654446 -3.882895 1.447641 -3.882895 1.447641 -3.882895 1.654446 -3.882895 1.447641 -3.559321 1.447641 -3.882895 1.447641 -3.559321 1.240835 -3.559321 2.48167 -5.177194 2.48167 -4.853619 2.274864 -4.853619 2.274864 -4.853619 2.48167 -4.853619 2.274864 -4.530045 2.274864 -4.853619 2.274864 -4.530045 2.068058 -4.530045 2.068058 -4.530045 2.274864 -4.530045 2.068058 -4.20647 2.068058 -4.530045 2.068058 -4.20647 1.861252 -4.20647 1.861252 -4.20647 2.068058 -4.20647 1.861252 -3.882895 1.861252 -4.20647 1.861252 -3.882895 1.654446 -3.882895 1.654446 -3.882895 1.861252 -3.882895 1.654446 -3.559321 1.654446 -3.882895 1.654446 -3.559321 1.447641 -3.559321 2.48167 -4.853619 2.48167 -4.530045 2.274864 -4.530045 2.274864 -4.530045 2.48167 -4.530045 2.274864 -4.20647 2.274864 -4.530045 2.274864 -4.20647 2.068058 -4.20647 2.068058 -4.20647 2.274864 -4.20647 2.068058 -3.882895 2.068058 -4.20647 2.068058 -3.882895 1.861252 -3.882895 1.861252 -3.882895 2.068058 -3.882895 1.861252 -3.559321 1.861252 -3.882895 1.861252 -3.559321 1.654446 -3.559321 2.48167 -4.530045 2.48167 -4.20647 2.274864 -4.20647 2.274864 -4.20647 2.48167 -4.20647 2.274864 -3.882895 2.274864 -4.20647 2.274864 -3.882895 2.068058 -3.882895 2.068058 -3.882895 2.274864 -3.882895 2.068058 -3.559321 2.068058 -3.882895 2.068058 -3.559321 1.861252 -3.559321 2.48167 -4.20647 2.48167 -3.882895 2.274864 -3.882895 2.274864 -3.882895 2.48167 -3.882895 2.274864 -3.559321 2.274864 -3.882895 2.274864 -3.559321 2.068058 -3.559321 2.48167 -3.882895 2.48167 -3.559321 2.274864 -3.559321 2.274864 -6.147918 2.48167 -6.147918 2.274864 -5.824343 2.068058 -6.147918 2.274864 -6.147918 2.068058 -5.824343 2.068058 -5.824343 2.274864 -6.147918 2.274864 -5.824343 2.068058 -5.824343 2.274864 -5.824343 2.068058 -5.500769 1.861252 -6.147918 2.068058 -6.147918 1.861252 -5.824343 1.861252 -5.824343 2.068058 -6.147918 2.068058 -5.824343 1.861252 -5.824343 2.068058 -5.824343 1.861252 -5.500769 1.861252 -5.500769 2.068058 -5.824343 2.068058 -5.500769 1.861252 -5.500769 2.068058 -5.500769 1.861252 -5.177194 1.654446 -6.147918 1.861252 -6.147918 1.654446 -5.824343 1.654446 -5.824343 1.861252 -6.147918 1.861252 -5.824343 1.654446 -5.824343 1.861252 -5.824343 1.654446 -5.500769 1.654446 -5.500769 1.861252 -5.824343 1.861252 -5.500769 1.654446 -5.500769 1.861252 -5.500769 1.654446 -5.177194 1.654446 -5.177194 1.861252 -5.500769 1.861252 -5.177194 1.654446 -5.177194 1.861252 -5.177194 1.654446 -4.853619 1.447641 -6.147918 1.654446 -6.147918 1.447641 -5.824343 1.447641 -5.824343 1.654446 -6.147918 1.654446 -5.824343 1.447641 -5.824343 1.654446 -5.824343 1.447641 -5.500769 1.447641 -5.500769 1.654446 -5.824343 1.654446 -5.500769 1.447641 -5.500769 1.654446 -5.500769 1.447641 -5.177194 1.447641 -5.177194 1.654446 -5.500769 1.654446 -5.177194 1.447641 -5.177194 1.654446 -5.177194 1.447641 -4.853619 1.447641 -4.853619 1.654446 -5.177194 1.654446 -4.853619 1.447641 -4.853619 1.654446 -4.853619 1.447641 -4.530045 1.240835 -6.147918 1.447641 -6.147918 1.240835 -5.824343 1.240835 -5.824343 1.447641 -6.147918 1.447641 -5.824343 1.240835 -5.824343 1.447641 -5.824343 1.240835 -5.500769 1.240835 -5.500769 1.447641 -5.824343 1.447641 -5.500769 1.240835 -5.500769 1.447641 -5.500769 1.240835 -5.177194 1.240835 -5.177194 1.447641 -5.500769 1.447641 -5.177194 1.240835 -5.177194 1.447641 -5.177194 1.240835 -4.853619 1.240835 -4.853619 1.447641 -5.177194 1.447641 -4.853619 1.240835 -4.853619 1.447641 -4.853619 1.240835 -4.530045 1.240835 -4.530045 1.447641 -4.853619 1.447641 -4.530045 1.240835 -4.530045 1.447641 -4.530045 1.240835 -4.20647 1.034029 -6.147918 1.240835 -6.147918 1.034029 -5.824343 1.034029 -5.824343 1.240835 -6.147918 1.240835 -5.824343 1.034029 -5.824343 1.240835 -5.824343 1.034029 -5.500769 1.034029 -5.500769 1.240835 -5.824343 1.240835 -5.500769 1.034029 -5.500769 1.240835 -5.500769 1.034029 -5.177194 1.034029 -5.177194 1.240835 -5.500769 1.240835 -5.177194 1.034029 -5.177194 1.240835 -5.177194 1.034029 -4.853619 1.034029 -4.853619 1.240835 -5.177194 1.240835 -4.853619 1.034029 -4.853619 1.240835 -4.853619 1.034029 -4.530045 1.034029 -4.530045 1.240835 -4.853619 1.240835 -4.530045 1.034029 -4.530045 1.240835 -4.530045 1.034029 -4.20647 1.034029 -4.20647 1.240835 -4.530045 1.240835 -4.20647 1.034029 -4.20647 1.240835 -4.20647 1.034029 -3.882895 0.827223 -6.147918 1.034029 -6.147918 0.827223 -5.824343 0.827223 -5.824343 1.034029 -6.147918 1.034029 -5.824343 0.827223 -5.824343 1.034029 -5.824343 0.827223 -5.500769 0.827223 -5.500769 1.034029 -5.824343 1.034029 -5.500769 0.827223 -5.500769 1.034029 -5.500769 0.827223 -5.177194 0.827223 -5.177194 1.034029 -5.500769 1.034029 -5.177194 0.827223 -5.177194 1.034029 -5.177194 0.827223 -4.853619 0.827223 -4.853619 1.034029 -5.177194 1.034029 -4.853619 0.827223 -4.853619 1.034029 -4.853619 0.827223 -4.530045 0.827223 -4.530045 1.034029 -4.853619 1.034029 -4.530045 0.827223 -4.530045 1.034029 -4.530045 0.827223 -4.20647 0.827223 -4.20647 1.034029 -4.530045 1.034029 -4.20647 0.827223 -4.20647 1.034029 -4.20647 0.827223 -3.882895 0.827223 -3.882895 1.034029 -4.20647 1.034029 -3.882895 0.827223 -3.882895 1.034029 -3.882895 0.827223 -3.559321 0.620417 -6.147918 0.827223 -6.147918 0.620417 -5.824343 0.620417 -5.824343 0.827223 -6.147918 0.827223 -5.824343 0.620417 -5.824343 0.827223 -5.824343 0.620417 -5.500769 0.620417 -5.500769 0.827223 -5.824343 0.827223 -5.500769 0.620417 -5.500769 0.827223 -5.500769 0.620417 -5.177194 0.620417 -5.177194 0.827223 -5.500769 0.827223 -5.177194 0.620417 -5.177194 0.827223 -5.177194 0.620417 -4.853619 0.620417 -4.853619 0.827223 -5.177194 0.827223 -4.853619 0.620417 -4.853619 0.827223 -4.853619 0.620417 -4.530045 0.620417 -4.530045 0.827223 -4.853619 0.827223 -4.530045 0.620417 -4.530045 0.827223 -4.530045 0.620417 -4.20647 0.620417 -4.20647 0.827223 -4.530045 0.827223 -4.20647 0.620417 -4.20647 0.827223 -4.20647 0.620417 -3.882895 0.620417 -3.882895 0.827223 -4.20647 0.827223 -3.882895 0.620417 -3.882895 0.827223 -3.882895 0.620417 -3.559321 0.620417 -3.559321 0.827223 -3.882895 0.827223 -3.559321 0.413612 -6.147918 0.620417 -6.147918 0.413612 -5.824343 0.413612 -5.824343 0.620417 -6.147918 0.620417 -5.824343 0.413612 -5.824343 0.620417 -5.824343 0.413612 -5.500769 0.413612 -5.500769 0.620417 -5.824343 0.620417 -5.500769 0.413612 -5.500769 0.620417 -5.500769 0.413612 -5.177194 0.413612 -5.177194 0.620417 -5.500769 0.620417 -5.177194 0.413612 -5.177194 0.620417 -5.177194 0.413612 -4.853619 0.413612 -4.853619 0.620417 -5.177194 0.620417 -4.853619 0.413612 -4.853619 0.620417 -4.853619 0.413612 -4.530045 0.413612 -4.530045 0.620417 -4.853619 0.620417 -4.530045 0.413612 -4.530045 0.620417 -4.530045 0.413612 -4.20647 0.413612 -4.20647 0.620417 -4.530045 0.620417 -4.20647 0.413612 -4.20647 0.620417 -4.20647 0.413612 -3.882895 0.413612 -3.882895 0.620417 -4.20647 0.620417 -3.882895 0.413612 -3.882895 0.620417 -3.882895 0.413612 -3.559321 0.413612 -3.559321 0.620417 -3.882895 0.620417 -3.559321 0.206806 -6.147918 0.413612 -6.147918 0.206806 -5.824343 0.206806 -5.824343 0.413612 -6.147918 0.413612 -5.824343 0.206806 -5.824343 0.413612 -5.824343 0.206806 -5.500769 0.206806 -5.500769 0.413612 -5.824343 0.413612 -5.500769 0.206806 -5.500769 0.413612 -5.500769 0.206806 -5.177194 0.206806 -5.177194 0.413612 -5.500769 0.413612 -5.177194 0.206806 -5.177194 0.413612 -5.177194 0.206806 -4.853619 0.206806 -4.853619 0.413612 -5.177194 0.413612 -4.853619 0.206806 -4.853619 0.413612 -4.853619 0.206806 -4.530045 0.206806 -4.530045 0.413612 -4.853619 0.413612 -4.530045 0.206806 -4.530045 0.413612 -4.530045 0.206806 -4.20647 0.206806 -4.20647 0.413612 -4.530045 0.413612 -4.20647 0.206806 -4.20647 0.413612 -4.20647 0.206806 -3.882895 0.206806 -3.882895 0.413612 -4.20647 0.413612 -3.882895 0.206806 -3.882895 0.413612 -3.882895 0.206806 -3.559321 0.206806 -3.559321 0.413612 -3.882895 0.413612 -3.559321 0 -6.147918 0.206806 -6.147918 0 -5.824343 0 -5.824343 0.206806 -6.147918 0.206806 -5.824343 0 -5.824343 0.206806 -5.824343 0 -5.500769 0 -5.500769 0.206806 -5.824343 0.206806 -5.500769 0 -5.500769 0.206806 -5.500769 0 -5.177194 0 -5.177194 0.206806 -5.500769 0.206806 -5.177194 0 -5.177194 0.206806 -5.177194 0 -4.853619 0 -4.853619 0.206806 -5.177194 0.206806 -4.853619 0 -4.853619 0.206806 -4.853619 0 -4.530045 0 -4.530045 0.206806 -4.853619 0.206806 -4.530045 0 -4.530045 0.206806 -4.530045 0 -4.20647 0 -4.20647 0.206806 -4.530045 0.206806 -4.20647 0 -4.20647 0.206806 -4.20647 0 -3.882895 0 -3.882895 0.206806 -4.20647 0.206806 -3.882895 0 -3.882895 0.206806 -3.882895 0 -3.559321 0 -3.559321 0.206806 -3.882895 0.206806 -3.559321 -0.206806 -6.147918 0 -6.147918 -0.206806 -5.824343 -0.206806 -5.824343 0 -6.147918 0 -5.824343 -0.206806 -5.824343 0 -5.824343 -0.206806 -5.500769 -0.206806 -5.500769 0 -5.824343 0 -5.500769 -0.206806 -5.500769 0 -5.500769 -0.206806 -5.177194 -0.206806 -5.177194 0 -5.500769 0 -5.177194 -0.206806 -5.177194 0 -5.177194 -0.206806 -4.853619 -0.206806 -4.853619 0 -5.177194 0 -4.853619 -0.206806 -4.853619 0 -4.853619 -0.206806 -4.530045 -0.206806 -4.530045 0 -4.853619 0 -4.530045 -0.206806 -4.530045 0 -4.530045 -0.206806 -4.20647 -0.206806 -4.20647 0 -4.530045 0 -4.20647 -0.206806 -4.20647 0 -4.20647 -0.206806 -3.882895 -0.206806 -3.882895 0 -4.20647 0 -3.882895 -0.206806 -3.882895 0 -3.882895 -0.206806 -3.559321 -0.206806 -3.559321 0 -3.882895 0 -3.559321 -0.413612 -6.147918 -0.206806 -6.147918 -0.413612 -5.824343 -0.413612 -5.824343 -0.206806 -6.147918 -0.206806 -5.824343 -0.413612 -5.824343 -0.206806 -5.824343 -0.413612 -5.500769 -0.413612 -5.500769 -0.206806 -5.824343 -0.206806 -5.500769 -0.413612 -5.500769 -0.206806 -5.500769 -0.413612 -5.177194 -0.413612 -5.177194 -0.206806 -5.500769 -0.206806 -5.177194 -0.413612 -5.177194 -0.206806 -5.177194 -0.413612 -4.853619 -0.413612 -4.853619 -0.206806 -5.177194 -0.206806 -4.853619 -0.413612 -4.853619 -0.206806 -4.853619 -0.413612 -4.530045 -0.413612 -4.530045 -0.206806 -4.853619 -0.206806 -4.530045 -0.413612 -4.530045 -0.206806 -4.530045 -0.413612 -4.20647 -0.413612 -4.20647 -0.206806 -4.530045 -0.206806 -4.20647 -0.413612 -4.20647 -0.206806 -4.20647 -0.413612 -3.882895 -0.413612 -3.882895 -0.206806 -4.20647 -0.206806 -3.882895 -0.413612 -3.882895 -0.206806 -3.882895 -0.413612 -3.559321 -0.413612 -3.559321 -0.206806 -3.882895 -0.206806 -3.559321 -0.620417 -6.147918 -0.413612 -6.147918 -0.620417 -5.824343 -0.620417 -5.824343 -0.413612 -6.147918 -0.413612 -5.824343 -0.620417 -5.824343 -0.413612 -5.824343 -0.620417 -5.500769 -0.620417 -5.500769 -0.413612 -5.824343 -0.413612 -5.500769 -0.620417 -5.500769 -0.413612 -5.500769 -0.620417 -5.177194 -0.620417 -5.177194 -0.413612 -5.500769 -0.413612 -5.177194 -0.620417 -5.177194 -0.413612 -5.177194 -0.620417 -4.853619 -0.620417 -4.853619 -0.413612 -5.177194 -0.413612 -4.853619 -0.620417 -4.853619 -0.413612 -4.853619 -0.620417 -4.530045 -0.620417 -4.530045 -0.413612 -4.853619 -0.413612 -4.530045 -0.620417 -4.530045 -0.413612 -4.530045 -0.620417 -4.20647 -0.620417 -4.20647 -0.413612 -4.530045 -0.413612 -4.20647 -0.620417 -4.20647 -0.413612 -4.20647 -0.620417 -3.882895 -0.620417 -3.882895 -0.413612 -4.20647 -0.413612 -3.882895 -0.620417 -3.882895 -0.413612 -3.882895 -0.620417 -3.559321 -0.620417 -3.559321 -0.413612 -3.882895 -0.413612 -3.559321 -0.827223 -6.147918 -0.620417 -6.147918 -0.827223 -5.824343 -0.827223 -5.824343 -0.620417 -6.147918 -0.620417 -5.824343 -0.827223 -5.824343 -0.620417 -5.824343 -0.827223 -5.500769 -0.827223 -5.500769 -0.620417 -5.824343 -0.620417 -5.500769 -0.827223 -5.500769 -0.620417 -5.500769 -0.827223 -5.177194 -0.827223 -5.177194 -0.620417 -5.500769 -0.620417 -5.177194 -0.827223 -5.177194 -0.620417 -5.177194 -0.827223 -4.853619 -0.827223 -4.853619 -0.620417 -5.177194 -0.620417 -4.853619 -0.827223 -4.853619 -0.620417 -4.853619 -0.827223 -4.530045 -0.827223 -4.530045 -0.620417 -4.853619 -0.620417 -4.530045 -0.827223 -4.530045 -0.620417 -4.530045 -0.827223 -4.20647 -0.827223 -4.20647 -0.620417 -4.530045 -0.620417 -4.20647 -0.827223 -4.20647 -0.620417 -4.20647 -0.827223 -3.882895 -0.827223 -3.882895 -0.620417 -4.20647 -0.620417 -3.882895 -0.827223 -3.882895 -0.620417 -3.882895 -0.827223 -3.559321 -0.827223 -3.559321 -0.620417 -3.882895 -0.620417 -3.559321 -1.034029 -6.147918 -0.827223 -6.147918 -1.034029 -5.824343 -1.034029 -5.824343 -0.827223 -6.147918 -0.827223 -5.824343 -1.034029 -5.824343 -0.827223 -5.824343 -1.034029 -5.500769 -1.034029 -5.500769 -0.827223 -5.824343 -0.827223 -5.500769 -1.034029 -5.500769 -0.827223 -5.500769 -1.034029 -5.177194 -1.034029 -5.177194 -0.827223 -5.500769 -0.827223 -5.177194 -1.034029 -5.177194 -0.827223 -5.177194 -1.034029 -4.853619 -1.034029 -4.853619 -0.827223 -5.177194 -0.827223 -4.853619 -1.034029 -4.853619 -0.827223 -4.853619 -1.034029 -4.530045 -1.034029 -4.530045 -0.827223 -4.853619 -0.827223 -4.530045 -1.034029 -4.530045 -0.827223 -4.530045 -1.034029 -4.20647 -1.034029 -4.20647 -0.827223 -4.530045 -0.827223 -4.20647 -1.034029 -4.20647 -0.827223 -4.20647 -1.034029 -3.882895 -1.034029 -3.882895 -0.827223 -4.20647 -0.827223 -3.882895 -1.034029 -3.882895 -0.827223 -3.882895 -1.034029 -3.559321 -1.034029 -3.559321 -0.827223 -3.882895 -0.827223 -3.559321 -1.240835 -6.147918 -1.034029 -6.147918 -1.240835 -5.824343 -1.240835 -5.824343 -1.034029 -6.147918 -1.034029 -5.824343 -1.240835 -5.824343 -1.034029 -5.824343 -1.240835 -5.500769 -1.240835 -5.500769 -1.034029 -5.824343 -1.034029 -5.500769 -1.240835 -5.500769 -1.034029 -5.500769 -1.240835 -5.177194 -1.240835 -5.177194 -1.034029 -5.500769 -1.034029 -5.177194 -1.240835 -5.177194 -1.034029 -5.177194 -1.240835 -4.853619 -1.240835 -4.853619 -1.034029 -5.177194 -1.034029 -4.853619 -1.240835 -4.853619 -1.034029 -4.853619 -1.240835 -4.530045 -1.240835 -4.530045 -1.034029 -4.853619 -1.034029 -4.530045 -1.240835 -4.530045 -1.034029 -4.530045 -1.240835 -4.20647 -1.240835 -4.20647 -1.034029 -4.530045 -1.034029 -4.20647 -1.240835 -4.20647 -1.034029 -4.20647 -1.240835 -3.882895 -1.240835 -3.882895 -1.034029 -4.20647 -1.034029 -3.882895 -1.240835 -3.882895 -1.034029 -3.882895 -1.240835 -3.559321 -1.240835 -3.559321 -1.034029 -3.882895 -1.034029 -3.559321 -1.447641 -6.147918 -1.240835 -6.147918 -1.447641 -5.824343 -1.447641 -5.824343 -1.240835 -6.147918 -1.240835 -5.824343 -1.447641 -5.824343 -1.240835 -5.824343 -1.447641 -5.500769 -1.447641 -5.500769 -1.240835 -5.824343 -1.240835 -5.500769 -1.447641 -5.500769 -1.240835 -5.500769 -1.447641 -5.177194 -1.447641 -5.177194 -1.240835 -5.500769 -1.240835 -5.177194 -1.447641 -5.177194 -1.240835 -5.177194 -1.447641 -4.853619 -1.447641 -4.853619 -1.240835 -5.177194 -1.240835 -4.853619 -1.447641 -4.853619 -1.240835 -4.853619 -1.447641 -4.530045 -1.447641 -4.530045 -1.240835 -4.853619 -1.240835 -4.530045 -1.447641 -4.530045 -1.240835 -4.530045 -1.447641 -4.20647 -1.447641 -4.20647 -1.240835 -4.530045 -1.240835 -4.20647 -1.447641 -4.20647 -1.240835 -4.20647 -1.447641 -3.882895 -1.447641 -3.882895 -1.240835 -4.20647 -1.240835 -3.882895 -1.447641 -3.882895 -1.240835 -3.882895 -1.447641 -3.559321 -1.447641 -3.559321 -1.240835 -3.882895 -1.240835 -3.559321 -1.654446 -6.147918 -1.447641 -6.147918 -1.654446 -5.824343 -1.654446 -5.824343 -1.447641 -6.147918 -1.447641 -5.824343 -1.654446 -5.824343 -1.447641 -5.824343 -1.654446 -5.500769 -1.654446 -5.500769 -1.447641 -5.824343 -1.447641 -5.500769 -1.654446 -5.500769 -1.447641 -5.500769 -1.654446 -5.177194 -1.654446 -5.177194 -1.447641 -5.500769 -1.447641 -5.177194 -1.654446 -5.177194 -1.447641 -5.177194 -1.654446 -4.853619 -1.654446 -4.853619 -1.447641 -5.177194 -1.447641 -4.853619 -1.654446 -4.853619 -1.447641 -4.853619 -1.654446 -4.530045 -1.654446 -4.530045 -1.447641 -4.853619 -1.447641 -4.530045 -1.654446 -4.530045 -1.447641 -4.530045 -1.654446 -4.20647 -1.654446 -4.20647 -1.447641 -4.530045 -1.447641 -4.20647 -1.654446 -4.20647 -1.447641 -4.20647 -1.654446 -3.882895 -1.654446 -3.882895 -1.447641 -4.20647 -1.447641 -3.882895 -1.654446 -3.882895 -1.447641 -3.882895 -1.654446 -3.559321 -1.654446 -3.559321 -1.447641 -3.882895 -1.447641 -3.559321 -1.861252 -6.147918 -1.654446 -6.147918 -1.861252 -5.824343 -1.861252 -5.824343 -1.654446 -6.147918 -1.654446 -5.824343 -1.861252 -5.824343 -1.654446 -5.824343 -1.861252 -5.500769 -1.861252 -5.500769 -1.654446 -5.824343 -1.654446 -5.500769 -1.861252 -5.500769 -1.654446 -5.500769 -1.861252 -5.177194 -1.861252 -5.177194 -1.654446 -5.500769 -1.654446 -5.177194 -1.861252 -5.177194 -1.654446 -5.177194 -1.861252 -4.853619 -1.861252 -4.853619 -1.654446 -5.177194 -1.654446 -4.853619 -1.861252 -4.853619 -1.654446 -4.853619 -1.861252 -4.530045 -1.861252 -4.530045 -1.654446 -4.853619 -1.654446 -4.530045 -1.861252 -4.530045 -1.654446 -4.530045 -1.861252 -4.20647 -1.861252 -4.20647 -1.654446 -4.530045 -1.654446 -4.20647 -1.861252 -4.20647 -1.654446 -4.20647 -1.861252 -3.882895 -1.861252 -3.882895 -1.654446 -4.20647 -1.654446 -3.882895 -1.861252 -3.882895 -1.654446 -3.882895 -1.861252 -3.559321 -1.861252 -3.559321 -1.654446 -3.882895 -1.654446 -3.559321 -2.274864 -5.824343 -2.274864 -6.147918 -2.068058 -6.147918 -2.068058 -6.147918 -1.861252 -6.147918 -2.068058 -5.824343 -2.068058 -5.824343 -1.861252 -6.147918 -1.861252 -5.824343 -2.068058 -5.824343 -1.861252 -5.824343 -2.068058 -5.500769 -2.068058 -5.500769 -1.861252 -5.824343 -1.861252 -5.500769 -2.068058 -5.500769 -1.861252 -5.500769 -2.068058 -5.177194 -2.068058 -5.177194 -1.861252 -5.500769 -1.861252 -5.177194 -2.068058 -5.177194 -1.861252 -5.177194 -2.068058 -4.853619 -2.068058 -4.853619 -1.861252 -5.177194 -1.861252 -4.853619 -2.068058 -4.853619 -1.861252 -4.853619 -2.068058 -4.530045 -2.068058 -4.530045 -1.861252 -4.853619 -1.861252 -4.530045 -2.068058 -4.530045 -1.861252 -4.530045 -2.068058 -4.20647 -2.068058 -4.20647 -1.861252 -4.530045 -1.861252 -4.20647 -2.068058 -4.20647 -1.861252 -4.20647 -2.068058 -3.882895 -2.068058 -3.882895 -1.861252 -4.20647 -1.861252 -3.882895 -2.068058 -3.882895 -1.861252 -3.882895 -2.068058 -3.559321 -2.068058 -3.559321 -1.861252 -3.882895 -1.861252 -3.559321 -2.068058 -3.882895 -2.068058 -3.559321 -2.274864 -3.559321 -2.068058 -3.882895 -2.274864 -3.559321 -2.274864 -3.882895 -2.274864 -5.500769 -2.274864 -5.824343 -2.068058 -5.824343 -2.068058 -5.824343 -2.274864 -5.824343 -2.068058 -6.147918 -2.274864 -5.500769 -2.068058 -5.824343 -2.068058 -5.500769 -2.274864 -5.177194 -2.274864 -5.500769 -2.068058 -5.500769 -2.274864 -5.177194 -2.068058 -5.500769 -2.068058 -5.177194 -2.274864 -4.853619 -2.274864 -5.177194 -2.068058 -5.177194 -2.274864 -4.853619 -2.068058 -5.177194 -2.068058 -4.853619 -2.274864 -4.530045 -2.274864 -4.853619 -2.068058 -4.853619 -2.274864 -4.530045 -2.068058 -4.853619 -2.068058 -4.530045 -2.274864 -4.20647 -2.274864 -4.530045 -2.068058 -4.530045 -2.274864 -4.20647 -2.068058 -4.530045 -2.068058 -4.20647 -2.274864 -3.882895 -2.274864 -4.20647 -2.068058 -4.20647 -2.274864 -3.882895 -2.068058 -4.20647 -2.068058 -3.882895 -3.779897 -7.940654 -3.509905 -8.31878 -3.509905 -7.940654 -3.509905 -7.940654 -3.509905 -8.31878 -3.239912 -8.31878 -3.509905 -7.940654 -3.239912 -8.31878 -3.239912 -7.940654 -3.239912 -7.940654 -3.239912 -8.31878 -2.969919 -8.31878 -3.239912 -7.940654 -2.969919 -8.31878 -2.969919 -7.940654 -2.969919 -7.940654 -2.969919 -8.31878 -2.699927 -8.31878 -2.969919 -7.940654 -2.699927 -8.31878 -2.699927 -7.940654 -2.699927 -7.940654 -2.699927 -8.31878 -2.429934 -8.31878 -2.699927 -7.940654 -2.429934 -8.31878 -2.429934 -7.940654 -2.429934 -7.940654 -2.429934 -8.31878 -2.159941 -8.31878 -2.429934 -7.940654 -2.159941 -8.31878 -2.159941 -7.940654 -2.159941 -7.940654 -2.159941 -8.31878 -1.889949 -8.31878 -2.159941 -7.940654 -1.889949 -8.31878 -1.889949 -7.940654 -1.889949 -7.940654 -1.889949 -8.31878 -1.619956 -8.31878 -1.889949 -7.940654 -1.619956 -8.31878 -1.619956 -7.940654 -1.619956 -7.940654 -1.619956 -8.31878 -1.349963 -8.31878 -1.619956 -7.940654 -1.349963 -8.31878 -1.349963 -7.940654 -1.349963 -7.940654 -1.349963 -8.31878 -1.079971 -8.31878 -1.349963 -7.940654 -1.079971 -8.31878 -1.079971 -7.940654 -1.079971 -7.940654 -1.079971 -8.31878 -0.809978 -8.31878 -1.079971 -7.940654 -0.809978 -8.31878 -0.809978 -7.940654 -0.809978 -7.940654 -0.809978 -8.31878 -0.539985 -8.31878 -0.809978 -7.940654 -0.539985 -8.31878 -0.539985 -7.940654 -0.539985 -7.940654 -0.539985 -8.31878 -0.269993 -8.31878 -0.539985 -7.940654 -0.269993 -8.31878 -0.269993 -7.940654 -0.269993 -7.940654 -0.269993 -8.31878 0 -8.31878 -0.269993 -7.940654 0 -8.31878 0 -7.940654 0 -7.940654 0 -8.31878 0.269993 -8.31878 0 -7.940654 0.269993 -8.31878 0.269993 -7.940654 0.269993 -7.940654 0.269993 -8.31878 0.539985 -8.31878 0.269993 -7.940654 0.539985 -8.31878 0.539985 -7.940654 0.539985 -7.940654 0.539985 -8.31878 0.809978 -8.31878 0.539985 -7.940654 0.809978 -8.31878 0.809978 -7.940654 0.809978 -7.940654 0.809978 -8.31878 1.079971 -8.31878 0.809978 -7.940654 1.079971 -8.31878 1.079971 -7.940654 1.079971 -7.940654 1.079971 -8.31878 1.349963 -8.31878 1.079971 -7.940654 1.349963 -8.31878 1.349963 -7.940654 1.349963 -7.940654 1.349963 -8.31878 1.619956 -8.31878 1.349963 -7.940654 1.619956 -8.31878 1.619956 -7.940654 1.619956 -7.940654 1.619956 -8.31878 1.889949 -8.31878 1.619956 -7.940654 1.889949 -8.31878 1.889949 -7.940654 1.889949 -7.940654 1.889949 -8.31878 2.159941 -8.31878 1.889949 -7.940654 2.159941 -8.31878 2.159941 -7.940654 2.159941 -7.940654 2.159941 -8.31878 2.429934 -8.31878 2.159941 -7.940654 2.429934 -8.31878 2.429934 -7.940654 2.429934 -7.940654 2.429934 -8.31878 2.699927 -8.31878 2.429934 -7.940654 2.699927 -8.31878 2.699927 -7.940654 2.699927 -7.940654 2.699927 -8.31878 2.969919 -8.31878 2.699927 -7.940654 2.969919 -8.31878 2.969919 -7.940654 2.969919 -7.940654 2.969919 -8.31878 3.239912 -8.31878 2.969919 -7.940654 3.239912 -8.31878 3.239912 -7.940654 3.239912 -7.940654 3.239912 -8.31878 3.509905 -8.31878 3.239912 -7.940654 3.509905 -8.31878 3.509905 -7.940654 3.509905 -7.940654 3.509905 -8.31878 3.779897 -8.31878 3.779897 -4.537517 3.509905 -4.15939 3.509905 -4.537517 3.509905 -4.537517 3.509905 -4.15939 3.239912 -4.15939 3.509905 -4.537517 3.239912 -4.15939 3.239912 -4.537517 3.239912 -4.537517 3.239912 -4.15939 2.969919 -4.15939 3.239912 -4.537517 2.969919 -4.15939 2.969919 -4.537517 2.969919 -4.537517 2.969919 -4.15939 2.699927 -4.15939 2.969919 -4.537517 2.699927 -4.15939 2.699927 -4.537517 2.699927 -4.537517 2.699927 -4.15939 2.429934 -4.15939 2.699927 -4.537517 2.429934 -4.15939 2.429934 -4.537517 2.429934 -4.537517 2.429934 -4.15939 2.159941 -4.15939 2.429934 -4.537517 2.159941 -4.15939 2.159941 -4.537517 2.159941 -4.537517 2.159941 -4.15939 1.889949 -4.15939 2.159941 -4.537517 1.889949 -4.15939 1.889949 -4.537517 1.889949 -4.537517 1.889949 -4.15939 1.619956 -4.15939 1.889949 -4.537517 1.619956 -4.15939 1.619956 -4.537517 1.619956 -4.537517 1.619956 -4.15939 1.349963 -4.15939 1.619956 -4.537517 1.349963 -4.15939 1.349963 -4.537517 1.349963 -4.537517 1.349963 -4.15939 1.079971 -4.15939 1.349963 -4.537517 1.079971 -4.15939 1.079971 -4.537517 1.079971 -4.537517 1.079971 -4.15939 0.809978 -4.15939 1.079971 -4.537517 0.809978 -4.15939 0.809978 -4.537517 0.809978 -4.537517 0.809978 -4.15939 0.539985 -4.15939 0.809978 -4.537517 0.539985 -4.15939 0.539985 -4.537517 0.539985 -4.537517 0.539985 -4.15939 0.269993 -4.15939 0.539985 -4.537517 0.269993 -4.15939 0.269993 -4.537517 0.269993 -4.537517 0.269993 -4.15939 0 -4.15939 0.269993 -4.537517 0 -4.15939 0 -4.537517 0 -4.537517 0 -4.15939 -0.269993 -4.15939 0 -4.537517 -0.269993 -4.15939 -0.269993 -4.537517 -0.269993 -4.537517 -0.269993 -4.15939 -0.539985 -4.15939 -0.269993 -4.537517 -0.539985 -4.15939 -0.539985 -4.537517 -0.539985 -4.537517 -0.539985 -4.15939 -0.809978 -4.15939 -0.539985 -4.537517 -0.809978 -4.15939 -0.809978 -4.537517 -0.809978 -4.537517 -0.809978 -4.15939 -1.079971 -4.15939 -0.809978 -4.537517 -1.079971 -4.15939 -1.079971 -4.537517 -1.079971 -4.537517 -1.079971 -4.15939 -1.349963 -4.15939 -1.079971 -4.537517 -1.349963 -4.15939 -1.349963 -4.537517 -1.349963 -4.537517 -1.349963 -4.15939 -1.619956 -4.15939 -1.349963 -4.537517 -1.619956 -4.15939 -1.619956 -4.537517 -1.619956 -4.537517 -1.619956 -4.15939 -1.889949 -4.15939 -1.619956 -4.537517 -1.889949 -4.15939 -1.889949 -4.537517 -1.889949 -4.537517 -1.889949 -4.15939 -2.159941 -4.15939 -1.889949 -4.537517 -2.159941 -4.15939 -2.159941 -4.537517 -2.159941 -4.537517 -2.159941 -4.15939 -2.429934 -4.15939 -2.159941 -4.537517 -2.429934 -4.15939 -2.429934 -4.537517 -2.429934 -4.537517 -2.429934 -4.15939 -2.699927 -4.15939 -2.429934 -4.537517 -2.699927 -4.15939 -2.699927 -4.537517 -2.699927 -4.537517 -2.699927 -4.15939 -2.969919 -4.15939 -2.699927 -4.537517 -2.969919 -4.15939 -2.969919 -4.537517 -2.969919 -4.537517 -2.969919 -4.15939 -3.239912 -4.15939 -2.969919 -4.537517 -3.239912 -4.15939 -3.239912 -4.537517 -3.239912 -4.537517 -3.239912 -4.15939 -3.509905 -4.15939 -3.239912 -4.537517 -3.509905 -4.15939 -3.509905 -4.537517 -3.509905 -4.537517 -3.509905 -4.15939 -3.779897 -4.15939 3.509905 -7.940654 3.779897 -7.940654 3.509905 -7.562528 3.509905 -7.562528 3.779897 -7.562528 3.509905 -7.184401 3.509905 -7.184401 3.779897 -7.184401 3.509905 -6.806275 3.509905 -6.806275 3.779897 -6.806275 3.509905 -6.428148 3.509905 -6.428148 3.779897 -6.428148 3.509905 -6.050022 3.509905 -6.050022 3.779897 -6.050022 3.509905 -5.671896 3.509905 -5.671896 3.779897 -5.671896 3.509905 -5.293769 3.509905 -5.293769 3.779897 -5.293769 3.509905 -4.915643 3.509905 -4.915643 3.779897 -4.915643 3.509905 -4.537517 -3.509905 -4.537517 -3.779897 -4.537517 -3.509905 -4.915643 -3.509905 -4.915643 -3.779897 -4.915643 -3.509905 -5.293769 -3.509905 -5.293769 -3.779897 -5.293769 -3.509905 -5.671896 -3.509905 -5.671896 -3.779897 -5.671896 -3.509905 -6.050022 -3.509905 -6.050022 -3.779897 -6.050022 -3.509905 -6.428148 -3.509905 -6.428148 -3.779897 -6.428148 -3.509905 -6.806275 -3.509905 -6.806275 -3.779897 -6.806275 -3.509905 -7.184401 -3.509905 -7.184401 -3.779897 -7.184401 -3.509905 -7.562528 -3.509905 -7.562528 -3.779897 -7.562528 -3.509905 -7.940654 3.239912 -7.940654 3.509905 -7.940654 3.239912 -7.562528 3.239912 -7.562528 3.509905 -7.940654 3.509905 -7.562528 3.239912 -7.562528 3.509905 -7.562528 3.239912 -7.184401 3.239912 -7.184401 3.509905 -7.562528 3.509905 -7.184401 3.239912 -7.184401 3.509905 -7.184401 3.239912 -6.806275 3.239912 -6.806275 3.509905 -7.184401 3.509905 -6.806275 3.239912 -6.806275 3.509905 -6.806275 3.239912 -6.428148 3.239912 -6.428148 3.509905 -6.806275 3.509905 -6.428148 3.239912 -6.428148 3.509905 -6.428148 3.239912 -6.050022 3.239912 -6.050022 3.509905 -6.428148 3.509905 -6.050022 3.239912 -6.050022 3.509905 -6.050022 3.239912 -5.671896 3.239912 -5.671896 3.509905 -6.050022 3.509905 -5.671896 3.239912 -5.671896 3.509905 -5.671896 3.239912 -5.293769 3.239912 -5.293769 3.509905 -5.671896 3.509905 -5.293769 3.239912 -5.293769 3.509905 -5.293769 3.239912 -4.915643 3.239912 -4.915643 3.509905 -5.293769 3.509905 -4.915643 3.239912 -4.915643 3.509905 -4.915643 3.239912 -4.537517 3.239912 -4.537517 3.509905 -4.915643 3.509905 -4.537517 2.969919 -7.940654 3.239912 -7.940654 2.969919 -7.562528 2.969919 -7.562528 3.239912 -7.940654 3.239912 -7.562528 2.969919 -7.562528 3.239912 -7.562528 2.969919 -7.184401 2.969919 -7.184401 3.239912 -7.562528 3.239912 -7.184401 2.969919 -7.184401 3.239912 -7.184401 2.969919 -6.806275 2.969919 -6.806275 3.239912 -7.184401 3.239912 -6.806275 2.969919 -6.806275 3.239912 -6.806275 2.969919 -6.428148 2.969919 -6.428148 3.239912 -6.806275 3.239912 -6.428148 2.969919 -6.428148 3.239912 -6.428148 2.969919 -6.050022 2.969919 -6.050022 3.239912 -6.428148 3.239912 -6.050022 2.969919 -6.050022 3.239912 -6.050022 2.969919 -5.671896 2.969919 -5.671896 3.239912 -6.050022 3.239912 -5.671896 2.969919 -5.671896 3.239912 -5.671896 2.969919 -5.293769 2.969919 -5.293769 3.239912 -5.671896 3.239912 -5.293769 2.969919 -5.293769 3.239912 -5.293769 2.969919 -4.915643 2.969919 -4.915643 3.239912 -5.293769 3.239912 -4.915643 2.969919 -4.915643 3.239912 -4.915643 2.969919 -4.537517 2.969919 -4.537517 3.239912 -4.915643 3.239912 -4.537517 2.699927 -7.940654 2.969919 -7.940654 2.699927 -7.562528 2.699927 -7.562528 2.969919 -7.940654 2.969919 -7.562528 2.699927 -7.562528 2.969919 -7.562528 2.699927 -7.184401 2.699927 -7.184401 2.969919 -7.562528 2.969919 -7.184401 2.699927 -7.184401 2.969919 -7.184401 2.699927 -6.806275 2.699927 -6.806275 2.969919 -7.184401 2.969919 -6.806275 2.699927 -6.806275 2.969919 -6.806275 2.699927 -6.428148 2.699927 -6.428148 2.969919 -6.806275 2.969919 -6.428148 2.699927 -6.428148 2.969919 -6.428148 2.699927 -6.050022 2.699927 -6.050022 2.969919 -6.428148 2.969919 -6.050022 2.699927 -6.050022 2.969919 -6.050022 2.699927 -5.671896 2.699927 -5.671896 2.969919 -6.050022 2.969919 -5.671896 2.699927 -5.671896 2.969919 -5.671896 2.699927 -5.293769 2.699927 -5.293769 2.969919 -5.671896 2.969919 -5.293769 2.699927 -5.293769 2.969919 -5.293769 2.699927 -4.915643 2.699927 -4.915643 2.969919 -5.293769 2.969919 -4.915643 2.699927 -4.915643 2.969919 -4.915643 2.699927 -4.537517 2.699927 -4.537517 2.969919 -4.915643 2.969919 -4.537517 2.429934 -7.940654 2.699927 -7.940654 2.429934 -7.562528 2.429934 -7.562528 2.699927 -7.940654 2.699927 -7.562528 2.429934 -7.562528 2.699927 -7.562528 2.429934 -7.184401 2.429934 -7.184401 2.699927 -7.562528 2.699927 -7.184401 2.429934 -7.184401 2.699927 -7.184401 2.429934 -6.806275 2.429934 -6.806275 2.699927 -7.184401 2.699927 -6.806275 2.429934 -6.806275 2.699927 -6.806275 2.429934 -6.428148 2.429934 -6.428148 2.699927 -6.806275 2.699927 -6.428148 2.429934 -6.428148 2.699927 -6.428148 2.429934 -6.050022 2.429934 -6.050022 2.699927 -6.428148 2.699927 -6.050022 2.429934 -6.050022 2.699927 -6.050022 2.429934 -5.671896 2.429934 -5.671896 2.699927 -6.050022 2.699927 -5.671896 2.429934 -5.671896 2.699927 -5.671896 2.429934 -5.293769 2.429934 -5.293769 2.699927 -5.671896 2.699927 -5.293769 2.429934 -5.293769 2.699927 -5.293769 2.429934 -4.915643 2.429934 -4.915643 2.699927 -5.293769 2.699927 -4.915643 2.429934 -4.915643 2.699927 -4.915643 2.429934 -4.537517 2.429934 -4.537517 2.699927 -4.915643 2.699927 -4.537517 2.159941 -7.940654 2.429934 -7.940654 2.159941 -7.562528 2.159941 -7.562528 2.429934 -7.940654 2.429934 -7.562528 2.159941 -7.562528 2.429934 -7.562528 2.159941 -7.184401 2.159941 -7.184401 2.429934 -7.562528 2.429934 -7.184401 2.159941 -7.184401 2.429934 -7.184401 2.159941 -6.806275 2.159941 -6.806275 2.429934 -7.184401 2.429934 -6.806275 2.159941 -6.806275 2.429934 -6.806275 2.159941 -6.428148 2.159941 -6.428148 2.429934 -6.806275 2.429934 -6.428148 2.159941 -6.428148 2.429934 -6.428148 2.159941 -6.050022 2.159941 -6.050022 2.429934 -6.428148 2.429934 -6.050022 2.159941 -6.050022 2.429934 -6.050022 2.159941 -5.671896 2.159941 -5.671896 2.429934 -6.050022 2.429934 -5.671896 2.159941 -5.671896 2.429934 -5.671896 2.159941 -5.293769 2.159941 -5.293769 2.429934 -5.671896 2.429934 -5.293769 2.159941 -5.293769 2.429934 -5.293769 2.159941 -4.915643 2.159941 -4.915643 2.429934 -5.293769 2.429934 -4.915643 2.159941 -4.915643 2.429934 -4.915643 2.159941 -4.537517 2.159941 -4.537517 2.429934 -4.915643 2.429934 -4.537517 1.889949 -7.940654 2.159941 -7.940654 1.889949 -7.562528 1.889949 -7.562528 2.159941 -7.940654 2.159941 -7.562528 1.889949 -7.562528 2.159941 -7.562528 1.889949 -7.184401 1.889949 -7.184401 2.159941 -7.562528 2.159941 -7.184401 1.889949 -7.184401 2.159941 -7.184401 1.889949 -6.806275 1.889949 -6.806275 2.159941 -7.184401 2.159941 -6.806275 1.889949 -6.806275 2.159941 -6.806275 1.889949 -6.428148 1.889949 -6.428148 2.159941 -6.806275 2.159941 -6.428148 1.889949 -6.428148 2.159941 -6.428148 1.889949 -6.050022 1.889949 -6.050022 2.159941 -6.428148 2.159941 -6.050022 1.889949 -6.050022 2.159941 -6.050022 1.889949 -5.671896 1.889949 -5.671896 2.159941 -6.050022 2.159941 -5.671896 1.889949 -5.671896 2.159941 -5.671896 1.889949 -5.293769 1.889949 -5.293769 2.159941 -5.671896 2.159941 -5.293769 1.889949 -5.293769 2.159941 -5.293769 1.889949 -4.915643 1.889949 -4.915643 2.159941 -5.293769 2.159941 -4.915643 1.889949 -4.915643 2.159941 -4.915643 1.889949 -4.537517 1.889949 -4.537517 2.159941 -4.915643 2.159941 -4.537517 1.619956 -7.940654 1.889949 -7.940654 1.619956 -7.562528 1.619956 -7.562528 1.889949 -7.940654 1.889949 -7.562528 1.619956 -7.562528 1.889949 -7.562528 1.619956 -7.184401 1.619956 -7.184401 1.889949 -7.562528 1.889949 -7.184401 1.619956 -7.184401 1.889949 -7.184401 1.619956 -6.806275 1.619956 -6.806275 1.889949 -7.184401 1.889949 -6.806275 1.619956 -6.806275 1.889949 -6.806275 1.619956 -6.428148 1.619956 -6.428148 1.889949 -6.806275 1.889949 -6.428148 1.619956 -6.428148 1.889949 -6.428148 1.619956 -6.050022 1.619956 -6.050022 1.889949 -6.428148 1.889949 -6.050022 1.619956 -6.050022 1.889949 -6.050022 1.619956 -5.671896 1.619956 -5.671896 1.889949 -6.050022 1.889949 -5.671896 1.619956 -5.671896 1.889949 -5.671896 1.619956 -5.293769 1.619956 -5.293769 1.889949 -5.671896 1.889949 -5.293769 1.619956 -5.293769 1.889949 -5.293769 1.619956 -4.915643 1.619956 -4.915643 1.889949 -5.293769 1.889949 -4.915643 1.619956 -4.915643 1.889949 -4.915643 1.619956 -4.537517 1.619956 -4.537517 1.889949 -4.915643 1.889949 -4.537517 1.349963 -7.940654 1.619956 -7.940654 1.349963 -7.562528 1.349963 -7.562528 1.619956 -7.940654 1.619956 -7.562528 1.349963 -7.562528 1.619956 -7.562528 1.349963 -7.184401 1.349963 -7.184401 1.619956 -7.562528 1.619956 -7.184401 1.349963 -7.184401 1.619956 -7.184401 1.349963 -6.806275 1.349963 -6.806275 1.619956 -7.184401 1.619956 -6.806275 1.349963 -6.806275 1.619956 -6.806275 1.349963 -6.428148 1.349963 -6.428148 1.619956 -6.806275 1.619956 -6.428148 1.349963 -6.428148 1.619956 -6.428148 1.349963 -6.050022 1.349963 -6.050022 1.619956 -6.428148 1.619956 -6.050022 1.349963 -6.050022 1.619956 -6.050022 1.349963 -5.671896 1.349963 -5.671896 1.619956 -6.050022 1.619956 -5.671896 1.349963 -5.671896 1.619956 -5.671896 1.349963 -5.293769 1.349963 -5.293769 1.619956 -5.671896 1.619956 -5.293769 1.349963 -5.293769 1.619956 -5.293769 1.349963 -4.915643 1.349963 -4.915643 1.619956 -5.293769 1.619956 -4.915643 1.349963 -4.915643 1.619956 -4.915643 1.349963 -4.537517 1.349963 -4.537517 1.619956 -4.915643 1.619956 -4.537517 1.079971 -7.940654 1.349963 -7.940654 1.079971 -7.562528 1.079971 -7.562528 1.349963 -7.940654 1.349963 -7.562528 1.079971 -7.562528 1.349963 -7.562528 1.079971 -7.184401 1.079971 -7.184401 1.349963 -7.562528 1.349963 -7.184401 1.079971 -7.184401 1.349963 -7.184401 1.079971 -6.806275 1.079971 -6.806275 1.349963 -7.184401 1.349963 -6.806275 1.079971 -6.806275 1.349963 -6.806275 1.079971 -6.428148 1.079971 -6.428148 1.349963 -6.806275 1.349963 -6.428148 1.079971 -6.428148 1.349963 -6.428148 1.079971 -6.050022 1.079971 -6.050022 1.349963 -6.428148 1.349963 -6.050022 1.079971 -6.050022 1.349963 -6.050022 1.079971 -5.671896 1.079971 -5.671896 1.349963 -6.050022 1.349963 -5.671896 1.079971 -5.671896 1.349963 -5.671896 1.079971 -5.293769 1.079971 -5.293769 1.349963 -5.671896 1.349963 -5.293769 1.079971 -5.293769 1.349963 -5.293769 1.079971 -4.915643 1.079971 -4.915643 1.349963 -5.293769 1.349963 -4.915643 1.079971 -4.915643 1.349963 -4.915643 1.079971 -4.537517 1.079971 -4.537517 1.349963 -4.915643 1.349963 -4.537517 0.809978 -7.940654 1.079971 -7.940654 0.809978 -7.562528 0.809978 -7.562528 1.079971 -7.940654 1.079971 -7.562528 0.809978 -7.562528 1.079971 -7.562528 0.809978 -7.184401 0.809978 -7.184401 1.079971 -7.562528 1.079971 -7.184401 0.809978 -7.184401 1.079971 -7.184401 0.809978 -6.806275 0.809978 -6.806275 1.079971 -7.184401 1.079971 -6.806275 0.809978 -6.806275 1.079971 -6.806275 0.809978 -6.428148 0.809978 -6.428148 1.079971 -6.806275 1.079971 -6.428148 0.809978 -6.428148 1.079971 -6.428148 0.809978 -6.050022 0.809978 -6.050022 1.079971 -6.428148 1.079971 -6.050022 0.809978 -6.050022 1.079971 -6.050022 0.809978 -5.671896 0.809978 -5.671896 1.079971 -6.050022 1.079971 -5.671896 0.809978 -5.671896 1.079971 -5.671896 0.809978 -5.293769 0.809978 -5.293769 1.079971 -5.671896 1.079971 -5.293769 0.809978 -5.293769 1.079971 -5.293769 0.809978 -4.915643 0.809978 -4.915643 1.079971 -5.293769 1.079971 -4.915643 0.809978 -4.915643 1.079971 -4.915643 0.809978 -4.537517 0.809978 -4.537517 1.079971 -4.915643 1.079971 -4.537517 0.539985 -7.940654 0.809978 -7.940654 0.539985 -7.562528 0.539985 -7.562528 0.809978 -7.940654 0.809978 -7.562528 0.539985 -7.562528 0.809978 -7.562528 0.539985 -7.184401 0.539985 -7.184401 0.809978 -7.562528 0.809978 -7.184401 0.539985 -7.184401 0.809978 -7.184401 0.539985 -6.806275 0.539985 -6.806275 0.809978 -7.184401 0.809978 -6.806275 0.539985 -6.806275 0.809978 -6.806275 0.539985 -6.428148 0.539985 -6.428148 0.809978 -6.806275 0.809978 -6.428148 0.539985 -6.428148 0.809978 -6.428148 0.539985 -6.050022 0.539985 -6.050022 0.809978 -6.428148 0.809978 -6.050022 0.539985 -6.050022 0.809978 -6.050022 0.539985 -5.671896 0.539985 -5.671896 0.809978 -6.050022 0.809978 -5.671896 0.539985 -5.671896 0.809978 -5.671896 0.539985 -5.293769 0.539985 -5.293769 0.809978 -5.671896 0.809978 -5.293769 0.539985 -5.293769 0.809978 -5.293769 0.539985 -4.915643 0.539985 -4.915643 0.809978 -5.293769 0.809978 -4.915643 0.539985 -4.915643 0.809978 -4.915643 0.539985 -4.537517 0.539985 -4.537517 0.809978 -4.915643 0.809978 -4.537517 0.269993 -7.940654 0.539985 -7.940654 0.269993 -7.562528 0.269993 -7.562528 0.539985 -7.940654 0.539985 -7.562528 0.269993 -7.562528 0.539985 -7.562528 0.269993 -7.184401 0.269993 -7.184401 0.539985 -7.562528 0.539985 -7.184401 0.269993 -7.184401 0.539985 -7.184401 0.269993 -6.806275 0.269993 -6.806275 0.539985 -7.184401 0.539985 -6.806275 0.269993 -6.806275 0.539985 -6.806275 0.269993 -6.428148 0.269993 -6.428148 0.539985 -6.806275 0.539985 -6.428148 0.269993 -6.428148 0.539985 -6.428148 0.269993 -6.050022 0.269993 -6.050022 0.539985 -6.428148 0.539985 -6.050022 0.269993 -6.050022 0.539985 -6.050022 0.269993 -5.671896 0.269993 -5.671896 0.539985 -6.050022 0.539985 -5.671896 0.269993 -5.671896 0.539985 -5.671896 0.269993 -5.293769 0.269993 -5.293769 0.539985 -5.671896 0.539985 -5.293769 0.269993 -5.293769 0.539985 -5.293769 0.269993 -4.915643 0.269993 -4.915643 0.539985 -5.293769 0.539985 -4.915643 0.269993 -4.915643 0.539985 -4.915643 0.269993 -4.537517 0.269993 -4.537517 0.539985 -4.915643 0.539985 -4.537517 0 -7.940654 0.269993 -7.940654 0 -7.562528 0 -7.562528 0.269993 -7.940654 0.269993 -7.562528 0 -7.562528 0.269993 -7.562528 0 -7.184401 0 -7.184401 0.269993 -7.562528 0.269993 -7.184401 0 -7.184401 0.269993 -7.184401 0 -6.806275 0 -6.806275 0.269993 -7.184401 0.269993 -6.806275 0 -6.806275 0.269993 -6.806275 0 -6.428148 0 -6.428148 0.269993 -6.806275 0.269993 -6.428148 0 -6.428148 0.269993 -6.428148 0 -6.050022 0 -6.050022 0.269993 -6.428148 0.269993 -6.050022 0 -6.050022 0.269993 -6.050022 0 -5.671896 0 -5.671896 0.269993 -6.050022 0.269993 -5.671896 0 -5.671896 0.269993 -5.671896 0 -5.293769 0 -5.293769 0.269993 -5.671896 0.269993 -5.293769 0 -5.293769 0.269993 -5.293769 0 -4.915643 0 -4.915643 0.269993 -5.293769 0.269993 -4.915643 0 -4.915643 0.269993 -4.915643 0 -4.537517 0 -4.537517 0.269993 -4.915643 0.269993 -4.537517 -0.269993 -7.940654 0 -7.940654 -0.269993 -7.562528 -0.269993 -7.562528 0 -7.940654 0 -7.562528 -0.269993 -7.562528 0 -7.562528 -0.269993 -7.184401 -0.269993 -7.184401 0 -7.562528 0 -7.184401 -0.269993 -7.184401 0 -7.184401 -0.269993 -6.806275 -0.269993 -6.806275 0 -7.184401 0 -6.806275 -0.269993 -6.806275 0 -6.806275 -0.269993 -6.428148 -0.269993 -6.428148 0 -6.806275 0 -6.428148 -0.269993 -6.428148 0 -6.428148 -0.269993 -6.050022 -0.269993 -6.050022 0 -6.428148 0 -6.050022 -0.269993 -6.050022 0 -6.050022 -0.269993 -5.671896 -0.269993 -5.671896 0 -6.050022 0 -5.671896 -0.269993 -5.671896 0 -5.671896 -0.269993 -5.293769 -0.269993 -5.293769 0 -5.671896 0 -5.293769 -0.269993 -5.293769 0 -5.293769 -0.269993 -4.915643 -0.269993 -4.915643 0 -5.293769 0 -4.915643 -0.269993 -4.915643 0 -4.915643 -0.269993 -4.537517 -0.269993 -4.537517 0 -4.915643 0 -4.537517 -0.539985 -7.940654 -0.269993 -7.940654 -0.539985 -7.562528 -0.539985 -7.562528 -0.269993 -7.940654 -0.269993 -7.562528 -0.539985 -7.562528 -0.269993 -7.562528 -0.539985 -7.184401 -0.539985 -7.184401 -0.269993 -7.562528 -0.269993 -7.184401 -0.539985 -7.184401 -0.269993 -7.184401 -0.539985 -6.806275 -0.539985 -6.806275 -0.269993 -7.184401 -0.269993 -6.806275 -0.539985 -6.806275 -0.269993 -6.806275 -0.539985 -6.428148 -0.539985 -6.428148 -0.269993 -6.806275 -0.269993 -6.428148 -0.539985 -6.428148 -0.269993 -6.428148 -0.539985 -6.050022 -0.539985 -6.050022 -0.269993 -6.428148 -0.269993 -6.050022 -0.539985 -6.050022 -0.269993 -6.050022 -0.539985 -5.671896 -0.539985 -5.671896 -0.269993 -6.050022 -0.269993 -5.671896 -0.539985 -5.671896 -0.269993 -5.671896 -0.539985 -5.293769 -0.539985 -5.293769 -0.269993 -5.671896 -0.269993 -5.293769 -0.539985 -5.293769 -0.269993 -5.293769 -0.539985 -4.915643 -0.539985 -4.915643 -0.269993 -5.293769 -0.269993 -4.915643 -0.539985 -4.915643 -0.269993 -4.915643 -0.539985 -4.537517 -0.539985 -4.537517 -0.269993 -4.915643 -0.269993 -4.537517 -0.809978 -7.940654 -0.539985 -7.940654 -0.809978 -7.562528 -0.809978 -7.562528 -0.539985 -7.940654 -0.539985 -7.562528 -0.809978 -7.562528 -0.539985 -7.562528 -0.809978 -7.184401 -0.809978 -7.184401 -0.539985 -7.562528 -0.539985 -7.184401 -0.809978 -7.184401 -0.539985 -7.184401 -0.809978 -6.806275 -0.809978 -6.806275 -0.539985 -7.184401 -0.539985 -6.806275 -0.809978 -6.806275 -0.539985 -6.806275 -0.809978 -6.428148 -0.809978 -6.428148 -0.539985 -6.806275 -0.539985 -6.428148 -0.809978 -6.428148 -0.539985 -6.428148 -0.809978 -6.050022 -0.809978 -6.050022 -0.539985 -6.428148 -0.539985 -6.050022 -0.809978 -6.050022 -0.539985 -6.050022 -0.809978 -5.671896 -0.809978 -5.671896 -0.539985 -6.050022 -0.539985 -5.671896 -0.809978 -5.671896 -0.539985 -5.671896 -0.809978 -5.293769 -0.809978 -5.293769 -0.539985 -5.671896 -0.539985 -5.293769 -0.809978 -5.293769 -0.539985 -5.293769 -0.809978 -4.915643 -0.809978 -4.915643 -0.539985 -5.293769 -0.539985 -4.915643 -0.809978 -4.915643 -0.539985 -4.915643 -0.809978 -4.537517 -0.809978 -4.537517 -0.539985 -4.915643 -0.539985 -4.537517 -1.079971 -7.940654 -0.809978 -7.940654 -1.079971 -7.562528 -1.079971 -7.562528 -0.809978 -7.940654 -0.809978 -7.562528 -1.079971 -7.562528 -0.809978 -7.562528 -1.079971 -7.184401 -1.079971 -7.184401 -0.809978 -7.562528 -0.809978 -7.184401 -1.079971 -7.184401 -0.809978 -7.184401 -1.079971 -6.806275 -1.079971 -6.806275 -0.809978 -7.184401 -0.809978 -6.806275 -1.079971 -6.806275 -0.809978 -6.806275 -1.079971 -6.428148 -1.079971 -6.428148 -0.809978 -6.806275 -0.809978 -6.428148 -1.079971 -6.428148 -0.809978 -6.428148 -1.079971 -6.050022 -1.079971 -6.050022 -0.809978 -6.428148 -0.809978 -6.050022 -1.079971 -6.050022 -0.809978 -6.050022 -1.079971 -5.671896 -1.079971 -5.671896 -0.809978 -6.050022 -0.809978 -5.671896 -1.079971 -5.671896 -0.809978 -5.671896 -1.079971 -5.293769 -1.079971 -5.293769 -0.809978 -5.671896 -0.809978 -5.293769 -1.079971 -5.293769 -0.809978 -5.293769 -1.079971 -4.915643 -1.079971 -4.915643 -0.809978 -5.293769 -0.809978 -4.915643 -1.079971 -4.915643 -0.809978 -4.915643 -1.079971 -4.537517 -1.079971 -4.537517 -0.809978 -4.915643 -0.809978 -4.537517 -1.349963 -7.940654 -1.079971 -7.940654 -1.349963 -7.562528 -1.349963 -7.562528 -1.079971 -7.940654 -1.079971 -7.562528 -1.349963 -7.562528 -1.079971 -7.562528 -1.349963 -7.184401 -1.349963 -7.184401 -1.079971 -7.562528 -1.079971 -7.184401 -1.349963 -7.184401 -1.079971 -7.184401 -1.349963 -6.806275 -1.349963 -6.806275 -1.079971 -7.184401 -1.079971 -6.806275 -1.349963 -6.806275 -1.079971 -6.806275 -1.349963 -6.428148 -1.349963 -6.428148 -1.079971 -6.806275 -1.079971 -6.428148 -1.349963 -6.428148 -1.079971 -6.428148 -1.349963 -6.050022 -1.349963 -6.050022 -1.079971 -6.428148 -1.079971 -6.050022 -1.349963 -6.050022 -1.079971 -6.050022 -1.349963 -5.671896 -1.349963 -5.671896 -1.079971 -6.050022 -1.079971 -5.671896 -1.349963 -5.671896 -1.079971 -5.671896 -1.349963 -5.293769 -1.349963 -5.293769 -1.079971 -5.671896 -1.079971 -5.293769 -1.349963 -5.293769 -1.079971 -5.293769 -1.349963 -4.915643 -1.349963 -4.915643 -1.079971 -5.293769 -1.079971 -4.915643 -1.349963 -4.915643 -1.079971 -4.915643 -1.349963 -4.537517 -1.349963 -4.537517 -1.079971 -4.915643 -1.079971 -4.537517 -1.619956 -7.940654 -1.349963 -7.940654 -1.619956 -7.562528 -1.619956 -7.562528 -1.349963 -7.940654 -1.349963 -7.562528 -1.619956 -7.562528 -1.349963 -7.562528 -1.619956 -7.184401 -1.619956 -7.184401 -1.349963 -7.562528 -1.349963 -7.184401 -1.619956 -7.184401 -1.349963 -7.184401 -1.619956 -6.806275 -1.619956 -6.806275 -1.349963 -7.184401 -1.349963 -6.806275 -1.619956 -6.806275 -1.349963 -6.806275 -1.619956 -6.428148 -1.619956 -6.428148 -1.349963 -6.806275 -1.349963 -6.428148 -1.619956 -6.428148 -1.349963 -6.428148 -1.619956 -6.050022 -1.619956 -6.050022 -1.349963 -6.428148 -1.349963 -6.050022 -1.619956 -6.050022 -1.349963 -6.050022 -1.619956 -5.671896 -1.619956 -5.671896 -1.349963 -6.050022 -1.349963 -5.671896 -1.619956 -5.671896 -1.349963 -5.671896 -1.619956 -5.293769 -1.619956 -5.293769 -1.349963 -5.671896 -1.349963 -5.293769 -1.619956 -5.293769 -1.349963 -5.293769 -1.619956 -4.915643 -1.619956 -4.915643 -1.349963 -5.293769 -1.349963 -4.915643 -1.619956 -4.915643 -1.349963 -4.915643 -1.619956 -4.537517 -1.619956 -4.537517 -1.349963 -4.915643 -1.349963 -4.537517 -1.889949 -7.940654 -1.619956 -7.940654 -1.889949 -7.562528 -1.889949 -7.562528 -1.619956 -7.940654 -1.619956 -7.562528 -1.889949 -7.562528 -1.619956 -7.562528 -1.889949 -7.184401 -1.889949 -7.184401 -1.619956 -7.562528 -1.619956 -7.184401 -1.889949 -7.184401 -1.619956 -7.184401 -1.889949 -6.806275 -1.889949 -6.806275 -1.619956 -7.184401 -1.619956 -6.806275 -1.889949 -6.806275 -1.619956 -6.806275 -1.889949 -6.428148 -1.889949 -6.428148 -1.619956 -6.806275 -1.619956 -6.428148 -1.889949 -6.428148 -1.619956 -6.428148 -1.889949 -6.050022 -1.889949 -6.050022 -1.619956 -6.428148 -1.619956 -6.050022 -1.889949 -6.050022 -1.619956 -6.050022 -1.889949 -5.671896 -1.889949 -5.671896 -1.619956 -6.050022 -1.619956 -5.671896 -1.889949 -5.671896 -1.619956 -5.671896 -1.889949 -5.293769 -1.889949 -5.293769 -1.619956 -5.671896 -1.619956 -5.293769 -1.889949 -5.293769 -1.619956 -5.293769 -1.889949 -4.915643 -1.889949 -4.915643 -1.619956 -5.293769 -1.619956 -4.915643 -1.889949 -4.915643 -1.619956 -4.915643 -1.889949 -4.537517 -1.889949 -4.537517 -1.619956 -4.915643 -1.619956 -4.537517 -2.159941 -7.940654 -1.889949 -7.940654 -2.159941 -7.562528 -2.159941 -7.562528 -1.889949 -7.940654 -1.889949 -7.562528 -2.159941 -7.562528 -1.889949 -7.562528 -2.159941 -7.184401 -2.159941 -7.184401 -1.889949 -7.562528 -1.889949 -7.184401 -2.159941 -7.184401 -1.889949 -7.184401 -2.159941 -6.806275 -2.159941 -6.806275 -1.889949 -7.184401 -1.889949 -6.806275 -2.159941 -6.806275 -1.889949 -6.806275 -2.159941 -6.428148 -2.159941 -6.428148 -1.889949 -6.806275 -1.889949 -6.428148 -2.159941 -6.428148 -1.889949 -6.428148 -2.159941 -6.050022 -2.159941 -6.050022 -1.889949 -6.428148 -1.889949 -6.050022 -2.159941 -6.050022 -1.889949 -6.050022 -2.159941 -5.671896 -2.159941 -5.671896 -1.889949 -6.050022 -1.889949 -5.671896 -2.159941 -5.671896 -1.889949 -5.671896 -2.159941 -5.293769 -2.159941 -5.293769 -1.889949 -5.671896 -1.889949 -5.293769 -2.159941 -5.293769 -1.889949 -5.293769 -2.159941 -4.915643 -2.159941 -4.915643 -1.889949 -5.293769 -1.889949 -4.915643 -2.159941 -4.915643 -1.889949 -4.915643 -2.159941 -4.537517 -2.159941 -4.537517 -1.889949 -4.915643 -1.889949 -4.537517 -2.429934 -7.940654 -2.159941 -7.940654 -2.429934 -7.562528 -2.429934 -7.562528 -2.159941 -7.940654 -2.159941 -7.562528 -2.429934 -7.562528 -2.159941 -7.562528 -2.429934 -7.184401 -2.429934 -7.184401 -2.159941 -7.562528 -2.159941 -7.184401 -2.429934 -7.184401 -2.159941 -7.184401 -2.429934 -6.806275 -2.429934 -6.806275 -2.159941 -7.184401 -2.159941 -6.806275 -2.429934 -6.806275 -2.159941 -6.806275 -2.429934 -6.428148 -2.429934 -6.428148 -2.159941 -6.806275 -2.159941 -6.428148 -2.429934 -6.428148 -2.159941 -6.428148 -2.429934 -6.050022 -2.429934 -6.050022 -2.159941 -6.428148 -2.159941 -6.050022 -2.429934 -6.050022 -2.159941 -6.050022 -2.429934 -5.671896 -2.429934 -5.671896 -2.159941 -6.050022 -2.159941 -5.671896 -2.429934 -5.671896 -2.159941 -5.671896 -2.429934 -5.293769 -2.429934 -5.293769 -2.159941 -5.671896 -2.159941 -5.293769 -2.429934 -5.293769 -2.159941 -5.293769 -2.429934 -4.915643 -2.429934 -4.915643 -2.159941 -5.293769 -2.159941 -4.915643 -2.429934 -4.915643 -2.159941 -4.915643 -2.429934 -4.537517 -2.429934 -4.537517 -2.159941 -4.915643 -2.159941 -4.537517 -2.699927 -7.940654 -2.429934 -7.940654 -2.699927 -7.562528 -2.699927 -7.562528 -2.429934 -7.940654 -2.429934 -7.562528 -2.699927 -7.562528 -2.429934 -7.562528 -2.699927 -7.184401 -2.699927 -7.184401 -2.429934 -7.562528 -2.429934 -7.184401 -2.699927 -7.184401 -2.429934 -7.184401 -2.699927 -6.806275 -2.699927 -6.806275 -2.429934 -7.184401 -2.429934 -6.806275 -2.699927 -6.806275 -2.429934 -6.806275 -2.699927 -6.428148 -2.699927 -6.428148 -2.429934 -6.806275 -2.429934 -6.428148 -2.699927 -6.428148 -2.429934 -6.428148 -2.699927 -6.050022 -2.699927 -6.050022 -2.429934 -6.428148 -2.429934 -6.050022 -2.699927 -6.050022 -2.429934 -6.050022 -2.699927 -5.671896 -2.699927 -5.671896 -2.429934 -6.050022 -2.429934 -5.671896 -2.699927 -5.671896 -2.429934 -5.671896 -2.699927 -5.293769 -2.699927 -5.293769 -2.429934 -5.671896 -2.429934 -5.293769 -2.699927 -5.293769 -2.429934 -5.293769 -2.699927 -4.915643 -2.699927 -4.915643 -2.429934 -5.293769 -2.429934 -4.915643 -2.699927 -4.915643 -2.429934 -4.915643 -2.699927 -4.537517 -2.699927 -4.537517 -2.429934 -4.915643 -2.429934 -4.537517 -2.969919 -7.940654 -2.699927 -7.940654 -2.969919 -7.562528 -2.969919 -7.562528 -2.699927 -7.940654 -2.699927 -7.562528 -2.969919 -7.562528 -2.699927 -7.562528 -2.969919 -7.184401 -2.969919 -7.184401 -2.699927 -7.562528 -2.699927 -7.184401 -2.969919 -7.184401 -2.699927 -7.184401 -2.969919 -6.806275 -2.969919 -6.806275 -2.699927 -7.184401 -2.699927 -6.806275 -2.969919 -6.806275 -2.699927 -6.806275 -2.969919 -6.428148 -2.969919 -6.428148 -2.699927 -6.806275 -2.699927 -6.428148 -2.969919 -6.428148 -2.699927 -6.428148 -2.969919 -6.050022 -2.969919 -6.050022 -2.699927 -6.428148 -2.699927 -6.050022 -2.969919 -6.050022 -2.699927 -6.050022 -2.969919 -5.671896 -2.969919 -5.671896 -2.699927 -6.050022 -2.699927 -5.671896 -2.969919 -5.671896 -2.699927 -5.671896 -2.969919 -5.293769 -2.969919 -5.293769 -2.699927 -5.671896 -2.699927 -5.293769 -2.969919 -5.293769 -2.699927 -5.293769 -2.969919 -4.915643 -2.969919 -4.915643 -2.699927 -5.293769 -2.699927 -4.915643 -2.969919 -4.915643 -2.699927 -4.915643 -2.969919 -4.537517 -2.969919 -4.537517 -2.699927 -4.915643 -2.699927 -4.537517 -3.509905 -7.562528 -3.509905 -7.940654 -3.239912 -7.940654 -3.239912 -7.940654 -2.969919 -7.940654 -3.239912 -7.562528 -3.239912 -7.562528 -2.969919 -7.940654 -2.969919 -7.562528 -3.239912 -7.562528 -2.969919 -7.562528 -3.239912 -7.184401 -3.239912 -7.184401 -2.969919 -7.562528 -2.969919 -7.184401 -3.239912 -7.184401 -2.969919 -7.184401 -3.239912 -6.806275 -3.239912 -6.806275 -2.969919 -7.184401 -2.969919 -6.806275 -3.239912 -6.806275 -2.969919 -6.806275 -3.239912 -6.428148 -3.239912 -6.428148 -2.969919 -6.806275 -2.969919 -6.428148 -3.239912 -6.428148 -2.969919 -6.428148 -3.239912 -6.050022 -3.239912 -6.050022 -2.969919 -6.428148 -2.969919 -6.050022 -3.239912 -6.050022 -2.969919 -6.050022 -3.239912 -5.671896 -3.239912 -5.671896 -2.969919 -6.050022 -2.969919 -5.671896 -3.239912 -5.671896 -2.969919 -5.671896 -3.239912 -5.293769 -3.239912 -5.293769 -2.969919 -5.671896 -2.969919 -5.293769 -3.239912 -5.293769 -2.969919 -5.293769 -3.239912 -4.915643 -3.239912 -4.915643 -2.969919 -5.293769 -2.969919 -4.915643 -3.239912 -4.915643 -2.969919 -4.915643 -3.239912 -4.537517 -3.239912 -4.537517 -2.969919 -4.915643 -2.969919 -4.537517 -3.239912 -4.915643 -3.239912 -4.537517 -3.509905 -4.537517 -3.239912 -4.915643 -3.509905 -4.537517 -3.509905 -4.915643 -3.509905 -7.184401 -3.509905 -7.562528 -3.239912 -7.562528 -3.239912 -7.562528 -3.509905 -7.562528 -3.239912 -7.940654 -3.509905 -7.184401 -3.239912 -7.562528 -3.239912 -7.184401 -3.509905 -6.806275 -3.509905 -7.184401 -3.239912 -7.184401 -3.509905 -6.806275 -3.239912 -7.184401 -3.239912 -6.806275 -3.509905 -6.428148 -3.509905 -6.806275 -3.239912 -6.806275 -3.509905 -6.428148 -3.239912 -6.806275 -3.239912 -6.428148 -3.509905 -6.050022 -3.509905 -6.428148 -3.239912 -6.428148 -3.509905 -6.050022 -3.239912 -6.428148 -3.239912 -6.050022 -3.509905 -5.671896 -3.509905 -6.050022 -3.239912 -6.050022 -3.509905 -5.671896 -3.239912 -6.050022 -3.239912 -5.671896 -3.509905 -5.293769 -3.509905 -5.671896 -3.239912 -5.671896 -3.509905 -5.293769 -3.239912 -5.671896 -3.239912 -5.293769 -3.509905 -4.915643 -3.509905 -5.293769 -3.239912 -5.293769 -3.509905 -4.915643 -3.239912 -5.293769 -3.239912 -4.915643 -0.236255 -1.0351 0 -1.06172 0 -0.78994 0 -0.78994 0 -1.06172 0.236255 -1.0351 0 -0.78994 0.236255 -1.0351 0.204452 -0.763023 0.204452 -0.763023 0.236255 -1.0351 0.460663 -0.956577 0.204452 -0.763023 0.460663 -0.956577 0.39497 -0.684108 0.39497 -0.684108 0.460663 -0.956577 0.661972 -0.830086 0.39497 -0.684108 0.661972 -0.830086 0.558572 -0.558572 0.558572 -0.558572 0.661972 -0.830086 0.830086 -0.661972 0.558572 -0.558572 0.830086 -0.661972 0.684108 -0.39497 0.684108 -0.39497 0.830086 -0.661972 0.956577 -0.460663 0.684108 -0.39497 0.956577 -0.460663 0.763023 -0.204452 0.763023 -0.204452 0.956577 -0.460663 1.0351 -0.236255 0.763023 -0.204452 1.0351 -0.236255 0.78994 0 0.78994 0 1.0351 -0.236255 1.06172 0 0.78994 0 1.06172 0 1.0351 0.236255 0.78994 0 1.0351 0.236255 0.763023 0.204452 0.763023 0.204452 1.0351 0.236255 0.956577 0.460663 0.763023 0.204452 0.956577 0.460663 0.684108 0.39497 0.684108 0.39497 0.956577 0.460663 0.830086 0.661972 0.684108 0.39497 0.830086 0.661972 0.558572 0.558572 0.558572 0.558572 0.830086 0.661972 0.661972 0.830086 0.558572 0.558572 0.661972 0.830086 0.39497 0.684108 0.39497 0.684108 0.661972 0.830086 0.460663 0.956577 0.39497 0.684108 0.460663 0.956577 0.204452 0.763023 0.204452 0.763023 0.460663 0.956577 0.236255 1.0351 0.204452 0.763023 0.236255 1.0351 0 0.78994 0 0.78994 0.236255 1.0351 0 1.06172 0 0.78994 0 1.06172 -0.236255 1.0351 0 0.78994 -0.236255 1.0351 -0.204452 0.763023 -0.204452 0.763023 -0.236255 1.0351 -0.460663 0.956577 -0.204452 0.763023 -0.460663 0.956577 -0.39497 0.684108 -0.39497 0.684108 -0.460663 0.956577 -0.661972 0.830086 -0.39497 0.684108 -0.661972 0.830086 -0.558572 0.558572 -0.558572 0.558572 -0.661972 0.830086 -0.830086 0.661972 -0.558572 0.558572 -0.830086 0.661972 -0.684108 0.39497 -0.684108 0.39497 -0.830086 0.661972 -0.956577 0.460663 -0.684108 0.39497 -0.956577 0.460663 -0.763023 0.204452 -0.763023 0.204452 -0.956577 0.460663 -1.0351 0.236255 -0.763023 0.204452 -1.0351 0.236255 -0.78994 0 -0.78994 0 -1.0351 0.236255 -1.06172 0 -0.78994 0 -1.06172 0 -1.0351 -0.236255 -0.78994 0 -1.0351 -0.236255 -0.763023 -0.204452 -0.763023 -0.204452 -1.0351 -0.236255 -0.956577 -0.460663 -0.763023 -0.204452 -0.956577 -0.460663 -0.684108 -0.39497 -0.684108 -0.39497 -0.956577 -0.460663 -0.830086 -0.661972 -0.684108 -0.39497 -0.830086 -0.661972 -0.558572 -0.558572 -0.558572 -0.558572 -0.830086 -0.661972 -0.661972 -0.830086 -0.558572 -0.558572 -0.661972 -0.830086 -0.39497 -0.684108 -0.39497 -0.684108 -0.661972 -0.830086 -0.460663 -0.956577 -0.39497 -0.684108 -0.460663 -0.956577 -0.204452 -0.763023 -0.204452 -0.763023 -0.460663 -0.956577 -0.236255 -1.0351 -0.204452 -0.763023 -0.236255 -1.0351 0 -0.78994 1.0351 -0.236255 1.06172 0 0.78994 0 0.78994 0 1.06172 0 1.0351 0.236255 0.78994 0 1.0351 0.236255 0.763023 0.204452 0.763023 0.204452 1.0351 0.236255 0.956577 0.460663 0.763023 0.204452 0.956577 0.460663 0.684108 0.39497 0.684108 0.39497 0.956577 0.460663 0.830086 0.661972 0.684108 0.39497 0.830086 0.661972 0.558572 0.558572 0.558572 0.558572 0.830086 0.661972 0.661972 0.830086 0.558572 0.558572 0.661972 0.830086 0.39497 0.684108 0.39497 0.684108 0.661972 0.830086 0.460663 0.956577 0.39497 0.684108 0.460663 0.956577 0.204452 0.763023 0.204452 0.763023 0.460663 0.956577 0.236255 1.0351 0.204452 0.763023 0.236255 1.0351 0 0.78994 0 0.78994 0.236255 1.0351 0 1.06172 0 0.78994 0 1.06172 -0.236255 1.0351 0 0.78994 -0.236255 1.0351 -0.204452 0.763023 -0.204452 0.763023 -0.236255 1.0351 -0.460663 0.956577 -0.204452 0.763023 -0.460663 0.956577 -0.39497 0.684108 -0.39497 0.684108 -0.460663 0.956577 -0.661972 0.830086 -0.39497 0.684108 -0.661972 0.830086 -0.558572 0.558572 -0.558572 0.558572 -0.661972 0.830086 -0.830086 0.661972 -0.558572 0.558572 -0.830086 0.661972 -0.684108 0.39497 -0.684108 0.39497 -0.830086 0.661972 -0.956577 0.460663 -0.684108 0.39497 -0.956577 0.460663 -0.763023 0.204452 -0.763023 0.204452 -0.956577 0.460663 -1.0351 0.236255 -0.763023 0.204452 -1.0351 0.236255 -0.78994 0 -0.78994 0 -1.0351 0.236255 -1.06172 0 -0.78994 0 -1.06172 0 -1.0351 -0.236255 -0.78994 0 -1.0351 -0.236255 -0.763023 -0.204452 -0.763023 -0.204452 -1.0351 -0.236255 -0.956577 -0.460663 -0.763023 -0.204452 -0.956577 -0.460663 -0.684108 -0.39497 -0.684108 -0.39497 -0.956577 -0.460663 -0.830086 -0.661972 -0.684108 -0.39497 -0.830086 -0.661972 -0.558572 -0.558572 -0.558572 -0.558572 -0.830086 -0.661972 -0.661972 -0.830086 -0.558572 -0.558572 -0.661972 -0.830086 -0.39497 -0.684108 -0.39497 -0.684108 -0.661972 -0.830086 -0.460663 -0.956577 -0.39497 -0.684108 -0.460663 -0.956577 -0.204452 -0.763023 -0.204452 -0.763023 -0.460663 -0.956577 -0.236255 -1.0351 -0.204452 -0.763023 -0.236255 -1.0351 0 -0.78994 0 -0.78994 -0.236255 -1.0351 0 -1.06172 0 -0.78994 0 -1.06172 0.236255 -1.0351 0 -0.78994 0.236255 -1.0351 0.204452 -0.763023 0.204452 -0.763023 0.236255 -1.0351 0.460663 -0.956577 0.204452 -0.763023 0.460663 -0.956577 0.39497 -0.684108 0.39497 -0.684108 0.460663 -0.956577 0.661972 -0.830086 0.39497 -0.684108 0.661972 -0.830086 0.558572 -0.558572 0.558572 -0.558572 0.661972 -0.830086 0.830086 -0.661972 0.558572 -0.558572 0.830086 -0.661972 0.684108 -0.39497 0.684108 -0.39497 0.830086 -0.661972 0.956577 -0.460663 0.684108 -0.39497 0.956577 -0.460663 0.763023 -0.204452 0.763023 -0.204452 0.956577 -0.460663 1.0351 -0.236255 0.763023 -0.204452 1.0351 -0.236255 0.78994 0 -1.351473 -1.109125 -1.37795 -1.37795 -1.07696 -1.37795 -1.07696 -1.37795 -1.37795 -1.37795 -1.351473 -1.646775 -1.07696 -1.37795 -1.351473 -1.646775 -1.049958 -1.617596 -1.049958 -1.617596 -1.351473 -1.646775 -1.27306 -1.905269 -1.049958 -1.617596 -1.27306 -1.905269 -0.970307 -1.845225 -0.970307 -1.845225 -1.27306 -1.905269 -1.145724 -2.143498 -0.970307 -1.845225 -1.145724 -2.143498 -0.842001 -2.049424 -0.842001 -2.049424 -1.145724 -2.143498 -0.974358 -2.352308 -0.842001 -2.049424 -0.974358 -2.352308 -0.671474 -2.219951 -0.671474 -2.219951 -0.974358 -2.352308 -0.765548 -2.523674 -0.671474 -2.219951 -0.765548 -2.523674 -0.467275 -2.348257 -0.467275 -2.348257 -0.765548 -2.523674 -0.527319 -2.65101 -0.467275 -2.348257 -0.527319 -2.65101 -0.239646 -2.427908 -0.239646 -2.427908 -0.527319 -2.65101 -0.268825 -2.729423 -0.239646 -2.427908 -0.268825 -2.729423 0 -2.45491 0 -2.45491 -0.268825 -2.729423 0 -2.7559 0 -2.45491 0 -2.7559 0.268825 -2.729423 0 -2.45491 0.268825 -2.729423 0.239646 -2.427908 0.239646 -2.427908 0.268825 -2.729423 0.527319 -2.65101 0.239646 -2.427908 0.527319 -2.65101 0.467275 -2.348257 0.467275 -2.348257 0.527319 -2.65101 0.765548 -2.523674 0.467275 -2.348257 0.765548 -2.523674 0.671474 -2.219951 0.671474 -2.219951 0.765548 -2.523674 0.974358 -2.352308 0.671474 -2.219951 0.974358 -2.352308 0.842001 -2.049424 0.842001 -2.049424 0.974358 -2.352308 1.145724 -2.143498 0.842001 -2.049424 1.145724 -2.143498 0.970307 -1.845225 0.970307 -1.845225 1.145724 -2.143498 1.27306 -1.905269 0.970307 -1.845225 1.27306 -1.905269 1.049958 -1.617596 1.049958 -1.617596 1.27306 -1.905269 1.351473 -1.646775 1.049958 -1.617596 1.351473 -1.646775 1.07696 -1.37795 1.07696 -1.37795 1.351473 -1.646775 1.37795 -1.37795 1.07696 -1.37795 1.37795 -1.37795 1.351473 -1.109125 1.07696 -1.37795 1.351473 -1.109125 1.049958 -1.138304 1.049958 -1.138304 1.351473 -1.109125 1.27306 -0.850631 1.049958 -1.138304 1.27306 -0.850631 0.970307 -0.910675 0.970307 -0.910675 1.27306 -0.850631 1.145724 -0.612402 0.970307 -0.910675 1.145724 -0.612402 0.842001 -0.706476 0.842001 -0.706476 1.145724 -0.612402 0.974358 -0.403592 0.842001 -0.706476 0.974358 -0.403592 0.671474 -0.535949 0.671474 -0.535949 0.974358 -0.403592 0.765548 -0.232226 0.671474 -0.535949 0.765548 -0.232226 0.467275 -0.407643 0.467275 -0.407643 0.765548 -0.232226 0.527319 -0.10489 0.467275 -0.407643 0.527319 -0.10489 0.239646 -0.327992 0.239646 -0.327992 0.527319 -0.10489 0.268825 -0.02647686 0.239646 -0.327992 0.268825 -0.02647686 0 -0.30099 0 -0.30099 0.268825 -0.02647686 0 0 0 -0.30099 0 0 -0.268825 -0.02647686 0 -0.30099 -0.268825 -0.02647686 -0.239646 -0.327992 -0.239646 -0.327992 -0.268825 -0.02647686 -0.527319 -0.10489 -0.239646 -0.327992 -0.527319 -0.10489 -0.467275 -0.407643 -0.467275 -0.407643 -0.527319 -0.10489 -0.765548 -0.232226 -0.467275 -0.407643 -0.765548 -0.232226 -0.671474 -0.535949 -0.671474 -0.535949 -0.765548 -0.232226 -0.974358 -0.403592 -0.671474 -0.535949 -0.974358 -0.403592 -0.842001 -0.706476 -0.842001 -0.706476 -0.974358 -0.403592 -1.145724 -0.612402 -0.842001 -0.706476 -1.145724 -0.612402 -0.970307 -0.910675 -0.970307 -0.910675 -1.145724 -0.612402 -1.27306 -0.850631 -0.970307 -0.910675 -1.27306 -0.850631 -1.049958 -1.138304 -1.049958 -1.138304 -1.27306 -0.850631 -1.351473 -1.109125 -1.049958 -1.138304 -1.351473 -1.109125 -1.07696 -1.37795 3.175 0.27056 1.27 0.004536986 3.175 0 3.175 0 1.27 0.004536986 1.27 -0.265455 3.175 0 1.27 -0.265455 3.175 -0.27056 3.175 -0.27056 1.27 -0.265455 1.27 -0.535448 3.175 -0.27056 1.27 -0.535448 3.175 -0.54112 3.175 -0.54112 1.27 -0.535448 1.27 -0.805441 3.175 -0.54112 1.27 -0.805441 3.175 -0.81168 3.175 -0.81168 1.27 -0.805441 1.27 -1.075433 3.175 -0.81168 1.27 -1.075433 3.175 -1.082239 3.175 -1.082239 1.27 -1.075433 1.27 -1.345426 3.175 -1.082239 1.27 -1.345426 3.175 -1.352799 3.175 -1.352799 1.27 -1.345426 1.27 -1.615419 3.175 -1.352799 1.27 -1.615419 3.175 -1.623359 3.175 -1.623359 1.27 -1.615419 1.316875 -1.752684 3.175 -1.623359 1.316875 -1.752684 3.175 -1.893919 3.175 -1.893919 1.316875 -1.752684 1.350693 -1.889949 3.175 -1.893919 1.350693 -1.889949 1.371119 -2.027214 1.27 0.004536986 3.175 0.27056 1.27 0.27453 1.27 0.27453 3.175 0.27056 3.175 0.54112 1.27 0.27453 3.175 0.54112 1.27 0.544523 1.27 0.544523 3.175 0.54112 3.175 0.81168 1.27 0.544523 3.175 0.81168 1.27 0.814515 1.27 0.814515 3.175 0.81168 3.175 1.082239 1.27 0.814515 3.175 1.082239 1.27 1.084508 1.27 1.084508 3.175 1.082239 3.175 1.352799 1.27 1.084508 3.175 1.352799 1.27 1.354501 1.27 1.354501 3.175 1.352799 3.175 1.623359 1.27 1.354501 3.175 1.623359 1.27 1.624493 1.27 1.624493 3.175 1.623359 3.175 1.893919 1.27 1.624493 3.175 1.893919 1.27 1.894486 1.27 1.894486 3.175 1.893919 3.175 2.164479 1.27 1.894486 3.175 2.164479 1.27 2.164479 1.27 2.164479 3.175 2.164479 1.27 2.434471 1.27 2.434471 3.175 2.164479 3.175 2.435039 1.27 2.434471 3.175 2.435039 1.27 2.704464 1.27 2.704464 3.175 2.435039 3.175 2.705598 1.27 2.704464 3.175 2.705598 1.27 2.974457 1.27 2.974457 3.175 2.705598 3.175 2.976158 1.27 2.974457 3.175 2.976158 1.27 3.244449 1.27 3.244449 3.175 2.976158 3.175 3.246718 1.27 3.244449 3.175 3.246718 1.27 3.514442 1.27 3.514442 3.175 3.246718 3.175 3.517278 1.27 3.514442 3.175 3.517278 1.27 3.784435 1.27 3.784435 3.175 3.517278 3.175 3.787838 1.27 3.784435 3.175 3.787838 1.27 4.054428 1.27 4.054428 3.175 3.787838 3.175 4.058398 1.27 4.054428 3.175 4.058398 1.27 4.32442 1.27 4.32442 3.175 4.058398 3.175 4.328958 1.27 4.32442 3.175 4.328958 1.27 4.594413 1.27 -4.063502 3.175 -4.328958 3.175 -4.058398 1.27 -4.063502 3.175 -4.058398 1.27 -3.79351 1.27 -3.79351 3.175 -4.058398 3.175 -3.787838 1.27 -3.79351 3.175 -3.787838 1.27 -3.523517 1.27 -3.523517 3.175 -3.787838 3.175 -3.517278 1.27 -3.523517 3.175 -3.517278 1.27 -3.253524 1.27 -3.253524 3.175 -3.517278 3.175 -3.246718 1.27 -3.253524 3.175 -3.246718 1.27 -2.983532 1.27 -2.983532 3.175 -3.246718 3.175 -2.976158 1.27 -2.983532 3.175 -2.976158 1.27 -2.713539 1.27 -2.713539 3.175 -2.976158 3.175 -2.705598 1.27 -2.713539 3.175 -2.705598 1.316875 -2.576274 1.316875 -2.576274 3.175 -2.705598 3.175 -2.435039 1.316875 -2.576274 3.175 -2.435039 1.350693 -2.439009 1.350693 -2.439009 3.175 -2.435039 1.371119 -2.301744 1.371119 -2.301744 3.175 -2.435039 3.175 -2.164479 1.371119 -2.301744 3.175 -2.164479 1.37795 -2.164479 1.37795 -2.164479 3.175 -2.164479 1.371119 -2.027214 1.371119 -2.027214 3.175 -2.164479 3.175 -1.893919 -1.905061 -1.919675 0 -1.919675 -1.905061 -1.679715 -1.905061 -1.679715 0 -1.919675 0 -1.679715 -1.905061 -1.679715 0 -1.679715 -1.905061 -1.439756 -1.905061 -1.439756 0 -1.679715 0 -1.439756 -1.905061 -1.439756 0 -1.439756 -1.905061 -1.199797 -1.905061 -1.199797 0 -1.439756 0 -1.199797 -1.905061 -1.199797 0 -1.199797 -1.905061 -0.959837 -1.905061 -0.959837 0 -1.199797 0 -0.959837 -1.905061 -0.959837 0 -0.959837 -1.905061 -0.719878 -1.905061 -0.719878 0 -0.959837 0 -0.719878 -1.905061 -0.719878 0 -0.719878 -1.905061 -0.479919 -1.905061 -0.479919 0 -0.719878 0 -0.479919 -1.905061 -0.479919 0 -0.479919 -1.905061 -0.239959 -1.905061 -0.239959 0 -0.479919 0 -0.239959 -1.905061 -0.239959 0 -0.239959 -1.905061 0 -1.905061 0 0 -0.239959 0 0 -1.905061 0 0 0 -1.905061 0.239959 -1.905061 0.239959 0 0 0 0.239959 -1.905061 0.239959 0 0.239959 -1.905061 0.479919 -1.905061 0.479919 0 0.239959 0 0.479919 -1.905061 0.479919 0 0.479919 -1.905061 0.719878 -1.905061 0.719878 0 0.479919 0 0.719878 -1.905061 0.719878 0 0.719878 -1.905061 0.959837 -1.905061 0.959837 0 0.719878 0 0.959837 -1.905061 0.959837 0 0.959837 -1.905061 1.199797 -1.905061 1.199797 0 0.959837 0 1.199797 -1.905061 1.199797 0 1.199797 -1.905061 1.439756 -1.905061 1.439756 0 1.199797 0 1.439756 -1.905061 1.439756 0 1.439756 -1.905061 1.679715 -1.905061 1.679715 0 1.439756 0 1.679715 -1.905061 1.679715 0 1.679715 -1.905061 1.919675 -1.905061 1.919675 0 1.679715 0 1.919675 -1.905061 1.919675 0 1.919675 -1.905061 2.159634 -1.905061 2.159634 0 1.919675 0 2.159634 -1.905061 2.159634 0 2.159634 -1.905061 2.399593 -1.905061 2.399593 0 2.159634 0 2.399593 -1.905061 2.399593 0 2.399593 -1.905061 2.639553 -1.905061 2.639553 0 2.399593 0 2.639553 -1.905061 2.639553 0 2.639553 -1.905061 2.879512 -1.905061 2.879512 0 2.639553 0 2.879512 -1.905061 2.879512 0 2.879512 -1.905061 3.119471 -1.905061 3.119471 0 2.879512 0 3.119471 -1.905061 3.119471 0 3.119471 -1.905061 3.359431 -1.905061 3.359431 0 3.119471 0 3.359431 -1.905061 -3.359431 0 -3.359431 -1.905061 -3.119471 -1.905061 -3.119471 0 -3.359431 0 -3.119471 -1.905061 -3.119471 0 -3.119471 -1.905061 -2.879512 -1.905061 -2.879512 0 -3.119471 0 -2.879512 -1.905061 -2.879512 0 -2.879512 -1.905061 -2.639553 -1.905061 -2.639553 0 -2.879512 0 -2.639553 -1.905061 -2.639553 0 -2.639553 -1.905061 -2.399593 -1.905061 -2.399593 0 -2.639553 0 -2.399593 -1.905061 -2.399593 0 -2.399593 -1.905061 -2.159634 -1.905061 -2.159634 0 -2.399593 0 -2.159634 -1.905061 -2.159634 0 -2.159634 -1.905061 -1.919675 -1.905061 -1.919675 0 -2.159634 0 -1.919675 4.2164 -4.2164 4.2164 4.2164 3.81 3.81 3.81 3.81 4.2164 4.2164 -4.2164 4.2164 3.81 3.81 -4.2164 4.2164 -3.81 3.81 -3.81 3.81 -4.2164 4.2164 -4.2164 -4.2164 -3.81 3.81 -4.2164 -4.2164 -3.81 -3.81 -3.81 -3.81 -4.2164 -4.2164 4.2164 -4.2164 -3.81 -3.81 4.2164 -4.2164 3.81 -3.81 3.81 -3.81 4.2164 -4.2164 3.81 3.81 -7.62 -60.96 0 -60.96 -7.62 0 -7.62 0 0 -60.96 0 0 0 -60.96 7.62 -60.96 0 0 0 0 7.62 -60.96 7.62 0 0 -60.96 7.62 -60.96 0 0 0 0 7.62 -60.96 7.62 0 -7.62 -60.96 0 -60.96 -7.62 0 -7.62 0 0 -60.96 0 0 2.122236 0.568651 1.03045 0.276108 2.1971 0 2.1971 0 1.03045 0.276108 1.0668 0 2.1971 0 1.0668 0 2.122236 -0.568651 2.122236 -0.568651 1.0668 0 1.03045 -0.276108 2.122236 -0.568651 1.03045 -0.276108 0.923876 -0.5334 1.03045 0.276108 2.122236 0.568651 0.923876 0.5334 0.923876 0.5334 2.122236 0.568651 1.902744 1.09855 0.923876 0.5334 1.902744 1.09855 0.754342 0.754342 0.754342 0.754342 1.902744 1.09855 1.553584 1.553584 0.754342 0.754342 1.553584 1.553584 0.5334 0.923876 0.5334 0.923876 1.553584 1.553584 1.09855 1.902744 0.5334 0.923876 1.09855 1.902744 0.276108 1.03045 0.276108 1.03045 1.09855 1.902744 0.568651 2.122236 0.276108 1.03045 0.568651 2.122236 0 1.0668 0 1.0668 0.568651 2.122236 0 2.1971 0 1.0668 0 2.1971 -0.568651 2.122236 0 1.0668 -0.568651 2.122236 -0.276108 1.03045 -0.276108 1.03045 -0.568651 2.122236 -1.09855 1.902744 -0.276108 1.03045 -1.09855 1.902744 -0.5334 0.923876 -0.5334 0.923876 -1.09855 1.902744 -1.553584 1.553584 -0.5334 0.923876 -1.553584 1.553584 -0.754342 0.754342 -0.754342 0.754342 -1.553584 1.553584 -1.902744 1.09855 -0.754342 0.754342 -1.902744 1.09855 -0.923876 0.5334 -0.923876 0.5334 -1.902744 1.09855 -2.122236 0.568651 -0.923876 0.5334 -2.122236 0.568651 -1.03045 0.276108 -1.03045 0.276108 -2.122236 0.568651 -2.1971 0 -1.03045 0.276108 -2.1971 0 -1.0668 0 -1.0668 0 -2.1971 0 -1.03045 -0.276108 -1.03045 -0.276108 -2.1971 0 -2.122236 -0.568651 -1.03045 -0.276108 -2.122236 -0.568651 -0.923876 -0.5334 -0.923876 -0.5334 -2.122236 -0.568651 -1.902744 -1.09855 -0.923876 -0.5334 -1.902744 -1.09855 -0.754342 -0.754342 -0.754342 -0.754342 -1.902744 -1.09855 -1.553584 -1.553584 -0.754342 -0.754342 -1.553584 -1.553584 -0.5334 -0.923876 -0.5334 -0.923876 -1.553584 -1.553584 -1.09855 -1.902744 -0.5334 -0.923876 -1.09855 -1.902744 -0.276108 -1.03045 -0.276108 -1.03045 -1.09855 -1.902744 -0.568651 -2.122236 -0.276108 -1.03045 -0.568651 -2.122236 0 -1.0668 0 -1.0668 -0.568651 -2.122236 0 -2.1971 0 -1.0668 0 -2.1971 0.568651 -2.122236 0 -1.0668 0.568651 -2.122236 0.276108 -1.03045 0.276108 -1.03045 0.568651 -2.122236 1.09855 -1.902744 0.276108 -1.03045 1.09855 -1.902744 0.5334 -0.923876 0.5334 -0.923876 1.09855 -1.902744 1.553584 -1.553584 0.5334 -0.923876 1.553584 -1.553584 0.754342 -0.754342 0.754342 -0.754342 1.553584 -1.553584 1.902744 -1.09855 0.754342 -0.754342 1.902744 -1.09855 0.923876 -0.5334 0.923876 -0.5334 1.902744 -1.09855 2.122236 -0.568651 -2.122236 -0.568651 -1.03045 -0.276108 -2.1971 0 -2.1971 0 -1.03045 -0.276108 -1.0668 0 -2.1971 0 -1.0668 0 -1.03045 0.276108 -1.03045 -0.276108 -2.122236 -0.568651 -0.923876 -0.5334 -0.923876 -0.5334 -2.122236 -0.568651 -1.902744 -1.09855 -0.923876 -0.5334 -1.902744 -1.09855 -0.754342 -0.754342 -0.754342 -0.754342 -1.902744 -1.09855 -1.553584 -1.553584 -0.754342 -0.754342 -1.553584 -1.553584 -0.5334 -0.923876 -0.5334 -0.923876 -1.553584 -1.553584 -1.09855 -1.902744 -0.5334 -0.923876 -1.09855 -1.902744 -0.276108 -1.03045 -0.276108 -1.03045 -1.09855 -1.902744 -0.568651 -2.122236 -0.276108 -1.03045 -0.568651 -2.122236 0 -1.0668 0 -1.0668 -0.568651 -2.122236 0 -2.1971 0 -1.0668 0 -2.1971 0.568651 -2.122236 0 -1.0668 0.568651 -2.122236 0.276108 -1.03045 0.276108 -1.03045 0.568651 -2.122236 1.09855 -1.902744 0.276108 -1.03045 1.09855 -1.902744 0.5334 -0.923876 0.5334 -0.923876 1.09855 -1.902744 1.553584 -1.553584 0.5334 -0.923876 1.553584 -1.553584 0.754342 -0.754342 0.754342 -0.754342 1.553584 -1.553584 1.902744 -1.09855 0.754342 -0.754342 1.902744 -1.09855 0.923876 -0.5334 0.923876 -0.5334 1.902744 -1.09855 2.122236 -0.568651 0.923876 -0.5334 2.122236 -0.568651 1.03045 -0.276108 1.03045 -0.276108 2.122236 -0.568651 1.0668 0 1.0668 0 2.122236 -0.568651 2.1971 0 1.0668 0 2.1971 0 1.03045 0.276108 1.03045 0.276108 2.1971 0 2.122236 0.568651 1.03045 0.276108 2.122236 0.568651 0.923876 0.5334 0.923876 0.5334 2.122236 0.568651 1.902744 1.09855 0.923876 0.5334 1.902744 1.09855 0.754342 0.754342 0.754342 0.754342 1.902744 1.09855 1.553584 1.553584 0.754342 0.754342 1.553584 1.553584 0.5334 0.923876 0.5334 0.923876 1.553584 1.553584 1.09855 1.902744 0.5334 0.923876 1.09855 1.902744 0.276108 1.03045 0.276108 1.03045 1.09855 1.902744 0.568651 2.122236 0.276108 1.03045 0.568651 2.122236 0 1.0668 0 1.0668 0.568651 2.122236 0 2.1971 0 1.0668 0 2.1971 -0.568651 2.122236 0 1.0668 -0.568651 2.122236 -0.276108 1.03045 -0.276108 1.03045 -0.568651 2.122236 -1.09855 1.902744 -0.276108 1.03045 -1.09855 1.902744 -0.5334 0.923876 -0.5334 0.923876 -1.09855 1.902744 -1.553584 1.553584 -0.5334 0.923876 -1.553584 1.553584 -0.754342 0.754342 -0.754342 0.754342 -1.553584 1.553584 -1.902744 1.09855 -0.754342 0.754342 -1.902744 1.09855 -0.923876 0.5334 -0.923876 0.5334 -1.902744 1.09855 -2.122236 0.568651 -0.923876 0.5334 -2.122236 0.568651 -1.03045 0.276108 -1.03045 0.276108 -2.122236 0.568651 -2.1971 0 0 -6.327194 -91.44001 -6.327194 0 -6.902393 0 -6.902393 -91.44001 -6.327194 -91.44001 -6.902393 0 6.902393 -91.44001 6.902393 0 6.327194 0 6.327194 -91.44001 6.902393 -91.44001 6.327194 0 6.327194 -91.44001 6.327194 0 5.751994 0 5.751994 -91.44001 6.327194 -91.44001 5.751994 0 5.751994 -91.44001 5.751994 0 5.176795 0 5.176795 -91.44001 5.751994 -91.44001 5.176795 0 5.176795 -91.44001 5.176795 0 4.601595 0 4.601595 -91.44001 5.176795 -91.44001 4.601595 0 4.601595 -91.44001 4.601595 0 4.026396 0 4.026396 -91.44001 4.601595 -91.44001 4.026396 0 4.026396 -91.44001 4.026396 0 3.451197 0 3.451197 -91.44001 4.026396 -91.44001 3.451197 0 3.451197 -91.44001 3.451197 0 2.875997 0 2.875997 -91.44001 3.451197 -91.44001 2.875997 0 2.875997 -91.44001 2.875997 0 2.300798 0 2.300798 -91.44001 2.875997 -91.44001 2.300798 0 2.300798 -91.44001 2.300798 0 1.725598 0 1.725598 -91.44001 2.300798 -91.44001 1.725598 0 1.725598 -91.44001 1.725598 0 1.150399 0 1.150399 -91.44001 1.725598 -91.44001 1.150399 0 1.150399 -91.44001 1.150399 0 0.575199 0 0.575199 -91.44001 1.150399 -91.44001 0.575199 0 0.575199 -91.44001 0.575199 0 0 0 0 -91.44001 0.575199 -91.44001 0 0 0 -91.44001 0 0 -0.575199 0 -0.575199 -91.44001 0 -91.44001 -0.575199 0 -0.575199 -91.44001 -0.575199 0 -1.150399 0 -1.150399 -91.44001 -0.575199 -91.44001 -1.150399 0 -1.150399 -91.44001 -1.150399 0 -1.725598 0 -1.725598 -91.44001 -1.150399 -91.44001 -1.725598 0 -1.725598 -91.44001 -1.725598 0 -2.300798 0 -2.300798 -91.44001 -1.725598 -91.44001 -2.300798 0 -2.300798 -91.44001 -2.300798 0 -2.875997 0 -2.875997 -91.44001 -2.300798 -91.44001 -2.875997 0 -2.875997 -91.44001 -2.875997 0 -3.451197 0 -3.451197 -91.44001 -2.875997 -91.44001 -3.451197 0 -3.451197 -91.44001 -3.451197 0 -4.026396 0 -4.026396 -91.44001 -3.451197 -91.44001 -4.026396 0 -4.026396 -91.44001 -4.026396 0 -4.601595 0 -4.601595 -91.44001 -4.026396 -91.44001 -4.601595 0 -4.601595 -91.44001 -4.601595 0 -5.176795 0 -5.176795 -91.44001 -4.601595 -91.44001 -5.176795 0 -5.176795 -91.44001 -5.176795 0 -5.751994 0 -5.751994 -91.44001 -5.176795 -91.44001 -5.751994 0 -5.751994 -91.44001 -5.751994 0 -6.327194 0 -6.327194 -91.44001 -5.751994 -91.44001 -6.327194 0 3.072163 91.44001 3.072163 0 3.351451 0 3.351451 91.44001 3.072163 91.44001 3.351451 0 -3.351451 91.44001 -3.351451 0 -3.072163 0 -3.072163 91.44001 -3.351451 91.44001 -3.072163 0 -3.072163 91.44001 -3.072163 0 -2.792876 0 -2.792876 91.44001 -3.072163 91.44001 -2.792876 0 -2.792876 91.44001 -2.792876 0 -2.513588 0 -2.513588 91.44001 -2.792876 91.44001 -2.513588 0 -2.513588 91.44001 -2.513588 0 -2.234301 0 -2.234301 91.44001 -2.513588 91.44001 -2.234301 0 -2.234301 91.44001 -2.234301 0 -1.955013 0 -1.955013 91.44001 -2.234301 91.44001 -1.955013 0 -1.955013 91.44001 -1.955013 0 -1.675726 0 -1.675726 91.44001 -1.955013 91.44001 -1.675726 0 -1.675726 91.44001 -1.675726 0 -1.396438 0 -1.396438 91.44001 -1.675726 91.44001 -1.396438 0 -1.396438 91.44001 -1.396438 0 -1.11715 0 -1.11715 91.44001 -1.396438 91.44001 -1.11715 0 -1.11715 91.44001 -1.11715 0 -0.837863 0 -0.837863 91.44001 -1.11715 91.44001 -0.837863 0 -0.837863 91.44001 -0.837863 0 -0.558575 0 -0.558575 91.44001 -0.837863 91.44001 -0.558575 0 -0.558575 91.44001 -0.558575 0 -0.279288 0 -0.279288 91.44001 -0.558575 91.44001 -0.279288 0 -0.279288 91.44001 -0.279288 0 0 0 0 91.44001 -0.279288 91.44001 0 0 0 91.44001 0 0 0.279288 0 0.279288 91.44001 0 91.44001 0.279288 0 0.279288 91.44001 0.279288 0 0.558575 0 0.558575 91.44001 0.279288 91.44001 0.558575 0 0.558575 91.44001 0.558575 0 0.837863 0 0.837863 91.44001 0.558575 91.44001 0.837863 0 0.837863 91.44001 0.837863 0 1.11715 0 1.11715 91.44001 0.837863 91.44001 1.11715 0 1.11715 91.44001 1.11715 0 1.396438 0 1.396438 91.44001 1.11715 91.44001 1.396438 0 1.396438 91.44001 1.396438 0 1.675726 0 1.675726 91.44001 1.396438 91.44001 1.675726 0 1.675726 91.44001 1.675726 0 1.955013 0 1.955013 91.44001 1.675726 91.44001 1.955013 0 1.955013 91.44001 1.955013 0 2.234301 0 2.234301 91.44001 1.955013 91.44001 2.234301 0 2.234301 91.44001 2.234301 0 2.513588 0 2.513588 91.44001 2.234301 91.44001 2.513588 0 2.513588 91.44001 2.513588 0 2.792876 0 2.792876 91.44001 2.513588 91.44001 2.792876 0 2.792876 91.44001 2.792876 0 3.072163 0 3.072163 91.44001 2.792876 91.44001 3.072163 2.122236 0.568651 1.03045 0.276108 2.1971 0 2.1971 0 1.03045 0.276108 1.0668 0 2.1971 0 1.0668 0 2.122236 -0.568651 2.122236 -0.568651 1.0668 0 1.03045 -0.276108 2.122236 -0.568651 1.03045 -0.276108 0.923876 -0.5334 1.03045 0.276108 2.122236 0.568651 0.923876 0.5334 0.923876 0.5334 2.122236 0.568651 1.902744 1.09855 0.923876 0.5334 1.902744 1.09855 0.754342 0.754342 0.754342 0.754342 1.902744 1.09855 1.553584 1.553584 0.754342 0.754342 1.553584 1.553584 0.5334 0.923876 0.5334 0.923876 1.553584 1.553584 1.09855 1.902744 0.5334 0.923876 1.09855 1.902744 0.276108 1.03045 0.276108 1.03045 1.09855 1.902744 0.568651 2.122236 0.276108 1.03045 0.568651 2.122236 0 1.0668 0 1.0668 0.568651 2.122236 0 2.1971 0 1.0668 0 2.1971 -0.568651 2.122236 0 1.0668 -0.568651 2.122236 -0.276108 1.03045 -0.276108 1.03045 -0.568651 2.122236 -1.09855 1.902744 -0.276108 1.03045 -1.09855 1.902744 -0.5334 0.923876 -0.5334 0.923876 -1.09855 1.902744 -1.553584 1.553584 -0.5334 0.923876 -1.553584 1.553584 -0.754342 0.754342 -0.754342 0.754342 -1.553584 1.553584 -1.902744 1.09855 -0.754342 0.754342 -1.902744 1.09855 -0.923876 0.5334 -0.923876 0.5334 -1.902744 1.09855 -2.122236 0.568651 -0.923876 0.5334 -2.122236 0.568651 -1.03045 0.276108 -1.03045 0.276108 -2.122236 0.568651 -2.1971 0 -1.03045 0.276108 -2.1971 0 -1.0668 0 -1.0668 0 -2.1971 0 -1.03045 -0.276108 -1.03045 -0.276108 -2.1971 0 -2.122236 -0.568651 -1.03045 -0.276108 -2.122236 -0.568651 -0.923876 -0.5334 -0.923876 -0.5334 -2.122236 -0.568651 -1.902744 -1.09855 -0.923876 -0.5334 -1.902744 -1.09855 -0.754342 -0.754342 -0.754342 -0.754342 -1.902744 -1.09855 -1.553584 -1.553584 -0.754342 -0.754342 -1.553584 -1.553584 -0.5334 -0.923876 -0.5334 -0.923876 -1.553584 -1.553584 -1.09855 -1.902744 -0.5334 -0.923876 -1.09855 -1.902744 -0.276108 -1.03045 -0.276108 -1.03045 -1.09855 -1.902744 -0.568651 -2.122236 -0.276108 -1.03045 -0.568651 -2.122236 0 -1.0668 0 -1.0668 -0.568651 -2.122236 0 -2.1971 0 -1.0668 0 -2.1971 0.568651 -2.122236 0 -1.0668 0.568651 -2.122236 0.276108 -1.03045 0.276108 -1.03045 0.568651 -2.122236 1.09855 -1.902744 0.276108 -1.03045 1.09855 -1.902744 0.5334 -0.923876 0.5334 -0.923876 1.09855 -1.902744 1.553584 -1.553584 0.5334 -0.923876 1.553584 -1.553584 0.754342 -0.754342 0.754342 -0.754342 1.553584 -1.553584 1.902744 -1.09855 0.754342 -0.754342 1.902744 -1.09855 0.923876 -0.5334 0.923876 -0.5334 1.902744 -1.09855 2.122236 -0.568651 -2.122236 -0.568651 -1.03045 -0.276108 -2.1971 0 -2.1971 0 -1.03045 -0.276108 -1.0668 0 -2.1971 0 -1.0668 0 -1.03045 0.276108 -1.03045 -0.276108 -2.122236 -0.568651 -0.923876 -0.5334 -0.923876 -0.5334 -2.122236 -0.568651 -1.902744 -1.09855 -0.923876 -0.5334 -1.902744 -1.09855 -0.754342 -0.754342 -0.754342 -0.754342 -1.902744 -1.09855 -1.553584 -1.553584 -0.754342 -0.754342 -1.553584 -1.553584 -0.5334 -0.923876 -0.5334 -0.923876 -1.553584 -1.553584 -1.09855 -1.902744 -0.5334 -0.923876 -1.09855 -1.902744 -0.276108 -1.03045 -0.276108 -1.03045 -1.09855 -1.902744 -0.568651 -2.122236 -0.276108 -1.03045 -0.568651 -2.122236 0 -1.0668 0 -1.0668 -0.568651 -2.122236 0 -2.1971 0 -1.0668 0 -2.1971 0.568651 -2.122236 0 -1.0668 0.568651 -2.122236 0.276108 -1.03045 0.276108 -1.03045 0.568651 -2.122236 1.09855 -1.902744 0.276108 -1.03045 1.09855 -1.902744 0.5334 -0.923876 0.5334 -0.923876 1.09855 -1.902744 1.553584 -1.553584 0.5334 -0.923876 1.553584 -1.553584 0.754342 -0.754342 0.754342 -0.754342 1.553584 -1.553584 1.902744 -1.09855 0.754342 -0.754342 1.902744 -1.09855 0.923876 -0.5334 0.923876 -0.5334 1.902744 -1.09855 2.122236 -0.568651 0.923876 -0.5334 2.122236 -0.568651 1.03045 -0.276108 1.03045 -0.276108 2.122236 -0.568651 1.0668 0 1.0668 0 2.122236 -0.568651 2.1971 0 1.0668 0 2.1971 0 1.03045 0.276108 1.03045 0.276108 2.1971 0 2.122236 0.568651 1.03045 0.276108 2.122236 0.568651 0.923876 0.5334 0.923876 0.5334 2.122236 0.568651 1.902744 1.09855 0.923876 0.5334 1.902744 1.09855 0.754342 0.754342 0.754342 0.754342 1.902744 1.09855 1.553584 1.553584 0.754342 0.754342 1.553584 1.553584 0.5334 0.923876 0.5334 0.923876 1.553584 1.553584 1.09855 1.902744 0.5334 0.923876 1.09855 1.902744 0.276108 1.03045 0.276108 1.03045 1.09855 1.902744 0.568651 2.122236 0.276108 1.03045 0.568651 2.122236 0 1.0668 0 1.0668 0.568651 2.122236 0 2.1971 0 1.0668 0 2.1971 -0.568651 2.122236 0 1.0668 -0.568651 2.122236 -0.276108 1.03045 -0.276108 1.03045 -0.568651 2.122236 -1.09855 1.902744 -0.276108 1.03045 -1.09855 1.902744 -0.5334 0.923876 -0.5334 0.923876 -1.09855 1.902744 -1.553584 1.553584 -0.5334 0.923876 -1.553584 1.553584 -0.754342 0.754342 -0.754342 0.754342 -1.553584 1.553584 -1.902744 1.09855 -0.754342 0.754342 -1.902744 1.09855 -0.923876 0.5334 -0.923876 0.5334 -1.902744 1.09855 -2.122236 0.568651 -0.923876 0.5334 -2.122236 0.568651 -1.03045 0.276108 -1.03045 0.276108 -2.122236 0.568651 -2.1971 0 0 -6.327194 -91.44001 -6.327194 0 -6.902393 0 -6.902393 -91.44001 -6.327194 -91.44001 -6.902393 0 6.902393 -91.44001 6.902393 0 6.327194 0 6.327194 -91.44001 6.902393 -91.44001 6.327194 0 6.327194 -91.44001 6.327194 0 5.751994 0 5.751994 -91.44001 6.327194 -91.44001 5.751994 0 5.751994 -91.44001 5.751994 0 5.176795 0 5.176795 -91.44001 5.751994 -91.44001 5.176795 0 5.176795 -91.44001 5.176795 0 4.601595 0 4.601595 -91.44001 5.176795 -91.44001 4.601595 0 4.601595 -91.44001 4.601595 0 4.026396 0 4.026396 -91.44001 4.601595 -91.44001 4.026396 0 4.026396 -91.44001 4.026396 0 3.451197 0 3.451197 -91.44001 4.026396 -91.44001 3.451197 0 3.451197 -91.44001 3.451197 0 2.875997 0 2.875997 -91.44001 3.451197 -91.44001 2.875997 0 2.875997 -91.44001 2.875997 0 2.300798 0 2.300798 -91.44001 2.875997 -91.44001 2.300798 0 2.300798 -91.44001 2.300798 0 1.725598 0 1.725598 -91.44001 2.300798 -91.44001 1.725598 0 1.725598 -91.44001 1.725598 0 1.150399 0 1.150399 -91.44001 1.725598 -91.44001 1.150399 0 1.150399 -91.44001 1.150399 0 0.575199 0 0.575199 -91.44001 1.150399 -91.44001 0.575199 0 0.575199 -91.44001 0.575199 0 0 0 0 -91.44001 0.575199 -91.44001 0 0 0 -91.44001 0 0 -0.575199 0 -0.575199 -91.44001 0 -91.44001 -0.575199 0 -0.575199 -91.44001 -0.575199 0 -1.150399 0 -1.150399 -91.44001 -0.575199 -91.44001 -1.150399 0 -1.150399 -91.44001 -1.150399 0 -1.725598 0 -1.725598 -91.44001 -1.150399 -91.44001 -1.725598 0 -1.725598 -91.44001 -1.725598 0 -2.300798 0 -2.300798 -91.44001 -1.725598 -91.44001 -2.300798 0 -2.300798 -91.44001 -2.300798 0 -2.875997 0 -2.875997 -91.44001 -2.300798 -91.44001 -2.875997 0 -2.875997 -91.44001 -2.875997 0 -3.451197 0 -3.451197 -91.44001 -2.875997 -91.44001 -3.451197 0 -3.451197 -91.44001 -3.451197 0 -4.026396 0 -4.026396 -91.44001 -3.451197 -91.44001 -4.026396 0 -4.026396 -91.44001 -4.026396 0 -4.601595 0 -4.601595 -91.44001 -4.026396 -91.44001 -4.601595 0 -4.601595 -91.44001 -4.601595 0 -5.176795 0 -5.176795 -91.44001 -4.601595 -91.44001 -5.176795 0 -5.176795 -91.44001 -5.176795 0 -5.751994 0 -5.751994 -91.44001 -5.176795 -91.44001 -5.751994 0 -5.751994 -91.44001 -5.751994 0 -6.327194 0 -6.327194 -91.44001 -5.751994 -91.44001 -6.327194 0 3.072163 91.44001 3.072163 0 3.351451 0 3.351451 91.44001 3.072163 91.44001 3.351451 0 -3.351451 91.44001 -3.351451 0 -3.072163 0 -3.072163 91.44001 -3.351451 91.44001 -3.072163 0 -3.072163 91.44001 -3.072163 0 -2.792876 0 -2.792876 91.44001 -3.072163 91.44001 -2.792876 0 -2.792876 91.44001 -2.792876 0 -2.513588 0 -2.513588 91.44001 -2.792876 91.44001 -2.513588 0 -2.513588 91.44001 -2.513588 0 -2.234301 0 -2.234301 91.44001 -2.513588 91.44001 -2.234301 0 -2.234301 91.44001 -2.234301 0 -1.955013 0 -1.955013 91.44001 -2.234301 91.44001 -1.955013 0 -1.955013 91.44001 -1.955013 0 -1.675726 0 -1.675726 91.44001 -1.955013 91.44001 -1.675726 0 -1.675726 91.44001 -1.675726 0 -1.396438 0 -1.396438 91.44001 -1.675726 91.44001 -1.396438 0 -1.396438 91.44001 -1.396438 0 -1.11715 0 -1.11715 91.44001 -1.396438 91.44001 -1.11715 0 -1.11715 91.44001 -1.11715 0 -0.837863 0 -0.837863 91.44001 -1.11715 91.44001 -0.837863 0 -0.837863 91.44001 -0.837863 0 -0.558575 0 -0.558575 91.44001 -0.837863 91.44001 -0.558575 0 -0.558575 91.44001 -0.558575 0 -0.279288 0 -0.279288 91.44001 -0.558575 91.44001 -0.279288 0 -0.279288 91.44001 -0.279288 0 0 0 0 91.44001 -0.279288 91.44001 0 0 0 91.44001 0 0 0.279288 0 0.279288 91.44001 0 91.44001 0.279288 0 0.279288 91.44001 0.279288 0 0.558575 0 0.558575 91.44001 0.279288 91.44001 0.558575 0 0.558575 91.44001 0.558575 0 0.837863 0 0.837863 91.44001 0.558575 91.44001 0.837863 0 0.837863 91.44001 0.837863 0 1.11715 0 1.11715 91.44001 0.837863 91.44001 1.11715 0 1.11715 91.44001 1.11715 0 1.396438 0 1.396438 91.44001 1.11715 91.44001 1.396438 0 1.396438 91.44001 1.396438 0 1.675726 0 1.675726 91.44001 1.396438 91.44001 1.675726 0 1.675726 91.44001 1.675726 0 1.955013 0 1.955013 91.44001 1.675726 91.44001 1.955013 0 1.955013 91.44001 1.955013 0 2.234301 0 2.234301 91.44001 1.955013 91.44001 2.234301 0 2.234301 91.44001 2.234301 0 2.513588 0 2.513588 91.44001 2.234301 91.44001 2.513588 0 2.513588 91.44001 2.513588 0 2.792876 0 2.792876 91.44001 2.513588 91.44001 2.792876 0 2.792876 91.44001 2.792876 0 3.072163 0 3.072163 91.44001 2.792876 91.44001 3.072163 2.122236 0.568651 1.03045 0.276108 2.1971 0 2.1971 0 1.03045 0.276108 1.0668 0 2.1971 0 1.0668 0 2.122236 -0.568651 2.122236 -0.568651 1.0668 0 1.03045 -0.276108 2.122236 -0.568651 1.03045 -0.276108 0.923876 -0.5334 1.03045 0.276108 2.122236 0.568651 0.923876 0.5334 0.923876 0.5334 2.122236 0.568651 1.902744 1.09855 0.923876 0.5334 1.902744 1.09855 0.754342 0.754342 0.754342 0.754342 1.902744 1.09855 1.553584 1.553584 0.754342 0.754342 1.553584 1.553584 0.5334 0.923876 0.5334 0.923876 1.553584 1.553584 1.09855 1.902744 0.5334 0.923876 1.09855 1.902744 0.276108 1.03045 0.276108 1.03045 1.09855 1.902744 0.568651 2.122236 0.276108 1.03045 0.568651 2.122236 0 1.0668 0 1.0668 0.568651 2.122236 0 2.1971 0 1.0668 0 2.1971 -0.568651 2.122236 0 1.0668 -0.568651 2.122236 -0.276108 1.03045 -0.276108 1.03045 -0.568651 2.122236 -1.09855 1.902744 -0.276108 1.03045 -1.09855 1.902744 -0.5334 0.923876 -0.5334 0.923876 -1.09855 1.902744 -1.553584 1.553584 -0.5334 0.923876 -1.553584 1.553584 -0.754342 0.754342 -0.754342 0.754342 -1.553584 1.553584 -1.902744 1.09855 -0.754342 0.754342 -1.902744 1.09855 -0.923876 0.5334 -0.923876 0.5334 -1.902744 1.09855 -2.122236 0.568651 -0.923876 0.5334 -2.122236 0.568651 -1.03045 0.276108 -1.03045 0.276108 -2.122236 0.568651 -2.1971 0 -1.03045 0.276108 -2.1971 0 -1.0668 0 -1.0668 0 -2.1971 0 -1.03045 -0.276108 -1.03045 -0.276108 -2.1971 0 -2.122236 -0.568651 -1.03045 -0.276108 -2.122236 -0.568651 -0.923876 -0.5334 -0.923876 -0.5334 -2.122236 -0.568651 -1.902744 -1.09855 -0.923876 -0.5334 -1.902744 -1.09855 -0.754342 -0.754342 -0.754342 -0.754342 -1.902744 -1.09855 -1.553584 -1.553584 -0.754342 -0.754342 -1.553584 -1.553584 -0.5334 -0.923876 -0.5334 -0.923876 -1.553584 -1.553584 -1.09855 -1.902744 -0.5334 -0.923876 -1.09855 -1.902744 -0.276108 -1.03045 -0.276108 -1.03045 -1.09855 -1.902744 -0.568651 -2.122236 -0.276108 -1.03045 -0.568651 -2.122236 0 -1.0668 0 -1.0668 -0.568651 -2.122236 0 -2.1971 0 -1.0668 0 -2.1971 0.568651 -2.122236 0 -1.0668 0.568651 -2.122236 0.276108 -1.03045 0.276108 -1.03045 0.568651 -2.122236 1.09855 -1.902744 0.276108 -1.03045 1.09855 -1.902744 0.5334 -0.923876 0.5334 -0.923876 1.09855 -1.902744 1.553584 -1.553584 0.5334 -0.923876 1.553584 -1.553584 0.754342 -0.754342 0.754342 -0.754342 1.553584 -1.553584 1.902744 -1.09855 0.754342 -0.754342 1.902744 -1.09855 0.923876 -0.5334 0.923876 -0.5334 1.902744 -1.09855 2.122236 -0.568651 -2.122236 -0.568651 -1.03045 -0.276108 -2.1971 0 -2.1971 0 -1.03045 -0.276108 -1.0668 0 -2.1971 0 -1.0668 0 -1.03045 0.276108 -1.03045 -0.276108 -2.122236 -0.568651 -0.923876 -0.5334 -0.923876 -0.5334 -2.122236 -0.568651 -1.902744 -1.09855 -0.923876 -0.5334 -1.902744 -1.09855 -0.754342 -0.754342 -0.754342 -0.754342 -1.902744 -1.09855 -1.553584 -1.553584 -0.754342 -0.754342 -1.553584 -1.553584 -0.5334 -0.923876 -0.5334 -0.923876 -1.553584 -1.553584 -1.09855 -1.902744 -0.5334 -0.923876 -1.09855 -1.902744 -0.276108 -1.03045 -0.276108 -1.03045 -1.09855 -1.902744 -0.568651 -2.122236 -0.276108 -1.03045 -0.568651 -2.122236 0 -1.0668 0 -1.0668 -0.568651 -2.122236 0 -2.1971 0 -1.0668 0 -2.1971 0.568651 -2.122236 0 -1.0668 0.568651 -2.122236 0.276108 -1.03045 0.276108 -1.03045 0.568651 -2.122236 1.09855 -1.902744 0.276108 -1.03045 1.09855 -1.902744 0.5334 -0.923876 0.5334 -0.923876 1.09855 -1.902744 1.553584 -1.553584 0.5334 -0.923876 1.553584 -1.553584 0.754342 -0.754342 0.754342 -0.754342 1.553584 -1.553584 1.902744 -1.09855 0.754342 -0.754342 1.902744 -1.09855 0.923876 -0.5334 0.923876 -0.5334 1.902744 -1.09855 2.122236 -0.568651 0.923876 -0.5334 2.122236 -0.568651 1.03045 -0.276108 1.03045 -0.276108 2.122236 -0.568651 1.0668 0 1.0668 0 2.122236 -0.568651 2.1971 0 1.0668 0 2.1971 0 1.03045 0.276108 1.03045 0.276108 2.1971 0 2.122236 0.568651 1.03045 0.276108 2.122236 0.568651 0.923876 0.5334 0.923876 0.5334 2.122236 0.568651 1.902744 1.09855 0.923876 0.5334 1.902744 1.09855 0.754342 0.754342 0.754342 0.754342 1.902744 1.09855 1.553584 1.553584 0.754342 0.754342 1.553584 1.553584 0.5334 0.923876 0.5334 0.923876 1.553584 1.553584 1.09855 1.902744 0.5334 0.923876 1.09855 1.902744 0.276108 1.03045 0.276108 1.03045 1.09855 1.902744 0.568651 2.122236 0.276108 1.03045 0.568651 2.122236 0 1.0668 0 1.0668 0.568651 2.122236 0 2.1971 0 1.0668 0 2.1971 -0.568651 2.122236 0 1.0668 -0.568651 2.122236 -0.276108 1.03045 -0.276108 1.03045 -0.568651 2.122236 -1.09855 1.902744 -0.276108 1.03045 -1.09855 1.902744 -0.5334 0.923876 -0.5334 0.923876 -1.09855 1.902744 -1.553584 1.553584 -0.5334 0.923876 -1.553584 1.553584 -0.754342 0.754342 -0.754342 0.754342 -1.553584 1.553584 -1.902744 1.09855 -0.754342 0.754342 -1.902744 1.09855 -0.923876 0.5334 -0.923876 0.5334 -1.902744 1.09855 -2.122236 0.568651 -0.923876 0.5334 -2.122236 0.568651 -1.03045 0.276108 -1.03045 0.276108 -2.122236 0.568651 -2.1971 0 0 -6.327194 -91.44001 -6.327194 0 -6.902393 0 -6.902393 -91.44001 -6.327194 -91.44001 -6.902393 0 6.902393 -91.44001 6.902393 0 6.327194 0 6.327194 -91.44001 6.902393 -91.44001 6.327194 0 6.327194 -91.44001 6.327194 0 5.751994 0 5.751994 -91.44001 6.327194 -91.44001 5.751994 0 5.751994 -91.44001 5.751994 0 5.176795 0 5.176795 -91.44001 5.751994 -91.44001 5.176795 0 5.176795 -91.44001 5.176795 0 4.601595 0 4.601595 -91.44001 5.176795 -91.44001 4.601595 0 4.601595 -91.44001 4.601595 0 4.026396 0 4.026396 -91.44001 4.601595 -91.44001 4.026396 0 4.026396 -91.44001 4.026396 0 3.451197 0 3.451197 -91.44001 4.026396 -91.44001 3.451197 0 3.451197 -91.44001 3.451197 0 2.875997 0 2.875997 -91.44001 3.451197 -91.44001 2.875997 0 2.875997 -91.44001 2.875997 0 2.300798 0 2.300798 -91.44001 2.875997 -91.44001 2.300798 0 2.300798 -91.44001 2.300798 0 1.725598 0 1.725598 -91.44001 2.300798 -91.44001 1.725598 0 1.725598 -91.44001 1.725598 0 1.150399 0 1.150399 -91.44001 1.725598 -91.44001 1.150399 0 1.150399 -91.44001 1.150399 0 0.575199 0 0.575199 -91.44001 1.150399 -91.44001 0.575199 0 0.575199 -91.44001 0.575199 0 0 0 0 -91.44001 0.575199 -91.44001 0 0 0 -91.44001 0 0 -0.575199 0 -0.575199 -91.44001 0 -91.44001 -0.575199 0 -0.575199 -91.44001 -0.575199 0 -1.150399 0 -1.150399 -91.44001 -0.575199 -91.44001 -1.150399 0 -1.150399 -91.44001 -1.150399 0 -1.725598 0 -1.725598 -91.44001 -1.150399 -91.44001 -1.725598 0 -1.725598 -91.44001 -1.725598 0 -2.300798 0 -2.300798 -91.44001 -1.725598 -91.44001 -2.300798 0 -2.300798 -91.44001 -2.300798 0 -2.875997 0 -2.875997 -91.44001 -2.300798 -91.44001 -2.875997 0 -2.875997 -91.44001 -2.875997 0 -3.451197 0 -3.451197 -91.44001 -2.875997 -91.44001 -3.451197 0 -3.451197 -91.44001 -3.451197 0 -4.026396 0 -4.026396 -91.44001 -3.451197 -91.44001 -4.026396 0 -4.026396 -91.44001 -4.026396 0 -4.601595 0 -4.601595 -91.44001 -4.026396 -91.44001 -4.601595 0 -4.601595 -91.44001 -4.601595 0 -5.176795 0 -5.176795 -91.44001 -4.601595 -91.44001 -5.176795 0 -5.176795 -91.44001 -5.176795 0 -5.751994 0 -5.751994 -91.44001 -5.176795 -91.44001 -5.751994 0 -5.751994 -91.44001 -5.751994 0 -6.327194 0 -6.327194 -91.44001 -5.751994 -91.44001 -6.327194 0 3.072163 91.44001 3.072163 0 3.351451 0 3.351451 91.44001 3.072163 91.44001 3.351451 0 -3.351451 91.44001 -3.351451 0 -3.072163 0 -3.072163 91.44001 -3.351451 91.44001 -3.072163 0 -3.072163 91.44001 -3.072163 0 -2.792876 0 -2.792876 91.44001 -3.072163 91.44001 -2.792876 0 -2.792876 91.44001 -2.792876 0 -2.513588 0 -2.513588 91.44001 -2.792876 91.44001 -2.513588 0 -2.513588 91.44001 -2.513588 0 -2.234301 0 -2.234301 91.44001 -2.513588 91.44001 -2.234301 0 -2.234301 91.44001 -2.234301 0 -1.955013 0 -1.955013 91.44001 -2.234301 91.44001 -1.955013 0 -1.955013 91.44001 -1.955013 0 -1.675726 0 -1.675726 91.44001 -1.955013 91.44001 -1.675726 0 -1.675726 91.44001 -1.675726 0 -1.396438 0 -1.396438 91.44001 -1.675726 91.44001 -1.396438 0 -1.396438 91.44001 -1.396438 0 -1.11715 0 -1.11715 91.44001 -1.396438 91.44001 -1.11715 0 -1.11715 91.44001 -1.11715 0 -0.837863 0 -0.837863 91.44001 -1.11715 91.44001 -0.837863 0 -0.837863 91.44001 -0.837863 0 -0.558575 0 -0.558575 91.44001 -0.837863 91.44001 -0.558575 0 -0.558575 91.44001 -0.558575 0 -0.279288 0 -0.279288 91.44001 -0.558575 91.44001 -0.279288 0 -0.279288 91.44001 -0.279288 0 0 0 0 91.44001 -0.279288 91.44001 0 0 0 91.44001 0 0 0.279288 0 0.279288 91.44001 0 91.44001 0.279288 0 0.279288 91.44001 0.279288 0 0.558575 0 0.558575 91.44001 0.279288 91.44001 0.558575 0 0.558575 91.44001 0.558575 0 0.837863 0 0.837863 91.44001 0.558575 91.44001 0.837863 0 0.837863 91.44001 0.837863 0 1.11715 0 1.11715 91.44001 0.837863 91.44001 1.11715 0 1.11715 91.44001 1.11715 0 1.396438 0 1.396438 91.44001 1.11715 91.44001 1.396438 0 1.396438 91.44001 1.396438 0 1.675726 0 1.675726 91.44001 1.396438 91.44001 1.675726 0 1.675726 91.44001 1.675726 0 1.955013 0 1.955013 91.44001 1.675726 91.44001 1.955013 0 1.955013 91.44001 1.955013 0 2.234301 0 2.234301 91.44001 1.955013 91.44001 2.234301 0 2.234301 91.44001 2.234301 0 2.513588 0 2.513588 91.44001 2.234301 91.44001 2.513588 0 2.513588 91.44001 2.513588 0 2.792876 0 2.792876 91.44001 2.513588 91.44001 2.792876 0 2.792876 91.44001 2.792876 0 3.072163 0 3.072163 91.44001 2.792876 91.44001 3.072163 0 -60.96 8.432805 -60.96 0 0 0 0 8.432805 -60.96 8.432805 0 -8.432805 -60.96 0 -60.96 -8.432805 0 -8.432805 0 0 -60.96 0 0 -8.432805 -60.96 0 -60.96 -8.432805 0 -8.432805 0 0 -60.96 0 0 0 -60.96 8.432805 -60.96 0 0 0 0 8.432805 -60.96 8.432805 0 0 -0.4064 60.96 -0.4064 0 0 0 0 60.96 -0.4064 60.96 0 -5.08 -0.4064 0 -0.4064 -5.08 0 -5.08 0 0 -0.4064 0 0 -60.96 -0.4064 0 -0.4064 -60.96 0 -60.96 0 0 -0.4064 0 0 0 -0.4064 5.08 -0.4064 0 0 0 0 5.08 -0.4064 5.08 0 30.48 2.54 -30.48 2.54 30.48 -2.54 30.48 -2.54 -30.48 2.54 -30.48 -2.54 30.48 2.54 -30.48 2.54 30.48 -2.54 30.48 -2.54 -30.48 2.54 -30.48 -2.54 4.2164 -4.2164 4.2164 4.2164 3.81 3.81 3.81 3.81 4.2164 4.2164 -4.2164 4.2164 3.81 3.81 -4.2164 4.2164 -3.81 3.81 -3.81 3.81 -4.2164 4.2164 -4.2164 -4.2164 -3.81 3.81 -4.2164 -4.2164 -3.81 -3.81 -3.81 -3.81 -4.2164 -4.2164 4.2164 -4.2164 -3.81 -3.81 4.2164 -4.2164 3.81 -3.81 3.81 -3.81 4.2164 -4.2164 3.81 3.81 4.2164 -4.2164 4.2164 4.2164 3.81 3.81 3.81 3.81 4.2164 4.2164 -4.2164 4.2164 3.81 3.81 -4.2164 4.2164 -3.81 3.81 -3.81 3.81 -4.2164 4.2164 -4.2164 -4.2164 -3.81 3.81 -4.2164 -4.2164 -3.81 -3.81 -3.81 -3.81 -4.2164 -4.2164 4.2164 -4.2164 -3.81 -3.81 4.2164 -4.2164 3.81 -3.81 3.81 -3.81 4.2164 -4.2164 3.81 3.81 0 -60.96 8.432805 -60.96 0 0 0 0 8.432805 -60.96 8.432805 0 -8.432805 -60.96 0 -60.96 -8.432805 0 -8.432805 0 0 -60.96 0 0 -8.432805 -60.96 0 -60.96 -8.432805 0 -8.432805 0 0 -60.96 0 0 0 -60.96 8.432805 -60.96 0 0 0 0 8.432805 -60.96 8.432805 0 -7.62 -60.96 0 -60.96 -7.62 0 -7.62 0 0 -60.96 0 0 0 -60.96 7.62 -60.96 0 0 0 0 7.62 -60.96 7.62 0 0 -60.96 7.62 -60.96 0 0 0 0 7.62 -60.96 7.62 0 -7.62 -60.96 0 -60.96 -7.62 0 -7.62 0 0 -60.96 0 0 4.2164 -4.2164 4.2164 4.2164 3.81 3.81 3.81 3.81 4.2164 4.2164 -4.2164 4.2164 3.81 3.81 -4.2164 4.2164 -3.81 3.81 -3.81 3.81 -4.2164 4.2164 -4.2164 -4.2164 -3.81 3.81 -4.2164 -4.2164 -3.81 -3.81 -3.81 -3.81 -4.2164 -4.2164 4.2164 -4.2164 -3.81 -3.81 4.2164 -4.2164 3.81 -3.81 3.81 -3.81 4.2164 -4.2164 3.81 3.81 4.2164 -4.2164 4.2164 4.2164 3.81 3.81 3.81 3.81 4.2164 4.2164 -4.2164 4.2164 3.81 3.81 -4.2164 4.2164 -3.81 3.81 -3.81 3.81 -4.2164 4.2164 -4.2164 -4.2164 -3.81 3.81 -4.2164 -4.2164 -3.81 -3.81 -3.81 -3.81 -4.2164 -4.2164 4.2164 -4.2164 -3.81 -3.81 4.2164 -4.2164 3.81 -3.81 3.81 -3.81 4.2164 -4.2164 3.81 3.81 0 -60.96 8.432805 -60.96 0 0 0 0 8.432805 -60.96 8.432805 0 -8.432805 -60.96 0 -60.96 -8.432805 0 -8.432805 0 0 -60.96 0 0 -8.432805 -60.96 0 -60.96 -8.432805 0 -8.432805 0 0 -60.96 0 0 0 -60.96 8.432805 -60.96 0 0 0 0 8.432805 -60.96 8.432805 0 -7.62 -60.96 0 -60.96 -7.62 0 -7.62 0 0 -60.96 0 0 0 -60.96 7.62 -60.96 0 0 0 0 7.62 -60.96 7.62 0 0 -60.96 7.62 -60.96 0 0 0 0 7.62 -60.96 7.62 0 -7.62 -60.96 0 -60.96 -7.62 0 -7.62 0 0 -60.96 0 0 4.2164 -4.2164 4.2164 4.2164 3.81 3.81 3.81 3.81 4.2164 4.2164 -4.2164 4.2164 3.81 3.81 -4.2164 4.2164 -3.81 3.81 -3.81 3.81 -4.2164 4.2164 -4.2164 -4.2164 -3.81 3.81 -4.2164 -4.2164 -3.81 -3.81 -3.81 -3.81 -4.2164 -4.2164 4.2164 -4.2164 -3.81 -3.81 4.2164 -4.2164 3.81 -3.81 3.81 -3.81 4.2164 -4.2164 3.81 3.81 4.2164 -4.2164 4.2164 4.2164 3.81 3.81 3.81 3.81 4.2164 4.2164 -4.2164 4.2164 3.81 3.81 -4.2164 4.2164 -3.81 3.81 -3.81 3.81 -4.2164 4.2164 -4.2164 -4.2164 -3.81 3.81 -4.2164 -4.2164 -3.81 -3.81 -3.81 -3.81 -4.2164 -4.2164 4.2164 -4.2164 -3.81 -3.81 4.2164 -4.2164 3.81 -3.81 3.81 -3.81 4.2164 -4.2164 3.81 3.81 0 -60.96 8.432805 -60.96 0 0 0 0 8.432805 -60.96 8.432805 0 -8.432805 -60.96 0 -60.96 -8.432805 0 -8.432805 0 0 -60.96 0 0 -8.432805 -60.96 0 -60.96 -8.432805 0 -8.432805 0 0 -60.96 0 0 0 -60.96 8.432805 -60.96 0 0 0 0 8.432805 -60.96 8.432805 0 -7.62 -60.96 0 -60.96 -7.62 0 -7.62 0 0 -60.96 0 0 0 -60.96 7.62 -60.96 0 0 0 0 7.62 -60.96 7.62 0 0 -60.96 7.62 -60.96 0 0 0 0 7.62 -60.96 7.62 0 -7.62 -60.96 0 -60.96 -7.62 0 -7.62 0 0 -60.96 0 0 4.2164 -4.2164 4.2164 4.2164 3.81 3.81 3.81 3.81 4.2164 4.2164 -4.2164 4.2164 3.81 3.81 -4.2164 4.2164 -3.81 3.81 -3.81 3.81 -4.2164 4.2164 -4.2164 -4.2164 -3.81 3.81 -4.2164 -4.2164 -3.81 -3.81 -3.81 -3.81 -4.2164 -4.2164 4.2164 -4.2164 -3.81 -3.81 4.2164 -4.2164 3.81 -3.81 3.81 -3.81 4.2164 -4.2164 3.81 3.81</float_array>
          <technique_common>
            <accessor source="#Gate2_v1-mesh-map-0-array" count="13152" stride="2">
              <param name="S" type="float"/>
              <param name="T" type="float"/>
            </accessor>
          </technique_common>
        </source>
        <vertices id="Gate2_v1-mesh-vertices">
          <input semantic="POSITION" source="#Gate2_v1-mesh-positions"/>
        </vertices>
        <triangles material="Steel_-_Satin-material" count="3684">
          <input semantic="VERTEX" source="#Gate2_v1-mesh-vertices" offset="0"/>
          <input semantic="NORMAL" source="#Gate2_v1-mesh-normals" offset="1"/>
          <input semantic="TEXCOORD" source="#Gate2_v1-mesh-map-0" offset="2" set="0"/>
          <p>31 0 0 0 0 1 32 0 2 32 1 3 0 1 4 1 1 5 32 2 6 1 3 7 59 4 8 59 5 9 1 5 10 2 5 11 59 6 12 2 6 13 58 6 14 58 7 15 2 7 16 3 7 17 58 6 18 3 6 19 57 6 20 57 8 21 3 8 22 4 8 23 57 6 24 4 6 25 56 6 26 56 9 27 4 9 28 5 9 29 56 6 30 5 6 31 55 6 32 55 6 33 5 6 34 6 6 35 55 10 36 6 10 37 54 10 38 54 11 39 6 11 40 7 11 41 54 6 42 7 6 43 53 6 44 53 6 45 7 6 46 8 6 47 53 6 48 8 6 49 9 6 50 53 12 51 9 12 52 52 12 53 52 13 54 9 13 55 10 13 56 52 14 57 10 14 58 51 14 59 51 6 60 10 6 61 11 6 62 51 6 63 11 6 64 50 6 65 50 6 66 11 6 67 12 6 68 50 6 69 12 6 70 49 6 71 49 6 72 12 6 73 13 6 74 49 6 75 13 6 76 48 6 77 48 15 78 13 15 79 14 15 80 48 6 81 14 6 82 47 6 83 47 16 84 14 16 85 15 16 86 47 6 87 15 6 88 46 6 89 46 17 90 15 17 91 16 17 92 46 18 93 16 18 94 17 18 95 46 6 96 17 6 97 45 6 98 45 19 99 17 19 100 18 19 101 45 6 102 18 6 103 44 6 104 44 20 105 18 20 106 19 20 107 44 6 108 19 6 109 43 6 110 43 6 111 19 6 112 20 6 113 43 6 114 20 6 115 42 6 116 42 6 117 20 6 118 21 6 119 42 6 120 21 6 121 41 6 122 41 6 123 21 6 124 22 6 125 41 21 126 22 22 127 40 23 128 40 24 129 22 24 130 23 24 131 40 6 132 23 6 133 39 6 134 39 6 135 23 6 136 24 6 137 39 6 138 24 6 139 25 6 140 39 25 141 25 25 142 38 25 143 38 26 144 25 26 145 26 26 146 38 27 147 26 27 148 37 27 149 37 6 150 26 6 151 27 6 152 37 28 153 27 28 154 36 28 155 36 29 156 27 29 157 28 29 158 36 30 159 28 30 160 35 30 161 35 31 162 28 31 163 29 31 164 35 32 165 29 32 166 34 32 167 34 33 168 29 33 169 30 33 170 34 34 171 30 34 172 33 34 173 33 35 174 30 35 175 31 35 176 33 36 177 31 36 178 32 36 179 59 37 180 87 38 181 32 39 182 32 39 183 87 38 184 60 40 185 32 39 186 60 40 187 33 41 188 33 41 189 60 40 190 61 42 191 33 41 192 61 42 193 34 43 194 34 43 195 61 42 196 62 44 197 34 43 198 62 44 199 35 45 200 35 45 201 62 44 202 63 46 203 35 45 204 63 46 205 36 47 206 36 47 207 63 46 208 64 48 209 36 47 210 64 48 211 37 49 212 37 49 213 64 48 214 65 50 215 37 49 216 65 50 217 38 51 218 38 51 219 65 50 220 66 52 221 38 51 222 66 52 223 39 53 224 39 53 225 66 52 226 67 54 227 39 53 228 67 54 229 40 55 230 40 55 231 67 54 232 68 56 233 40 55 234 68 56 235 41 57 236 41 57 237 68 56 238 69 58 239 41 57 240 69 58 241 42 59 242 42 59 243 69 58 244 70 60 245 42 59 246 70 60 247 43 61 248 43 61 249 70 60 250 71 62 251 43 61 252 71 62 253 44 63 254 44 63 255 71 62 256 72 64 257 44 63 258 72 64 259 45 65 260 45 65 261 72 64 262 73 66 263 45 65 264 73 66 265 46 67 266 46 67 267 73 66 268 74 68 269 46 67 270 74 68 271 47 69 272 47 69 273 74 68 274 75 70 275 47 69 276 75 70 277 48 71 278 48 71 279 75 70 280 76 72 281 48 71 282 76 72 283 49 73 284 49 73 285 76 72 286 77 74 287 49 73 288 77 74 289 50 75 290 50 75 291 77 74 292 78 76 293 50 75 294 78 76 295 51 77 296 51 77 297 78 76 298 79 78 299 51 77 300 79 78 301 52 79 302 52 79 303 79 78 304 80 80 305 52 79 306 80 80 307 53 81 308 53 81 309 80 80 310 81 82 311 53 81 312 81 82 313 54 83 314 54 83 315 81 82 316 82 84 317 54 83 318 82 84 319 55 85 320 55 85 321 82 84 322 83 86 323 55 85 324 83 86 325 56 87 326 56 87 327 83 86 328 84 88 329 56 87 330 84 88 331 57 89 332 57 89 333 84 88 334 85 90 335 57 89 336 85 90 337 58 91 338 58 91 339 85 90 340 86 92 341 58 91 342 86 92 343 59 37 344 59 37 345 86 92 346 87 38 347 89 93 348 6 94 349 88 95 350 88 95 351 6 94 352 5 96 353 88 95 354 5 96 355 123 97 356 123 97 357 5 96 358 4 98 359 123 97 360 4 98 361 122 99 362 122 99 363 4 98 364 3 100 365 122 99 366 3 100 367 121 101 368 121 101 369 3 100 370 2 102 371 121 101 372 2 102 373 120 103 374 120 103 375 2 102 376 1 104 377 120 103 378 1 104 379 119 105 380 119 105 381 1 104 382 0 106 383 119 105 384 0 106 385 118 107 386 118 107 387 0 106 388 31 108 389 118 107 390 31 108 391 117 109 392 117 109 393 31 108 394 30 110 395 117 109 396 30 110 397 116 111 398 116 111 399 30 110 400 29 112 401 116 111 402 29 112 403 115 113 404 115 113 405 29 112 406 28 114 407 115 113 408 28 114 409 114 115 410 114 115 411 28 114 412 27 116 413 114 115 414 27 116 415 113 117 416 113 117 417 27 116 418 26 118 419 113 117 420 26 118 421 112 119 422 112 119 423 26 118 424 25 120 425 112 119 426 25 120 427 111 121 428 111 121 429 25 120 430 24 122 431 111 121 432 24 122 433 110 123 434 110 123 435 24 122 436 109 124 437 109 124 438 24 122 439 23 125 440 109 124 441 23 125 442 108 126 443 108 126 444 23 125 445 22 127 446 108 126 447 22 127 448 107 128 449 107 128 450 22 127 451 21 129 452 107 128 453 21 129 454 106 130 455 106 130 456 21 129 457 20 131 458 106 130 459 20 131 460 105 132 461 105 132 462 20 131 463 19 133 464 105 132 465 19 133 466 104 134 467 104 134 468 19 133 469 18 135 470 104 134 471 18 135 472 103 136 473 103 136 474 18 135 475 17 137 476 103 136 477 17 137 478 102 138 479 102 138 480 17 137 481 16 139 482 102 138 483 16 139 484 101 140 485 101 140 486 16 139 487 15 141 488 101 140 489 15 141 490 100 142 491 100 142 492 15 141 493 14 143 494 100 142 495 14 143 496 99 144 497 99 144 498 14 143 499 13 145 500 99 144 501 13 145 502 98 146 503 98 146 504 13 145 505 12 147 506 98 146 507 12 147 508 97 148 509 97 148 510 12 147 511 11 149 512 97 148 513 11 149 514 96 150 515 96 150 516 11 149 517 10 151 518 96 150 519 10 151 520 95 152 521 95 152 522 10 151 523 9 153 524 95 152 525 9 153 526 94 154 527 94 154 528 9 153 529 93 155 530 93 155 531 9 153 532 8 156 533 93 155 534 8 156 535 92 157 536 92 157 537 8 156 538 91 158 539 91 158 540 8 156 541 7 159 542 91 158 543 7 159 544 90 160 545 90 160 546 7 159 547 89 93 548 89 93 549 7 159 550 6 94 551 125 161 552 186 162 553 124 163 554 124 163 555 186 162 556 187 164 557 124 163 558 187 164 559 147 165 560 147 165 561 187 164 562 188 166 563 147 165 564 188 166 565 146 167 566 146 167 567 188 166 568 189 168 569 146 167 570 189 168 571 145 169 572 145 169 573 189 168 574 190 170 575 145 169 576 190 170 577 144 171 578 144 171 579 190 170 580 191 172 581 144 171 582 191 172 583 143 173 584 143 173 585 191 172 586 192 174 587 143 173 588 192 174 589 142 175 590 142 175 591 192 174 592 193 176 593 142 175 594 193 176 595 141 177 596 141 177 597 193 176 598 194 178 599 141 177 600 194 178 601 140 179 602 140 179 603 194 178 604 195 180 605 140 179 606 195 180 607 139 181 608 139 181 609 195 180 610 196 182 611 139 181 612 196 182 613 138 183 614 138 183 615 196 182 616 197 184 617 138 183 618 197 184 619 137 185 620 137 185 621 197 184 622 198 186 623 137 185 624 198 186 625 136 187 626 136 187 627 198 186 628 199 188 629 136 187 630 199 188 631 135 189 632 135 189 633 199 188 634 200 190 635 135 189 636 200 190 637 134 191 638 134 191 639 200 190 640 201 192 641 134 191 642 201 192 643 133 193 644 133 193 645 201 192 646 202 194 647 133 193 648 202 194 649 132 195 650 132 195 651 202 194 652 203 196 653 132 195 654 203 196 655 131 197 656 131 197 657 203 196 658 172 198 659 131 197 660 172 198 661 130 199 662 130 199 663 172 198 664 181 200 665 130 199 666 181 200 667 129 201 668 129 201 669 181 200 670 182 202 671 129 201 672 182 202 673 128 203 674 128 203 675 182 202 676 183 204 677 128 203 678 183 204 679 127 205 680 127 205 681 183 204 682 184 206 683 127 205 684 184 206 685 126 207 686 126 207 687 184 206 688 185 208 689 126 207 690 185 208 691 125 161 692 125 161 693 185 208 694 186 162 695 149 209 696 221 210 697 148 211 698 148 211 699 221 210 700 222 212 701 148 211 702 222 212 703 171 213 704 171 213 705 222 212 706 223 214 707 171 213 708 223 214 709 170 215 710 170 215 711 223 214 712 224 216 713 170 215 714 224 216 715 169 217 716 169 217 717 224 216 718 225 218 719 169 217 720 225 218 721 168 219 722 168 219 723 225 218 724 226 220 725 168 219 726 226 220 727 167 221 728 167 221 729 226 220 730 180 222 731 167 221 732 180 222 733 166 223 734 166 223 735 180 222 736 204 224 737 166 223 738 204 224 739 165 225 740 165 225 741 204 224 742 205 226 743 165 225 744 205 226 745 164 227 746 164 227 747 205 226 748 206 228 749 164 227 750 206 228 751 163 229 752 163 229 753 206 228 754 207 230 755 163 229 756 207 230 757 162 231 758 162 231 759 207 230 760 208 232 761 162 231 762 208 232 763 161 233 764 161 233 765 208 232 766 209 234 767 161 233 768 209 234 769 160 235 770 160 235 771 209 234 772 210 236 773 160 235 774 210 236 775 159 237 776 159 237 777 210 236 778 211 238 779 159 237 780 211 238 781 158 239 782 158 239 783 211 238 784 212 240 785 158 239 786 212 240 787 157 241 788 157 241 789 212 240 790 213 242 791 157 241 792 213 242 793 156 243 794 156 243 795 213 242 796 214 244 797 156 243 798 214 244 799 155 245 800 155 245 801 214 244 802 215 246 803 155 245 804 215 246 805 154 247 806 154 247 807 215 246 808 216 248 809 154 247 810 216 248 811 153 249 812 153 249 813 216 248 814 217 250 815 153 249 816 217 250 817 152 251 818 152 251 819 217 250 820 218 252 821 152 251 822 218 252 823 151 253 824 151 253 825 218 252 826 219 254 827 151 253 828 219 254 829 150 255 830 150 255 831 219 254 832 220 256 833 150 255 834 220 256 835 149 209 836 149 209 837 220 256 838 221 210 839 172 198 840 173 257 841 227 258 842 227 258 843 173 257 844 250 259 845 227 258 846 250 259 847 251 260 848 251 260 849 250 259 850 274 261 851 251 260 852 274 261 853 275 262 854 275 262 855 274 261 856 298 263 857 275 262 858 298 263 859 299 264 860 299 264 861 298 263 862 322 265 863 299 264 864 322 265 865 323 266 866 323 266 867 322 265 868 346 267 869 323 266 870 346 267 871 347 268 872 347 268 873 346 267 874 370 269 875 347 268 876 370 269 877 371 270 878 371 270 879 370 269 880 220 256 881 371 270 882 220 256 883 219 254 884 173 257 885 174 271 886 250 259 887 250 259 888 174 271 889 273 272 890 250 259 891 273 272 892 274 261 893 274 261 894 273 272 895 297 273 896 274 261 897 297 273 898 298 263 899 298 263 900 297 273 901 321 274 902 298 263 903 321 274 904 322 265 905 322 265 906 321 274 907 345 275 908 322 265 909 345 275 910 346 267 911 346 267 912 345 275 913 369 276 914 346 267 915 369 276 916 370 269 917 370 269 918 369 276 919 221 210 920 370 269 921 221 210 922 220 256 923 172 198 924 203 196 925 173 257 926 173 257 927 203 196 928 249 277 929 173 257 930 249 277 931 174 271 932 174 271 933 249 277 934 272 278 935 174 271 936 272 278 937 175 279 938 175 279 939 272 278 940 295 280 941 175 279 942 295 280 943 176 281 944 176 281 945 295 280 946 318 282 947 176 281 948 318 282 949 177 283 950 177 283 951 318 282 952 341 284 953 177 283 954 341 284 955 178 285 956 178 285 957 341 284 958 364 286 959 178 285 960 364 286 961 179 287 962 179 287 963 364 286 964 387 288 965 179 287 966 387 288 967 180 222 968 180 222 969 387 288 970 204 224 971 174 271 972 175 279 973 273 272 974 273 272 975 175 279 976 296 289 977 273 272 978 296 289 979 297 273 980 297 273 981 296 289 982 320 290 983 297 273 984 320 290 985 321 274 986 321 274 987 320 290 988 344 291 989 321 274 990 344 291 991 345 275 992 345 275 993 344 291 994 368 292 995 345 275 996 368 292 997 369 276 998 369 276 999 368 292 1000 222 212 1001 369 276 1002 222 212 1003 221 210 1004 175 279 1005 176 281 1006 296 289 1007 296 289 1008 176 281 1009 319 293 1010 296 289 1011 319 293 1012 320 290 1013 320 290 1014 319 293 1015 343 294 1016 320 290 1017 343 294 1018 344 291 1019 344 291 1020 343 294 1021 367 295 1022 344 291 1023 367 295 1024 368 292 1025 368 292 1026 367 295 1027 223 214 1028 368 292 1029 223 214 1030 222 212 1031 176 281 1032 177 283 1033 319 293 1034 319 293 1035 177 283 1036 342 296 1037 319 293 1038 342 296 1039 343 294 1040 343 294 1041 342 296 1042 366 297 1043 343 294 1044 366 297 1045 367 295 1046 367 295 1047 366 297 1048 224 216 1049 367 295 1050 224 216 1051 223 214 1052 177 283 1053 178 285 1054 342 296 1055 342 296 1056 178 285 1057 365 298 1058 342 296 1059 365 298 1060 366 297 1061 366 297 1062 365 298 1063 225 218 1064 366 297 1065 225 218 1066 224 216 1067 178 285 1068 179 287 1069 365 298 1070 365 298 1071 179 287 1072 226 220 1073 365 298 1074 226 220 1075 225 218 1076 179 287 1077 180 222 1078 226 220 1079 181 200 1080 172 198 1081 227 258 1082 182 202 1083 181 200 1084 228 299 1085 228 299 1086 181 200 1087 227 258 1088 228 299 1089 227 258 1090 251 260 1091 183 204 1092 182 202 1093 229 300 1094 229 300 1095 182 202 1096 228 299 1097 229 300 1098 228 299 1099 252 301 1100 252 301 1101 228 299 1102 251 260 1103 252 301 1104 251 260 1105 275 262 1106 184 206 1107 183 204 1108 230 302 1109 230 302 1110 183 204 1111 229 300 1112 230 302 1113 229 300 1114 253 303 1115 253 303 1116 229 300 1117 252 301 1118 253 303 1119 252 301 1120 276 304 1121 276 304 1122 252 301 1123 275 262 1124 276 304 1125 275 262 1126 299 264 1127 185 208 1128 184 206 1129 231 305 1130 231 305 1131 184 206 1132 230 302 1133 231 305 1134 230 302 1135 254 306 1136 254 306 1137 230 302 1138 253 303 1139 254 306 1140 253 303 1141 277 307 1142 277 307 1143 253 303 1144 276 304 1145 277 307 1146 276 304 1147 300 308 1148 300 308 1149 276 304 1150 299 264 1151 300 308 1152 299 264 1153 323 266 1154 186 162 1155 185 208 1156 232 309 1157 232 309 1158 185 208 1159 231 305 1160 232 309 1161 231 305 1162 255 310 1163 255 310 1164 231 305 1165 254 306 1166 255 310 1167 254 306 1168 278 311 1169 278 311 1170 254 306 1171 277 307 1172 278 311 1173 277 307 1174 301 312 1175 301 312 1176 277 307 1177 300 308 1178 301 312 1179 300 308 1180 324 313 1181 324 313 1182 300 308 1183 323 266 1184 324 313 1185 323 266 1186 347 268 1187 187 164 1188 186 162 1189 233 314 1190 233 314 1191 186 162 1192 232 309 1193 233 314 1194 232 309 1195 256 315 1196 256 315 1197 232 309 1198 255 310 1199 256 315 1200 255 310 1201 279 316 1202 279 316 1203 255 310 1204 278 311 1205 279 316 1206 278 311 1207 302 317 1208 302 317 1209 278 311 1210 301 312 1211 302 317 1212 301 312 1213 325 318 1214 325 318 1215 301 312 1216 324 313 1217 325 318 1218 324 313 1219 348 319 1220 348 319 1221 324 313 1222 347 268 1223 348 319 1224 347 268 1225 371 270 1226 188 166 1227 187 164 1228 234 320 1229 234 320 1230 187 164 1231 233 314 1232 234 320 1233 233 314 1234 257 321 1235 257 321 1236 233 314 1237 256 315 1238 257 321 1239 256 315 1240 280 322 1241 280 322 1242 256 315 1243 279 316 1244 280 322 1245 279 316 1246 303 323 1247 303 323 1248 279 316 1249 302 317 1250 303 323 1251 302 317 1252 326 324 1253 326 324 1254 302 317 1255 325 318 1256 326 324 1257 325 318 1258 349 325 1259 349 325 1260 325 318 1261 348 319 1262 349 325 1263 348 319 1264 372 326 1265 372 326 1266 348 319 1267 371 270 1268 372 326 1269 371 270 1270 219 254 1271 189 168 1272 188 166 1273 235 327 1274 235 327 1275 188 166 1276 234 320 1277 235 327 1278 234 320 1279 258 328 1280 258 328 1281 234 320 1282 257 321 1283 258 328 1284 257 321 1285 281 329 1286 281 329 1287 257 321 1288 280 322 1289 281 329 1290 280 322 1291 304 330 1292 304 330 1293 280 322 1294 303 323 1295 304 330 1296 303 323 1297 327 331 1298 327 331 1299 303 323 1300 326 324 1301 327 331 1302 326 324 1303 350 332 1304 350 332 1305 326 324 1306 349 325 1307 350 332 1308 349 325 1309 373 333 1310 373 333 1311 349 325 1312 372 326 1313 373 333 1314 372 326 1315 218 252 1316 218 252 1317 372 326 1318 219 254 1319 190 170 1320 189 168 1321 236 334 1322 236 334 1323 189 168 1324 235 327 1325 236 334 1326 235 327 1327 259 335 1328 259 335 1329 235 327 1330 258 328 1331 259 335 1332 258 328 1333 282 336 1334 282 336 1335 258 328 1336 281 329 1337 282 336 1338 281 329 1339 305 337 1340 305 337 1341 281 329 1342 304 330 1343 305 337 1344 304 330 1345 328 338 1346 328 338 1347 304 330 1348 327 331 1349 328 338 1350 327 331 1351 351 339 1352 351 339 1353 327 331 1354 350 332 1355 351 339 1356 350 332 1357 374 340 1358 374 340 1359 350 332 1360 373 333 1361 374 340 1362 373 333 1363 217 250 1364 217 250 1365 373 333 1366 218 252 1367 191 172 1368 190 170 1369 237 341 1370 237 341 1371 190 170 1372 236 334 1373 237 341 1374 236 334 1375 260 342 1376 260 342 1377 236 334 1378 259 335 1379 260 342 1380 259 335 1381 283 343 1382 283 343 1383 259 335 1384 282 336 1385 283 343 1386 282 336 1387 306 344 1388 306 344 1389 282 336 1390 305 337 1391 306 344 1392 305 337 1393 329 345 1394 329 345 1395 305 337 1396 328 338 1397 329 345 1398 328 338 1399 352 346 1400 352 346 1401 328 338 1402 351 339 1403 352 346 1404 351 339 1405 375 347 1406 375 347 1407 351 339 1408 374 340 1409 375 347 1410 374 340 1411 216 248 1412 216 248 1413 374 340 1414 217 250 1415 192 174 1416 191 172 1417 238 348 1418 238 348 1419 191 172 1420 237 341 1421 238 348 1422 237 341 1423 261 349 1424 261 349 1425 237 341 1426 260 342 1427 261 349 1428 260 342 1429 284 350 1430 284 350 1431 260 342 1432 283 343 1433 284 350 1434 283 343 1435 307 351 1436 307 351 1437 283 343 1438 306 344 1439 307 351 1440 306 344 1441 330 352 1442 330 352 1443 306 344 1444 329 345 1445 330 352 1446 329 345 1447 353 353 1448 353 353 1449 329 345 1450 352 346 1451 353 353 1452 352 346 1453 376 354 1454 376 354 1455 352 346 1456 375 347 1457 376 354 1458 375 347 1459 215 246 1460 215 246 1461 375 347 1462 216 248 1463 193 176 1464 192 174 1465 239 355 1466 239 355 1467 192 174 1468 238 348 1469 239 355 1470 238 348 1471 262 356 1472 262 356 1473 238 348 1474 261 349 1475 262 356 1476 261 349 1477 285 357 1478 285 357 1479 261 349 1480 284 350 1481 285 357 1482 284 350 1483 308 358 1484 308 358 1485 284 350 1486 307 351 1487 308 358 1488 307 351 1489 331 359 1490 331 359 1491 307 351 1492 330 352 1493 331 359 1494 330 352 1495 354 360 1496 354 360 1497 330 352 1498 353 353 1499 354 360 1500 353 353 1501 377 361 1502 377 361 1503 353 353 1504 376 354 1505 377 361 1506 376 354 1507 214 244 1508 214 244 1509 376 354 1510 215 246 1511 194 178 1512 193 176 1513 240 362 1514 240 362 1515 193 176 1516 239 355 1517 240 362 1518 239 355 1519 263 363 1520 263 363 1521 239 355 1522 262 356 1523 263 363 1524 262 356 1525 286 364 1526 286 364 1527 262 356 1528 285 357 1529 286 364 1530 285 357 1531 309 365 1532 309 365 1533 285 357 1534 308 358 1535 309 365 1536 308 358 1537 332 366 1538 332 366 1539 308 358 1540 331 359 1541 332 366 1542 331 359 1543 355 367 1544 355 367 1545 331 359 1546 354 360 1547 355 367 1548 354 360 1549 378 368 1550 378 368 1551 354 360 1552 377 361 1553 378 368 1554 377 361 1555 213 242 1556 213 242 1557 377 361 1558 214 244 1559 195 180 1560 194 178 1561 241 369 1562 241 369 1563 194 178 1564 240 362 1565 241 369 1566 240 362 1567 264 370 1568 264 370 1569 240 362 1570 263 363 1571 264 370 1572 263 363 1573 287 371 1574 287 371 1575 263 363 1576 286 364 1577 287 371 1578 286 364 1579 310 372 1580 310 372 1581 286 364 1582 309 365 1583 310 372 1584 309 365 1585 333 373 1586 333 373 1587 309 365 1588 332 366 1589 333 373 1590 332 366 1591 356 374 1592 356 374 1593 332 366 1594 355 367 1595 356 374 1596 355 367 1597 379 375 1598 379 375 1599 355 367 1600 378 368 1601 379 375 1602 378 368 1603 212 240 1604 212 240 1605 378 368 1606 213 242 1607 196 182 1608 195 180 1609 242 376 1610 242 376 1611 195 180 1612 241 369 1613 242 376 1614 241 369 1615 265 377 1616 265 377 1617 241 369 1618 264 370 1619 265 377 1620 264 370 1621 288 378 1622 288 378 1623 264 370 1624 287 371 1625 288 378 1626 287 371 1627 311 379 1628 311 379 1629 287 371 1630 310 372 1631 311 379 1632 310 372 1633 334 380 1634 334 380 1635 310 372 1636 333 373 1637 334 380 1638 333 373 1639 357 381 1640 357 381 1641 333 373 1642 356 374 1643 357 381 1644 356 374 1645 380 382 1646 380 382 1647 356 374 1648 379 375 1649 380 382 1650 379 375 1651 211 238 1652 211 238 1653 379 375 1654 212 240 1655 197 184 1656 196 182 1657 243 383 1658 243 383 1659 196 182 1660 242 376 1661 243 383 1662 242 376 1663 266 384 1664 266 384 1665 242 376 1666 265 377 1667 266 384 1668 265 377 1669 289 385 1670 289 385 1671 265 377 1672 288 378 1673 289 385 1674 288 378 1675 312 386 1676 312 386 1677 288 378 1678 311 379 1679 312 386 1680 311 379 1681 335 387 1682 335 387 1683 311 379 1684 334 380 1685 335 387 1686 334 380 1687 358 388 1688 358 388 1689 334 380 1690 357 381 1691 358 388 1692 357 381 1693 381 389 1694 381 389 1695 357 381 1696 380 382 1697 381 389 1698 380 382 1699 210 236 1700 210 236 1701 380 382 1702 211 238 1703 198 186 1704 197 184 1705 244 390 1706 244 390 1707 197 184 1708 243 383 1709 244 390 1710 243 383 1711 267 391 1712 267 391 1713 243 383 1714 266 384 1715 267 391 1716 266 384 1717 290 392 1718 290 392 1719 266 384 1720 289 385 1721 290 392 1722 289 385 1723 313 393 1724 313 393 1725 289 385 1726 312 386 1727 313 393 1728 312 386 1729 336 394 1730 336 394 1731 312 386 1732 335 387 1733 336 394 1734 335 387 1735 359 395 1736 359 395 1737 335 387 1738 358 388 1739 359 395 1740 358 388 1741 382 396 1742 382 396 1743 358 388 1744 381 389 1745 382 396 1746 381 389 1747 209 234 1748 209 234 1749 381 389 1750 210 236 1751 199 188 1752 198 186 1753 245 397 1754 245 397 1755 198 186 1756 244 390 1757 245 397 1758 244 390 1759 268 398 1760 268 398 1761 244 390 1762 267 391 1763 268 398 1764 267 391 1765 291 399 1766 291 399 1767 267 391 1768 290 392 1769 291 399 1770 290 392 1771 314 400 1772 314 400 1773 290 392 1774 313 393 1775 314 400 1776 313 393 1777 337 401 1778 337 401 1779 313 393 1780 336 394 1781 337 401 1782 336 394 1783 360 402 1784 360 402 1785 336 394 1786 359 395 1787 360 402 1788 359 395 1789 383 403 1790 383 403 1791 359 395 1792 382 396 1793 383 403 1794 382 396 1795 208 232 1796 208 232 1797 382 396 1798 209 234 1799 200 190 1800 199 188 1801 246 404 1802 246 404 1803 199 188 1804 245 397 1805 246 404 1806 245 397 1807 269 405 1808 269 405 1809 245 397 1810 268 398 1811 269 405 1812 268 398 1813 292 406 1814 292 406 1815 268 398 1816 291 399 1817 292 406 1818 291 399 1819 315 407 1820 315 407 1821 291 399 1822 314 400 1823 315 407 1824 314 400 1825 338 408 1826 338 408 1827 314 400 1828 337 401 1829 338 408 1830 337 401 1831 361 409 1832 361 409 1833 337 401 1834 360 402 1835 361 409 1836 360 402 1837 384 410 1838 384 410 1839 360 402 1840 383 403 1841 384 410 1842 383 403 1843 207 230 1844 207 230 1845 383 403 1846 208 232 1847 201 192 1848 200 190 1849 247 411 1850 247 411 1851 200 190 1852 246 404 1853 247 411 1854 246 404 1855 270 412 1856 270 412 1857 246 404 1858 269 405 1859 270 412 1860 269 405 1861 293 413 1862 293 413 1863 269 405 1864 292 406 1865 293 413 1866 292 406 1867 316 414 1868 316 414 1869 292 406 1870 315 407 1871 316 414 1872 315 407 1873 339 415 1874 339 415 1875 315 407 1876 338 408 1877 339 415 1878 338 408 1879 362 416 1880 362 416 1881 338 408 1882 361 409 1883 362 416 1884 361 409 1885 385 417 1886 385 417 1887 361 409 1888 384 410 1889 385 417 1890 384 410 1891 206 228 1892 206 228 1893 384 410 1894 207 230 1895 249 277 1896 203 196 1897 202 194 1898 202 194 1899 201 192 1900 248 418 1901 248 418 1902 201 192 1903 247 411 1904 248 418 1905 247 411 1906 271 419 1907 271 419 1908 247 411 1909 270 412 1910 271 419 1911 270 412 1912 294 420 1913 294 420 1914 270 412 1915 293 413 1916 294 420 1917 293 413 1918 317 421 1919 317 421 1920 293 413 1921 316 414 1922 317 421 1923 316 414 1924 340 422 1925 340 422 1926 316 414 1927 339 415 1928 340 422 1929 339 415 1930 363 423 1931 363 423 1932 339 415 1933 362 416 1934 363 423 1935 362 416 1936 386 424 1937 386 424 1938 362 416 1939 385 417 1940 386 424 1941 385 417 1942 205 226 1943 205 226 1944 385 417 1945 206 228 1946 386 424 1947 205 226 1948 204 224 1949 386 424 1950 204 224 1951 387 288 1952 272 278 1953 249 277 1954 248 418 1955 248 418 1956 249 277 1957 202 194 1958 272 278 1959 248 418 1960 271 419 1961 295 280 1962 272 278 1963 271 419 1964 295 280 1965 271 419 1966 294 420 1967 318 282 1968 295 280 1969 294 420 1970 318 282 1971 294 420 1972 317 421 1973 341 284 1974 318 282 1975 317 421 1976 341 284 1977 317 421 1978 340 422 1979 364 286 1980 341 284 1981 340 422 1982 364 286 1983 340 422 1984 363 423 1985 387 288 1986 364 286 1987 363 423 1988 387 288 1989 363 423 1990 386 424 1991 96 425 1992 388 426 1993 441 427 1994 441 427 1995 388 426 1996 389 428 1997 441 427 1998 389 428 1999 440 429 2000 440 429 2001 389 428 2002 390 430 2003 440 429 2004 390 430 2005 439 431 2006 439 431 2007 390 430 2008 391 432 2009 439 431 2010 391 432 2011 438 433 2012 438 433 2013 391 432 2014 392 434 2015 438 433 2016 392 434 2017 437 435 2018 437 435 2019 392 434 2020 393 436 2021 437 435 2022 393 436 2023 436 437 2024 436 437 2025 393 436 2026 394 438 2027 436 437 2028 394 438 2029 435 439 2030 435 439 2031 394 438 2032 395 440 2033 435 439 2034 395 440 2035 434 441 2036 434 441 2037 395 440 2038 396 442 2039 434 441 2040 396 442 2041 433 443 2042 433 443 2043 396 442 2044 397 444 2045 433 443 2046 397 444 2047 432 445 2048 432 445 2049 397 444 2050 398 446 2051 432 445 2052 398 446 2053 431 447 2054 431 447 2055 398 446 2056 399 448 2057 431 447 2058 399 448 2059 430 449 2060 430 449 2061 399 448 2062 400 450 2063 430 449 2064 400 450 2065 429 451 2066 429 451 2067 400 450 2068 401 452 2069 429 451 2070 401 452 2071 428 453 2072 428 453 2073 401 452 2074 402 454 2075 428 453 2076 402 454 2077 427 455 2078 427 455 2079 402 454 2080 403 456 2081 427 455 2082 403 456 2083 426 457 2084 426 457 2085 403 456 2086 404 458 2087 426 457 2088 404 458 2089 425 459 2090 425 459 2091 404 458 2092 405 460 2093 425 459 2094 405 460 2095 424 461 2096 424 461 2097 405 460 2098 406 462 2099 424 461 2100 406 462 2101 423 463 2102 423 463 2103 406 462 2104 407 464 2105 423 463 2106 407 464 2107 422 465 2108 422 465 2109 407 464 2110 408 466 2111 422 465 2112 408 466 2113 421 467 2114 421 467 2115 408 466 2116 409 468 2117 421 467 2118 409 468 2119 420 469 2120 420 469 2121 409 468 2122 410 470 2123 420 469 2124 410 470 2125 419 471 2126 419 471 2127 410 470 2128 411 472 2129 419 471 2130 411 472 2131 418 473 2132 418 473 2133 411 472 2134 412 474 2135 418 473 2136 412 474 2137 417 475 2138 417 475 2139 412 474 2140 413 476 2141 417 475 2142 413 476 2143 416 477 2144 416 477 2145 413 476 2146 414 478 2147 416 477 2148 414 478 2149 415 479 2150 415 479 2151 414 478 2152 88 480 2153 88 481 2154 123 97 2155 468 482 2156 468 482 2157 123 97 2158 122 99 2159 468 482 2160 122 99 2161 467 483 2162 467 483 2163 122 99 2164 121 101 2165 467 483 2166 121 101 2167 466 484 2168 466 484 2169 121 101 2170 120 103 2171 466 484 2172 120 103 2173 465 485 2174 465 485 2175 120 103 2176 119 105 2177 465 485 2178 119 105 2179 464 486 2180 464 486 2181 119 105 2182 118 107 2183 464 486 2184 118 107 2185 463 487 2186 463 487 2187 118 107 2188 117 109 2189 463 487 2190 117 109 2191 462 488 2192 462 488 2193 117 109 2194 116 111 2195 462 488 2196 116 111 2197 461 489 2198 461 489 2199 116 111 2200 115 113 2201 461 489 2202 115 113 2203 460 490 2204 460 490 2205 115 113 2206 114 115 2207 460 490 2208 114 115 2209 459 491 2210 459 491 2211 114 115 2212 113 117 2213 459 491 2214 113 117 2215 458 492 2216 458 492 2217 113 117 2218 112 119 2219 458 492 2220 112 119 2221 457 493 2222 457 493 2223 112 119 2224 111 121 2225 457 493 2226 111 121 2227 456 494 2228 456 494 2229 111 121 2230 110 123 2231 456 494 2232 110 123 2233 455 495 2234 455 495 2235 110 123 2236 109 124 2237 455 495 2238 109 124 2239 454 496 2240 454 496 2241 109 124 2242 108 126 2243 454 496 2244 108 126 2245 453 497 2246 453 497 2247 108 126 2248 107 128 2249 453 497 2250 107 128 2251 452 498 2252 452 498 2253 107 128 2254 106 130 2255 452 498 2256 106 130 2257 451 499 2258 451 499 2259 106 130 2260 105 132 2261 451 499 2262 105 132 2263 450 500 2264 450 500 2265 105 132 2266 104 134 2267 450 500 2268 104 134 2269 449 501 2270 449 501 2271 104 134 2272 103 136 2273 449 501 2274 103 136 2275 448 502 2276 448 502 2277 103 136 2278 102 138 2279 448 502 2280 102 138 2281 447 503 2282 447 503 2283 102 138 2284 101 140 2285 447 503 2286 101 140 2287 446 504 2288 446 504 2289 101 140 2290 100 142 2291 446 504 2292 100 142 2293 445 505 2294 445 505 2295 100 142 2296 99 144 2297 445 505 2298 99 144 2299 444 506 2300 444 506 2301 99 144 2302 98 146 2303 444 506 2304 98 146 2305 443 507 2306 443 507 2307 98 146 2308 97 148 2309 443 507 2310 97 148 2311 442 508 2312 442 508 2313 97 148 2314 96 150 2315 415 479 2316 88 509 2317 469 510 2318 469 510 2319 88 511 2320 496 512 2321 496 512 2322 88 513 2323 523 514 2324 523 514 2325 88 515 2326 550 516 2327 550 516 2328 88 517 2329 577 518 2330 577 518 2331 88 519 2332 604 520 2333 604 520 2334 88 521 2335 631 522 2336 631 522 2337 88 523 2338 658 524 2339 658 524 2340 88 525 2341 468 482 2342 442 508 2343 96 526 2344 684 527 2345 684 527 2346 96 528 2347 657 529 2348 657 529 2349 96 530 2350 630 531 2351 630 531 2352 96 532 2353 603 533 2354 603 533 2355 96 534 2356 576 535 2357 576 535 2358 96 536 2359 549 537 2360 549 537 2361 96 538 2362 522 539 2363 522 539 2364 96 540 2365 495 541 2366 495 541 2367 96 542 2368 441 427 2369 416 477 2370 415 479 2371 470 543 2372 470 543 2373 415 479 2374 469 510 2375 470 543 2376 469 510 2377 497 544 2378 497 544 2379 469 510 2380 496 512 2381 497 544 2382 496 512 2383 524 545 2384 524 545 2385 496 512 2386 523 514 2387 524 545 2388 523 514 2389 551 546 2390 551 546 2391 523 514 2392 550 516 2393 551 546 2394 550 516 2395 578 547 2396 578 547 2397 550 516 2398 577 518 2399 578 547 2400 577 518 2401 605 548 2402 605 548 2403 577 518 2404 604 520 2405 605 548 2406 604 520 2407 632 549 2408 632 549 2409 604 520 2410 631 522 2411 632 549 2412 631 522 2413 659 550 2414 659 550 2415 631 522 2416 658 524 2417 659 550 2418 658 524 2419 467 483 2420 467 483 2421 658 524 2422 468 482 2423 417 475 2424 416 477 2425 471 551 2426 471 551 2427 416 477 2428 470 543 2429 471 551 2430 470 543 2431 498 552 2432 498 552 2433 470 543 2434 497 544 2435 498 552 2436 497 544 2437 525 553 2438 525 553 2439 497 544 2440 524 545 2441 525 553 2442 524 545 2443 552 554 2444 552 554 2445 524 545 2446 551 546 2447 552 554 2448 551 546 2449 579 555 2450 579 555 2451 551 546 2452 578 547 2453 579 555 2454 578 547 2455 606 556 2456 606 556 2457 578 547 2458 605 548 2459 606 556 2460 605 548 2461 633 557 2462 633 557 2463 605 548 2464 632 549 2465 633 557 2466 632 549 2467 660 558 2468 660 558 2469 632 549 2470 659 550 2471 660 558 2472 659 550 2473 466 484 2474 466 484 2475 659 550 2476 467 483 2477 418 473 2478 417 475 2479 472 559 2480 472 559 2481 417 475 2482 471 551 2483 472 559 2484 471 551 2485 499 560 2486 499 560 2487 471 551 2488 498 552 2489 499 560 2490 498 552 2491 526 561 2492 526 561 2493 498 552 2494 525 553 2495 526 561 2496 525 553 2497 553 562 2498 553 562 2499 525 553 2500 552 554 2501 553 562 2502 552 554 2503 580 563 2504 580 563 2505 552 554 2506 579 555 2507 580 563 2508 579 555 2509 607 564 2510 607 564 2511 579 555 2512 606 556 2513 607 564 2514 606 556 2515 634 565 2516 634 565 2517 606 556 2518 633 557 2519 634 565 2520 633 557 2521 661 566 2522 661 566 2523 633 557 2524 660 558 2525 661 566 2526 660 558 2527 465 485 2528 465 485 2529 660 558 2530 466 484 2531 419 471 2532 418 473 2533 473 567 2534 473 567 2535 418 473 2536 472 559 2537 473 567 2538 472 559 2539 500 568 2540 500 568 2541 472 559 2542 499 560 2543 500 568 2544 499 560 2545 527 569 2546 527 569 2547 499 560 2548 526 561 2549 527 569 2550 526 561 2551 554 570 2552 554 570 2553 526 561 2554 553 562 2555 554 570 2556 553 562 2557 581 571 2558 581 571 2559 553 562 2560 580 563 2561 581 571 2562 580 563 2563 608 572 2564 608 572 2565 580 563 2566 607 564 2567 608 572 2568 607 564 2569 635 573 2570 635 573 2571 607 564 2572 634 565 2573 635 573 2574 634 565 2575 662 574 2576 662 574 2577 634 565 2578 661 566 2579 662 574 2580 661 566 2581 464 486 2582 464 486 2583 661 566 2584 465 485 2585 420 469 2586 419 471 2587 474 575 2588 474 575 2589 419 471 2590 473 567 2591 474 575 2592 473 567 2593 501 576 2594 501 576 2595 473 567 2596 500 568 2597 501 576 2598 500 568 2599 528 577 2600 528 577 2601 500 568 2602 527 569 2603 528 577 2604 527 569 2605 555 578 2606 555 578 2607 527 569 2608 554 570 2609 555 578 2610 554 570 2611 582 579 2612 582 579 2613 554 570 2614 581 571 2615 582 579 2616 581 571 2617 609 580 2618 609 580 2619 581 571 2620 608 572 2621 609 580 2622 608 572 2623 636 581 2624 636 581 2625 608 572 2626 635 573 2627 636 581 2628 635 573 2629 663 582 2630 663 582 2631 635 573 2632 662 574 2633 663 582 2634 662 574 2635 463 487 2636 463 487 2637 662 574 2638 464 486 2639 421 467 2640 420 469 2641 475 583 2642 475 583 2643 420 469 2644 474 575 2645 475 583 2646 474 575 2647 502 584 2648 502 584 2649 474 575 2650 501 576 2651 502 584 2652 501 576 2653 529 585 2654 529 585 2655 501 576 2656 528 577 2657 529 585 2658 528 577 2659 556 586 2660 556 586 2661 528 577 2662 555 578 2663 556 586 2664 555 578 2665 583 587 2666 583 587 2667 555 578 2668 582 579 2669 583 587 2670 582 579 2671 610 588 2672 610 588 2673 582 579 2674 609 580 2675 610 588 2676 609 580 2677 637 589 2678 637 589 2679 609 580 2680 636 581 2681 637 589 2682 636 581 2683 664 590 2684 664 590 2685 636 581 2686 663 582 2687 664 590 2688 663 582 2689 462 488 2690 462 488 2691 663 582 2692 463 487 2693 422 465 2694 421 467 2695 476 591 2696 476 591 2697 421 467 2698 475 583 2699 476 591 2700 475 583 2701 503 592 2702 503 592 2703 475 583 2704 502 584 2705 503 592 2706 502 584 2707 530 593 2708 530 593 2709 502 584 2710 529 585 2711 530 593 2712 529 585 2713 557 594 2714 557 594 2715 529 585 2716 556 586 2717 557 594 2718 556 586 2719 584 595 2720 584 595 2721 556 586 2722 583 587 2723 584 595 2724 583 587 2725 611 596 2726 611 596 2727 583 587 2728 610 588 2729 611 596 2730 610 588 2731 638 597 2732 638 597 2733 610 588 2734 637 589 2735 638 597 2736 637 589 2737 665 598 2738 665 598 2739 637 589 2740 664 590 2741 665 598 2742 664 590 2743 461 489 2744 461 489 2745 664 590 2746 462 488 2747 423 463 2748 422 465 2749 477 599 2750 477 599 2751 422 465 2752 476 591 2753 477 599 2754 476 591 2755 504 600 2756 504 600 2757 476 591 2758 503 592 2759 504 600 2760 503 592 2761 531 601 2762 531 601 2763 503 592 2764 530 593 2765 531 601 2766 530 593 2767 558 602 2768 558 602 2769 530 593 2770 557 594 2771 558 602 2772 557 594 2773 585 603 2774 585 603 2775 557 594 2776 584 595 2777 585 603 2778 584 595 2779 612 604 2780 612 604 2781 584 595 2782 611 596 2783 612 604 2784 611 596 2785 639 605 2786 639 605 2787 611 596 2788 638 597 2789 639 605 2790 638 597 2791 666 606 2792 666 606 2793 638 597 2794 665 598 2795 666 606 2796 665 598 2797 460 490 2798 460 490 2799 665 598 2800 461 489 2801 424 461 2802 423 463 2803 478 607 2804 478 607 2805 423 463 2806 477 599 2807 478 607 2808 477 599 2809 505 608 2810 505 608 2811 477 599 2812 504 600 2813 505 608 2814 504 600 2815 532 609 2816 532 609 2817 504 600 2818 531 601 2819 532 609 2820 531 601 2821 559 610 2822 559 610 2823 531 601 2824 558 602 2825 559 610 2826 558 602 2827 586 611 2828 586 611 2829 558 602 2830 585 603 2831 586 611 2832 585 603 2833 613 612 2834 613 612 2835 585 603 2836 612 604 2837 613 612 2838 612 604 2839 640 613 2840 640 613 2841 612 604 2842 639 605 2843 640 613 2844 639 605 2845 667 614 2846 667 614 2847 639 605 2848 666 606 2849 667 614 2850 666 606 2851 459 491 2852 459 491 2853 666 606 2854 460 490 2855 425 459 2856 424 461 2857 479 615 2858 479 615 2859 424 461 2860 478 607 2861 479 615 2862 478 607 2863 506 616 2864 506 616 2865 478 607 2866 505 608 2867 506 616 2868 505 608 2869 533 617 2870 533 617 2871 505 608 2872 532 609 2873 533 617 2874 532 609 2875 560 618 2876 560 618 2877 532 609 2878 559 610 2879 560 618 2880 559 610 2881 587 619 2882 587 619 2883 559 610 2884 586 611 2885 587 619 2886 586 611 2887 614 620 2888 614 620 2889 586 611 2890 613 612 2891 614 620 2892 613 612 2893 641 621 2894 641 621 2895 613 612 2896 640 613 2897 641 621 2898 640 613 2899 668 622 2900 668 622 2901 640 613 2902 667 614 2903 668 622 2904 667 614 2905 458 492 2906 458 492 2907 667 614 2908 459 491 2909 426 457 2910 425 459 2911 480 623 2912 480 623 2913 425 459 2914 479 615 2915 480 623 2916 479 615 2917 507 624 2918 507 624 2919 479 615 2920 506 616 2921 507 624 2922 506 616 2923 534 625 2924 534 625 2925 506 616 2926 533 617 2927 534 625 2928 533 617 2929 561 626 2930 561 626 2931 533 617 2932 560 618 2933 561 626 2934 560 618 2935 588 627 2936 588 627 2937 560 618 2938 587 619 2939 588 627 2940 587 619 2941 615 628 2942 615 628 2943 587 619 2944 614 620 2945 615 628 2946 614 620 2947 642 629 2948 642 629 2949 614 620 2950 641 621 2951 642 629 2952 641 621 2953 669 630 2954 669 630 2955 641 621 2956 668 622 2957 669 630 2958 668 622 2959 457 493 2960 457 493 2961 668 622 2962 458 492 2963 427 455 2964 426 457 2965 481 631 2966 481 631 2967 426 457 2968 480 623 2969 481 631 2970 480 623 2971 508 632 2972 508 632 2973 480 623 2974 507 624 2975 508 632 2976 507 624 2977 535 633 2978 535 633 2979 507 624 2980 534 625 2981 535 633 2982 534 625 2983 562 634 2984 562 634 2985 534 625 2986 561 626 2987 562 634 2988 561 626 2989 589 635 2990 589 635 2991 561 626 2992 588 627 2993 589 635 2994 588 627 2995 616 636 2996 616 636 2997 588 627 2998 615 628 2999 616 636 3000 615 628 3001 643 637 3002 643 637 3003 615 628 3004 642 629 3005 643 637 3006 642 629 3007 670 638 3008 670 638 3009 642 629 3010 669 630 3011 670 638 3012 669 630 3013 456 494 3014 456 494 3015 669 630 3016 457 493 3017 428 453 3018 427 455 3019 482 639 3020 482 639 3021 427 455 3022 481 631 3023 482 639 3024 481 631 3025 509 640 3026 509 640 3027 481 631 3028 508 632 3029 509 640 3030 508 632 3031 536 641 3032 536 641 3033 508 632 3034 535 633 3035 536 641 3036 535 633 3037 563 642 3038 563 642 3039 535 633 3040 562 634 3041 563 642 3042 562 634 3043 590 643 3044 590 643 3045 562 634 3046 589 635 3047 590 643 3048 589 635 3049 617 644 3050 617 644 3051 589 635 3052 616 636 3053 617 644 3054 616 636 3055 644 645 3056 644 645 3057 616 636 3058 643 637 3059 644 645 3060 643 637 3061 671 646 3062 671 646 3063 643 637 3064 670 638 3065 671 646 3066 670 638 3067 455 495 3068 455 495 3069 670 638 3070 456 494 3071 429 451 3072 428 453 3073 483 647 3074 483 647 3075 428 453 3076 482 639 3077 483 647 3078 482 639 3079 510 648 3080 510 648 3081 482 639 3082 509 640 3083 510 648 3084 509 640 3085 537 649 3086 537 649 3087 509 640 3088 536 641 3089 537 649 3090 536 641 3091 564 650 3092 564 650 3093 536 641 3094 563 642 3095 564 650 3096 563 642 3097 591 651 3098 591 651 3099 563 642 3100 590 643 3101 591 651 3102 590 643 3103 618 652 3104 618 652 3105 590 643 3106 617 644 3107 618 652 3108 617 644 3109 645 653 3110 645 653 3111 617 644 3112 644 645 3113 645 653 3114 644 645 3115 672 654 3116 672 654 3117 644 645 3118 671 646 3119 672 654 3120 671 646 3121 454 496 3122 454 496 3123 671 646 3124 455 495 3125 430 449 3126 429 451 3127 484 655 3128 484 655 3129 429 451 3130 483 647 3131 484 655 3132 483 647 3133 511 656 3134 511 656 3135 483 647 3136 510 648 3137 511 656 3138 510 648 3139 538 657 3140 538 657 3141 510 648 3142 537 649 3143 538 657 3144 537 649 3145 565 658 3146 565 658 3147 537 649 3148 564 650 3149 565 658 3150 564 650 3151 592 659 3152 592 659 3153 564 650 3154 591 651 3155 592 659 3156 591 651 3157 619 660 3158 619 660 3159 591 651 3160 618 652 3161 619 660 3162 618 652 3163 646 661 3164 646 661 3165 618 652 3166 645 653 3167 646 661 3168 645 653 3169 673 662 3170 673 662 3171 645 653 3172 672 654 3173 673 662 3174 672 654 3175 453 497 3176 453 497 3177 672 654 3178 454 496 3179 431 447 3180 430 449 3181 485 663 3182 485 663 3183 430 449 3184 484 655 3185 485 663 3186 484 655 3187 512 664 3188 512 664 3189 484 655 3190 511 656 3191 512 664 3192 511 656 3193 539 665 3194 539 665 3195 511 656 3196 538 657 3197 539 665 3198 538 657 3199 566 666 3200 566 666 3201 538 657 3202 565 658 3203 566 666 3204 565 658 3205 593 667 3206 593 667 3207 565 658 3208 592 659 3209 593 667 3210 592 659 3211 620 668 3212 620 668 3213 592 659 3214 619 660 3215 620 668 3216 619 660 3217 647 669 3218 647 669 3219 619 660 3220 646 661 3221 647 669 3222 646 661 3223 674 670 3224 674 670 3225 646 661 3226 673 662 3227 674 670 3228 673 662 3229 452 498 3230 452 498 3231 673 662 3232 453 497 3233 432 445 3234 431 447 3235 486 671 3236 486 671 3237 431 447 3238 485 663 3239 486 671 3240 485 663 3241 513 672 3242 513 672 3243 485 663 3244 512 664 3245 513 672 3246 512 664 3247 540 673 3248 540 673 3249 512 664 3250 539 665 3251 540 673 3252 539 665 3253 567 674 3254 567 674 3255 539 665 3256 566 666 3257 567 674 3258 566 666 3259 594 675 3260 594 675 3261 566 666 3262 593 667 3263 594 675 3264 593 667 3265 621 676 3266 621 676 3267 593 667 3268 620 668 3269 621 676 3270 620 668 3271 648 677 3272 648 677 3273 620 668 3274 647 669 3275 648 677 3276 647 669 3277 675 678 3278 675 678 3279 647 669 3280 674 670 3281 675 678 3282 674 670 3283 451 499 3284 451 499 3285 674 670 3286 452 498 3287 433 443 3288 432 445 3289 487 679 3290 487 679 3291 432 445 3292 486 671 3293 487 679 3294 486 671 3295 514 680 3296 514 680 3297 486 671 3298 513 672 3299 514 680 3300 513 672 3301 541 681 3302 541 681 3303 513 672 3304 540 673 3305 541 681 3306 540 673 3307 568 682 3308 568 682 3309 540 673 3310 567 674 3311 568 682 3312 567 674 3313 595 683 3314 595 683 3315 567 674 3316 594 675 3317 595 683 3318 594 675 3319 622 684 3320 622 684 3321 594 675 3322 621 676 3323 622 684 3324 621 676 3325 649 685 3326 649 685 3327 621 676 3328 648 677 3329 649 685 3330 648 677 3331 676 686 3332 676 686 3333 648 677 3334 675 678 3335 676 686 3336 675 678 3337 450 500 3338 450 500 3339 675 678 3340 451 499 3341 434 441 3342 433 443 3343 488 687 3344 488 687 3345 433 443 3346 487 679 3347 488 687 3348 487 679 3349 515 688 3350 515 688 3351 487 679 3352 514 680 3353 515 688 3354 514 680 3355 542 689 3356 542 689 3357 514 680 3358 541 681 3359 542 689 3360 541 681 3361 569 690 3362 569 690 3363 541 681 3364 568 682 3365 569 690 3366 568 682 3367 596 691 3368 596 691 3369 568 682 3370 595 683 3371 596 691 3372 595 683 3373 623 692 3374 623 692 3375 595 683 3376 622 684 3377 623 692 3378 622 684 3379 650 693 3380 650 693 3381 622 684 3382 649 685 3383 650 693 3384 649 685 3385 677 694 3386 677 694 3387 649 685 3388 676 686 3389 677 694 3390 676 686 3391 449 501 3392 449 501 3393 676 686 3394 450 500 3395 435 439 3396 434 441 3397 489 695 3398 489 695 3399 434 441 3400 488 687 3401 489 695 3402 488 687 3403 516 696 3404 516 696 3405 488 687 3406 515 688 3407 516 696 3408 515 688 3409 543 697 3410 543 697 3411 515 688 3412 542 689 3413 543 697 3414 542 689 3415 570 698 3416 570 698 3417 542 689 3418 569 690 3419 570 698 3420 569 690 3421 597 699 3422 597 699 3423 569 690 3424 596 691 3425 597 699 3426 596 691 3427 624 700 3428 624 700 3429 596 691 3430 623 692 3431 624 700 3432 623 692 3433 651 701 3434 651 701 3435 623 692 3436 650 693 3437 651 701 3438 650 693 3439 678 702 3440 678 702 3441 650 693 3442 677 694 3443 678 702 3444 677 694 3445 448 502 3446 448 502 3447 677 694 3448 449 501 3449 436 437 3450 435 439 3451 490 703 3452 490 703 3453 435 439 3454 489 695 3455 490 703 3456 489 695 3457 517 704 3458 517 704 3459 489 695 3460 516 696 3461 517 704 3462 516 696 3463 544 705 3464 544 705 3465 516 696 3466 543 697 3467 544 705 3468 543 697 3469 571 706 3470 571 706 3471 543 697 3472 570 698 3473 571 706 3474 570 698 3475 598 707 3476 598 707 3477 570 698 3478 597 699 3479 598 707 3480 597 699 3481 625 708 3482 625 708 3483 597 699 3484 624 700 3485 625 708 3486 624 700 3487 652 709 3488 652 709 3489 624 700 3490 651 701 3491 652 709 3492 651 701 3493 679 710 3494 679 710 3495 651 701 3496 678 702 3497 679 710 3498 678 702 3499 447 503 3500 447 503 3501 678 702 3502 448 502 3503 437 435 3504 436 437 3505 491 711 3506 491 711 3507 436 437 3508 490 703 3509 491 711 3510 490 703 3511 518 712 3512 518 712 3513 490 703 3514 517 704 3515 518 712 3516 517 704 3517 545 713 3518 545 713 3519 517 704 3520 544 705 3521 545 713 3522 544 705 3523 572 714 3524 572 714 3525 544 705 3526 571 706 3527 572 714 3528 571 706 3529 599 715 3530 599 715 3531 571 706 3532 598 707 3533 599 715 3534 598 707 3535 626 716 3536 626 716 3537 598 707 3538 625 708 3539 626 716 3540 625 708 3541 653 717 3542 653 717 3543 625 708 3544 652 709 3545 653 717 3546 652 709 3547 680 718 3548 680 718 3549 652 709 3550 679 710 3551 680 718 3552 679 710 3553 446 504 3554 446 504 3555 679 710 3556 447 503 3557 438 433 3558 437 435 3559 492 719 3560 492 719 3561 437 435 3562 491 711 3563 492 719 3564 491 711 3565 519 720 3566 519 720 3567 491 711 3568 518 712 3569 519 720 3570 518 712 3571 546 721 3572 546 721 3573 518 712 3574 545 713 3575 546 721 3576 545 713 3577 573 722 3578 573 722 3579 545 713 3580 572 714 3581 573 722 3582 572 714 3583 600 723 3584 600 723 3585 572 714 3586 599 715 3587 600 723 3588 599 715 3589 627 724 3590 627 724 3591 599 715 3592 626 716 3593 627 724 3594 626 716 3595 654 725 3596 654 725 3597 626 716 3598 653 717 3599 654 725 3600 653 717 3601 681 726 3602 681 726 3603 653 717 3604 680 718 3605 681 726 3606 680 718 3607 445 505 3608 445 505 3609 680 718 3610 446 504 3611 439 431 3612 438 433 3613 493 727 3614 493 727 3615 438 433 3616 492 719 3617 493 727 3618 492 719 3619 520 728 3620 520 728 3621 492 719 3622 519 720 3623 520 728 3624 519 720 3625 547 729 3626 547 729 3627 519 720 3628 546 721 3629 547 729 3630 546 721 3631 574 730 3632 574 730 3633 546 721 3634 573 722 3635 574 730 3636 573 722 3637 601 731 3638 601 731 3639 573 722 3640 600 723 3641 601 731 3642 600 723 3643 628 732 3644 628 732 3645 600 723 3646 627 724 3647 628 732 3648 627 724 3649 655 733 3650 655 733 3651 627 724 3652 654 725 3653 655 733 3654 654 725 3655 682 734 3656 682 734 3657 654 725 3658 681 726 3659 682 734 3660 681 726 3661 444 506 3662 444 506 3663 681 726 3664 445 505 3665 495 541 3666 441 427 3667 440 429 3668 440 429 3669 439 431 3670 494 735 3671 494 735 3672 439 431 3673 493 727 3674 494 735 3675 493 727 3676 521 736 3677 521 736 3678 493 727 3679 520 728 3680 521 736 3681 520 728 3682 548 737 3683 548 737 3684 520 728 3685 547 729 3686 548 737 3687 547 729 3688 575 738 3689 575 738 3690 547 729 3691 574 730 3692 575 738 3693 574 730 3694 602 739 3695 602 739 3696 574 730 3697 601 731 3698 602 739 3699 601 731 3700 629 740 3701 629 740 3702 601 731 3703 628 732 3704 629 740 3705 628 732 3706 656 741 3707 656 741 3708 628 732 3709 655 733 3710 656 741 3711 655 733 3712 683 742 3713 683 742 3714 655 733 3715 682 734 3716 683 742 3717 682 734 3718 443 507 3719 443 507 3720 682 734 3721 444 506 3722 683 742 3723 443 507 3724 442 508 3725 683 742 3726 442 508 3727 684 527 3728 522 539 3729 495 541 3730 494 735 3731 494 735 3732 495 541 3733 440 429 3734 522 539 3735 494 735 3736 521 736 3737 549 537 3738 522 539 3739 521 736 3740 549 537 3741 521 736 3742 548 737 3743 576 535 3744 549 537 3745 548 737 3746 576 535 3747 548 737 3748 575 738 3749 603 533 3750 576 535 3751 575 738 3752 603 533 3753 575 738 3754 602 739 3755 630 531 3756 603 533 3757 602 739 3758 630 531 3759 602 739 3760 629 740 3761 657 529 3762 630 531 3763 629 740 3764 657 529 3765 629 740 3766 656 741 3767 684 527 3768 657 529 3769 656 741 3770 684 527 3771 656 741 3772 683 742 3773 712 743 3774 685 743 3775 130 743 3776 130 744 3777 685 744 3778 686 744 3779 130 743 3780 686 743 3781 131 743 3782 131 743 3783 686 743 3784 687 743 3785 131 743 3786 687 743 3787 132 743 3788 132 745 3789 687 745 3790 688 745 3791 132 743 3792 688 743 3793 133 743 3794 133 743 3795 688 743 3796 689 743 3797 133 743 3798 689 743 3799 134 743 3800 134 743 3801 689 743 3802 690 743 3803 134 743 3804 690 743 3805 135 743 3806 135 743 3807 690 743 3808 691 743 3809 135 743 3810 691 743 3811 136 743 3812 136 743 3813 691 743 3814 692 743 3815 136 743 3816 692 743 3817 693 743 3818 136 746 3819 693 746 3820 137 746 3821 137 743 3822 693 743 3823 694 743 3824 137 747 3825 694 747 3826 138 747 3827 138 743 3828 694 743 3829 695 743 3830 138 743 3831 695 743 3832 139 743 3833 139 743 3834 695 743 3835 696 743 3836 139 748 3837 696 748 3838 140 748 3839 140 749 3840 696 749 3841 697 749 3842 140 743 3843 697 743 3844 141 743 3845 141 743 3846 697 743 3847 698 743 3848 141 743 3849 698 743 3850 142 743 3851 142 750 3852 698 750 3853 699 750 3854 142 751 3855 699 751 3856 700 751 3857 142 752 3858 700 752 3859 143 752 3860 143 743 3861 700 743 3862 701 743 3863 143 743 3864 701 743 3865 144 743 3866 144 753 3867 701 753 3868 702 753 3869 144 743 3870 702 743 3871 145 743 3872 145 743 3873 702 743 3874 703 743 3875 145 743 3876 703 743 3877 146 743 3878 146 743 3879 703 743 3880 704 743 3881 146 743 3882 704 743 3883 147 743 3884 147 743 3885 704 743 3886 705 743 3887 147 754 3888 705 754 3889 124 754 3890 124 743 3891 705 743 3892 706 743 3893 124 743 3894 706 743 3895 707 743 3896 124 743 3897 707 743 3898 125 743 3899 125 743 3900 707 743 3901 708 743 3902 125 755 3903 708 755 3904 126 755 3905 126 743 3906 708 743 3907 709 743 3908 126 743 3909 709 743 3910 127 743 3911 127 743 3912 709 743 3913 710 743 3914 127 756 3915 710 756 3916 128 756 3917 128 757 3918 710 757 3919 711 757 3920 128 743 3921 711 743 3922 129 743 3923 129 743 3924 711 743 3925 712 743 3926 129 758 3927 712 758 3928 130 758 3929 61 6 3930 60 6 3931 160 6 3932 160 759 3933 60 759 3934 87 759 3935 160 6 3936 87 6 3937 161 6 3938 161 760 3939 87 760 3940 86 760 3941 161 6 3942 86 6 3943 162 6 3944 162 761 3945 86 761 3946 85 761 3947 162 6 3948 85 6 3949 163 6 3950 163 6 3951 85 6 3952 84 6 3953 163 6 3954 84 6 3955 164 6 3956 164 762 3957 84 762 3958 83 762 3959 164 763 3960 83 763 3961 165 763 3962 165 764 3963 83 764 3964 82 764 3965 165 6 3966 82 6 3967 166 6 3968 166 6 3969 82 6 3970 81 6 3971 166 6 3972 81 6 3973 80 6 3974 166 765 3975 80 765 3976 167 765 3977 167 6 3978 80 6 3979 79 6 3980 167 6 3981 79 6 3982 168 6 3983 168 6 3984 79 6 3985 78 6 3986 168 6 3987 78 6 3988 169 6 3989 169 6 3990 78 6 3991 77 6 3992 169 6 3993 77 6 3994 170 6 3995 170 766 3996 77 766 3997 76 766 3998 170 767 3999 76 767 4000 171 767 4001 171 768 4002 76 768 4003 75 768 4004 171 6 4005 75 6 4006 148 6 4007 148 769 4008 75 769 4009 74 769 4010 148 770 4011 74 770 4012 73 770 4013 148 6 4014 73 6 4015 149 6 4016 149 771 4017 73 771 4018 72 771 4019 149 772 4020 72 772 4021 150 772 4022 150 773 4023 72 773 4024 71 773 4025 150 6 4026 71 6 4027 151 6 4028 151 6 4029 71 6 4030 70 6 4031 151 6 4032 70 6 4033 152 6 4034 152 6 4035 70 6 4036 69 6 4037 152 6 4038 69 6 4039 153 6 4040 153 6 4041 69 6 4042 68 6 4043 153 6 4044 68 6 4045 154 6 4046 154 6 4047 68 6 4048 67 6 4049 154 6 4050 67 6 4051 66 6 4052 154 774 4053 66 774 4054 155 774 4055 155 775 4056 66 775 4057 65 775 4058 155 776 4059 65 777 4060 156 778 4061 156 779 4062 65 779 4063 64 779 4064 156 780 4065 64 780 4066 157 780 4067 157 6 4068 64 6 4069 63 6 4070 157 6 4071 63 6 4072 158 6 4073 158 781 4074 63 781 4075 62 781 4076 158 6 4077 62 6 4078 159 6 4079 159 782 4080 62 782 4081 61 782 4082 159 6 4083 61 6 4084 160 6 4085 744 743 4086 713 743 4087 745 743 4088 745 743 4089 713 743 4090 714 743 4091 745 783 4092 714 783 4093 772 783 4094 772 784 4095 714 784 4096 715 784 4097 772 743 4098 715 743 4099 771 743 4100 771 743 4101 715 743 4102 716 743 4103 771 785 4104 716 785 4105 770 785 4106 770 743 4107 716 743 4108 717 743 4109 770 743 4110 717 743 4111 769 743 4112 769 786 4113 717 786 4114 718 786 4115 769 743 4116 718 743 4117 768 743 4118 768 787 4119 718 787 4120 719 787 4121 768 788 4122 719 788 4123 767 788 4124 767 743 4125 719 743 4126 720 743 4127 767 743 4128 720 743 4129 766 743 4130 766 789 4131 720 789 4132 721 789 4133 766 790 4134 721 790 4135 722 790 4136 766 743 4137 722 743 4138 765 743 4139 765 743 4140 722 743 4141 723 743 4142 765 791 4143 723 791 4144 764 791 4145 764 792 4146 723 792 4147 724 792 4148 764 743 4149 724 743 4150 763 743 4151 763 793 4152 724 793 4153 725 793 4154 763 743 4155 725 743 4156 762 743 4157 762 743 4158 725 743 4159 726 743 4160 762 743 4161 726 743 4162 761 743 4163 761 743 4164 726 743 4165 727 743 4166 761 743 4167 727 743 4168 760 743 4169 760 794 4170 727 794 4171 728 794 4172 760 795 4173 728 795 4174 759 795 4175 759 743 4176 728 743 4177 729 743 4178 759 743 4179 729 743 4180 730 743 4181 759 796 4182 730 796 4183 758 796 4184 758 797 4185 730 797 4186 731 797 4187 758 798 4188 731 798 4189 757 798 4190 757 799 4191 731 799 4192 732 799 4193 757 800 4194 732 800 4195 756 800 4196 756 743 4197 732 743 4198 733 743 4199 756 801 4200 733 801 4201 755 801 4202 755 802 4203 733 802 4204 734 802 4205 755 743 4206 734 743 4207 754 743 4208 754 803 4209 734 803 4210 735 803 4211 754 743 4212 735 743 4213 753 743 4214 753 743 4215 735 743 4216 736 743 4217 753 743 4218 736 743 4219 752 743 4220 752 790 4221 736 790 4222 737 790 4223 752 789 4224 737 789 4225 738 789 4226 752 743 4227 738 743 4228 751 743 4229 751 743 4230 738 743 4231 739 743 4232 751 743 4233 739 743 4234 750 743 4235 750 804 4236 739 804 4237 740 804 4238 750 743 4239 740 743 4240 749 743 4241 749 805 4242 740 805 4243 741 805 4244 749 806 4245 741 806 4246 748 806 4247 748 743 4248 741 743 4249 742 743 4250 748 807 4251 742 807 4252 747 807 4253 747 808 4254 742 808 4255 743 808 4256 747 743 4257 743 743 4258 746 743 4259 746 809 4260 743 809 4261 744 809 4262 746 743 4263 744 743 4264 745 743 4265 744 810 4266 393 436 4267 713 811 4268 713 811 4269 393 436 4270 392 434 4271 713 811 4272 392 434 4273 714 812 4274 714 812 4275 392 434 4276 391 432 4277 714 812 4278 391 432 4279 715 813 4280 715 813 4281 391 432 4282 390 430 4283 715 813 4284 390 430 4285 716 814 4286 716 814 4287 390 430 4288 389 428 4289 716 814 4290 389 428 4291 717 815 4292 717 815 4293 389 428 4294 388 426 4295 717 815 4296 388 426 4297 718 816 4298 718 816 4299 388 426 4300 96 817 4301 718 816 4302 96 817 4303 719 818 4304 719 818 4305 96 817 4306 95 819 4307 719 818 4308 95 819 4309 720 820 4310 720 820 4311 95 819 4312 94 821 4313 720 820 4314 94 821 4315 93 822 4316 393 436 4317 744 810 4318 394 438 4319 394 438 4320 744 810 4321 743 823 4322 394 438 4323 743 823 4324 395 440 4325 395 440 4326 743 823 4327 742 824 4328 395 440 4329 742 824 4330 396 442 4331 396 442 4332 742 824 4333 741 825 4334 396 442 4335 741 825 4336 397 444 4337 397 444 4338 741 825 4339 740 826 4340 397 444 4341 740 826 4342 398 446 4343 398 446 4344 740 826 4345 739 827 4346 398 446 4347 739 827 4348 399 448 4349 399 448 4350 739 827 4351 738 828 4352 399 448 4353 738 828 4354 400 450 4355 400 450 4356 738 828 4357 737 829 4358 400 450 4359 737 829 4360 401 452 4361 401 452 4362 737 829 4363 402 454 4364 402 454 4365 737 829 4366 736 830 4367 402 454 4368 736 830 4369 403 456 4370 403 456 4371 736 830 4372 735 831 4373 403 456 4374 735 831 4375 404 458 4376 404 458 4377 735 831 4378 734 832 4379 404 458 4380 734 832 4381 405 460 4382 405 460 4383 734 832 4384 733 833 4385 405 460 4386 733 833 4387 406 462 4388 406 462 4389 733 833 4390 732 834 4391 406 462 4392 732 834 4393 407 464 4394 407 464 4395 732 834 4396 731 835 4397 407 464 4398 731 835 4399 408 466 4400 408 466 4401 731 835 4402 730 836 4403 408 466 4404 730 836 4405 409 468 4406 409 468 4407 730 836 4408 729 837 4409 409 468 4410 729 837 4411 410 470 4412 410 470 4413 729 837 4414 728 838 4415 410 470 4416 728 838 4417 411 472 4418 411 472 4419 728 838 4420 727 839 4421 411 472 4422 727 839 4423 412 474 4424 412 474 4425 727 839 4426 726 840 4427 412 474 4428 726 840 4429 413 476 4430 413 476 4431 726 840 4432 725 841 4433 413 476 4434 725 841 4435 414 478 4436 414 478 4437 725 841 4438 724 842 4439 414 478 4440 724 842 4441 88 480 4442 88 480 4443 724 842 4444 723 843 4445 88 480 4446 723 843 4447 89 844 4448 89 844 4449 723 843 4450 722 845 4451 89 844 4452 722 845 4453 90 846 4454 90 846 4455 722 845 4456 91 847 4457 91 847 4458 722 845 4459 721 848 4460 91 847 4461 721 848 4462 92 849 4463 92 849 4464 721 848 4465 93 822 4466 93 822 4467 721 848 4468 720 820 4469 712 850 4470 767 851 4471 685 852 4472 685 852 4473 767 851 4474 766 853 4475 685 852 4476 766 853 4477 686 854 4478 686 854 4479 766 853 4480 765 855 4481 686 854 4482 765 855 4483 687 856 4484 687 856 4485 765 855 4486 764 857 4487 687 856 4488 764 857 4489 688 858 4490 688 858 4491 764 857 4492 763 859 4493 688 858 4494 763 859 4495 689 860 4496 689 860 4497 763 859 4498 762 861 4499 689 860 4500 762 861 4501 690 862 4502 690 862 4503 762 861 4504 761 863 4505 690 862 4506 761 863 4507 691 864 4508 691 864 4509 761 863 4510 760 865 4511 691 864 4512 760 865 4513 692 866 4514 692 866 4515 760 865 4516 759 867 4517 692 866 4518 759 867 4519 693 868 4520 693 868 4521 759 867 4522 758 869 4523 693 868 4524 758 869 4525 694 870 4526 694 870 4527 758 869 4528 757 871 4529 694 870 4530 757 871 4531 695 872 4532 695 872 4533 757 871 4534 756 873 4535 695 872 4536 756 873 4537 696 874 4538 696 874 4539 756 873 4540 755 875 4541 696 874 4542 755 875 4543 697 876 4544 697 876 4545 755 875 4546 754 877 4547 697 876 4548 754 877 4549 698 878 4550 698 878 4551 754 877 4552 753 879 4553 698 878 4554 753 879 4555 699 880 4556 699 880 4557 753 879 4558 752 881 4559 699 880 4560 752 881 4561 700 882 4562 700 882 4563 752 881 4564 751 883 4565 700 882 4566 751 883 4567 701 884 4568 701 884 4569 751 883 4570 750 885 4571 701 884 4572 750 885 4573 702 886 4574 702 886 4575 750 885 4576 749 887 4577 702 886 4578 749 887 4579 703 888 4580 703 888 4581 749 887 4582 748 889 4583 703 888 4584 748 889 4585 704 890 4586 704 890 4587 748 889 4588 747 891 4589 704 890 4590 747 891 4591 705 892 4592 705 892 4593 747 891 4594 746 893 4595 705 892 4596 746 893 4597 706 894 4598 706 894 4599 746 893 4600 745 895 4601 706 894 4602 745 895 4603 707 896 4604 707 896 4605 745 895 4606 772 897 4607 707 896 4608 772 897 4609 708 898 4610 708 898 4611 772 897 4612 771 899 4613 708 898 4614 771 899 4615 709 900 4616 709 900 4617 771 899 4618 770 901 4619 709 900 4620 770 901 4621 710 902 4622 710 902 4623 770 901 4624 769 903 4625 710 902 4626 769 903 4627 711 904 4628 711 904 4629 769 903 4630 768 905 4631 711 904 4632 768 905 4633 712 850 4634 712 850 4635 768 905 4636 767 851 4637 870 906 4638 916 906 4639 869 906 4640 869 907 4641 916 907 4642 893 907 4643 869 6 4644 893 6 4645 892 6 4646 892 6 4647 893 6 4648 894 6 4649 892 6 4650 894 6 4651 895 6 4652 916 6 4653 870 6 4654 915 6 4655 915 6 4656 870 6 4657 871 6 4658 915 908 4659 871 908 4660 914 908 4661 914 6 4662 871 6 4663 872 6 4664 914 909 4665 872 909 4666 913 909 4667 913 910 4668 872 910 4669 873 910 4670 913 911 4671 873 911 4672 912 911 4673 912 6 4674 873 6 4675 874 6 4676 912 6 4677 874 6 4678 911 6 4679 911 912 4680 874 912 4681 875 912 4682 911 913 4683 875 913 4684 876 913 4685 911 914 4686 876 914 4687 910 914 4688 910 915 4689 876 915 4690 877 915 4691 910 6 4692 877 6 4693 909 6 4694 909 6 4695 877 6 4696 878 6 4697 909 6 4698 878 6 4699 908 6 4700 908 6 4701 878 6 4702 879 6 4703 908 6 4704 879 6 4705 907 6 4706 907 6 4707 879 6 4708 880 6 4709 907 916 4710 880 916 4711 906 916 4712 906 917 4713 880 917 4714 881 917 4715 906 918 4716 881 918 4717 905 918 4718 905 919 4719 881 919 4720 904 919 4721 904 920 4722 881 920 4723 882 920 4724 904 921 4725 882 921 4726 903 921 4727 903 922 4728 882 922 4729 883 922 4730 903 6 4731 883 6 4732 902 6 4733 902 6 4734 883 6 4735 884 6 4736 902 6 4737 884 6 4738 901 6 4739 901 6 4740 884 6 4741 885 6 4742 901 923 4743 885 923 4744 900 923 4745 900 6 4746 885 6 4747 886 6 4748 900 924 4749 886 924 4750 899 924 4751 899 925 4752 886 925 4753 887 925 4754 899 926 4755 887 926 4756 888 926 4757 899 6 4758 888 6 4759 898 6 4760 898 927 4761 888 927 4762 889 927 4763 898 6 4764 889 6 4765 897 6 4766 897 6 4767 889 6 4768 890 6 4769 897 928 4770 890 928 4771 896 928 4772 896 929 4773 890 929 4774 891 929 4775 896 6 4776 891 6 4777 895 6 4778 895 6 4779 891 6 4780 892 6 4781 918 930 4782 964 930 4783 917 930 4784 917 931 4785 964 931 4786 941 931 4787 917 932 4788 941 932 4789 942 932 4790 964 933 4791 918 933 4792 963 933 4793 963 934 4794 918 934 4795 919 934 4796 963 935 4797 919 935 4798 962 935 4799 962 931 4800 919 931 4801 920 931 4802 962 931 4803 920 931 4804 961 931 4805 961 936 4806 920 936 4807 921 936 4808 961 931 4809 921 931 4810 960 931 4811 960 937 4812 921 937 4813 922 937 4814 960 938 4815 922 938 4816 959 938 4817 959 939 4818 922 939 4819 923 939 4820 959 940 4821 923 940 4822 924 940 4823 959 931 4824 924 931 4825 958 931 4826 958 931 4827 924 931 4828 925 931 4829 958 941 4830 925 941 4831 957 941 4832 957 931 4833 925 931 4834 926 931 4835 957 931 4836 926 931 4837 956 931 4838 956 931 4839 926 931 4840 927 931 4841 956 942 4842 927 942 4843 955 942 4844 955 931 4845 927 931 4846 928 931 4847 955 943 4848 928 943 4849 954 943 4850 954 931 4851 928 931 4852 953 931 4853 953 944 4854 928 944 4855 929 944 4856 953 945 4857 929 945 4858 952 945 4859 952 946 4860 929 946 4861 930 946 4862 952 947 4863 930 947 4864 951 947 4865 951 948 4866 930 948 4867 931 948 4868 951 949 4869 931 949 4870 950 949 4871 950 931 4872 931 931 4873 932 931 4874 950 950 4875 932 950 4876 949 950 4877 949 951 4878 932 951 4879 933 951 4880 949 931 4881 933 931 4882 948 931 4883 948 931 4884 933 931 4885 934 931 4886 948 931 4887 934 931 4888 947 931 4889 947 952 4890 934 952 4891 935 952 4892 947 953 4893 935 953 4894 936 953 4895 947 931 4896 936 931 4897 946 931 4898 946 954 4899 936 954 4900 937 954 4901 946 955 4902 937 955 4903 945 955 4904 945 931 4905 937 931 4906 938 931 4907 945 931 4908 938 931 4909 944 931 4910 944 956 4911 938 956 4912 939 956 4913 944 931 4914 939 931 4915 943 931 4916 943 931 4917 939 931 4918 940 931 4919 943 957 4920 940 957 4921 942 957 4922 942 931 4923 940 931 4924 917 931 4925 892 958 4926 918 959 4927 869 960 4928 869 960 4929 918 959 4930 917 961 4931 869 960 4932 917 961 4933 870 962 4934 870 962 4935 917 961 4936 940 963 4937 870 962 4938 940 963 4939 871 964 4940 871 964 4941 940 963 4942 939 965 4943 871 964 4944 939 965 4945 872 966 4946 872 966 4947 939 965 4948 938 967 4949 872 966 4950 938 967 4951 873 968 4952 873 968 4953 938 967 4954 937 969 4955 873 968 4956 937 969 4957 874 970 4958 874 970 4959 937 969 4960 936 971 4961 874 970 4962 936 971 4963 875 972 4964 875 972 4965 936 971 4966 935 973 4967 875 972 4968 935 973 4969 876 974 4970 876 974 4971 935 973 4972 934 975 4973 876 974 4974 934 975 4975 877 976 4976 877 976 4977 934 975 4978 933 977 4979 877 976 4980 933 977 4981 878 978 4982 878 978 4983 933 977 4984 932 979 4985 878 978 4986 932 979 4987 879 980 4988 879 980 4989 932 979 4990 931 981 4991 879 980 4992 931 981 4993 880 982 4994 880 982 4995 931 981 4996 930 983 4997 880 982 4998 930 983 4999 881 984 5000 881 984 5001 930 983 5002 929 985 5003 881 984 5004 929 985 5005 882 986 5006 882 986 5007 929 985 5008 928 987 5009 882 986 5010 928 987 5011 883 988 5012 883 988 5013 928 987 5014 927 989 5015 883 988 5016 927 989 5017 884 990 5018 884 990 5019 927 989 5020 926 991 5021 884 990 5022 926 991 5023 885 992 5024 885 992 5025 926 991 5026 925 993 5027 885 992 5028 925 993 5029 886 994 5030 886 994 5031 925 993 5032 924 995 5033 886 994 5034 924 995 5035 887 996 5036 887 996 5037 924 995 5038 923 997 5039 887 996 5040 923 997 5041 888 998 5042 888 998 5043 923 997 5044 922 999 5045 888 998 5046 922 999 5047 889 1000 5048 889 1000 5049 922 999 5050 921 1001 5051 889 1000 5052 921 1001 5053 890 1002 5054 890 1002 5055 921 1001 5056 920 1003 5057 890 1002 5058 920 1003 5059 891 1004 5060 891 1004 5061 920 1003 5062 919 1005 5063 891 1004 5064 919 1005 5065 892 958 5066 892 958 5067 919 1005 5068 918 959 5069 916 1006 5070 942 1007 5071 893 1008 5072 893 1008 5073 942 1007 5074 941 1009 5075 893 1008 5076 941 1009 5077 894 1010 5078 894 1010 5079 941 1009 5080 964 1011 5081 894 1010 5082 964 1011 5083 895 1012 5084 895 1012 5085 964 1011 5086 963 1013 5087 895 1012 5088 963 1013 5089 896 1014 5090 896 1014 5091 963 1013 5092 962 1015 5093 896 1014 5094 962 1015 5095 897 1016 5096 897 1016 5097 962 1015 5098 961 1017 5099 897 1016 5100 961 1017 5101 898 1018 5102 898 1018 5103 961 1017 5104 960 1019 5105 898 1018 5106 960 1019 5107 899 1020 5108 899 1020 5109 960 1019 5110 959 1021 5111 899 1020 5112 959 1021 5113 900 1022 5114 900 1022 5115 959 1021 5116 958 1023 5117 900 1022 5118 958 1023 5119 901 1024 5120 901 1024 5121 958 1023 5122 957 1025 5123 901 1024 5124 957 1025 5125 902 1026 5126 902 1026 5127 957 1025 5128 956 1027 5129 902 1026 5130 956 1027 5131 903 1028 5132 903 1028 5133 956 1027 5134 955 1029 5135 903 1028 5136 955 1029 5137 904 1030 5138 904 1030 5139 955 1029 5140 954 1031 5141 904 1030 5142 954 1031 5143 905 1032 5144 905 1032 5145 954 1031 5146 953 1033 5147 905 1032 5148 953 1033 5149 906 1034 5150 906 1034 5151 953 1033 5152 952 1035 5153 906 1034 5154 952 1035 5155 907 1036 5156 907 1036 5157 952 1035 5158 951 1037 5159 907 1036 5160 951 1037 5161 908 1038 5162 908 1038 5163 951 1037 5164 950 1039 5165 908 1038 5166 950 1039 5167 909 1040 5168 909 1040 5169 950 1039 5170 949 1041 5171 909 1040 5172 949 1041 5173 910 1042 5174 910 1042 5175 949 1041 5176 948 1043 5177 910 1042 5178 948 1043 5179 911 1044 5180 911 1044 5181 948 1043 5182 947 1045 5183 911 1044 5184 947 1045 5185 912 1046 5186 912 1046 5187 947 1045 5188 946 1047 5189 912 1046 5190 946 1047 5191 913 1048 5192 913 1048 5193 946 1047 5194 945 1049 5195 913 1048 5196 945 1049 5197 914 1050 5198 914 1050 5199 945 1049 5200 944 1051 5201 914 1050 5202 944 1051 5203 915 1052 5204 915 1052 5205 944 1051 5206 943 1053 5207 915 1052 5208 943 1053 5209 916 1006 5210 916 1006 5211 943 1053 5212 942 1007 5213 966 743 5214 1012 743 5215 965 743 5216 965 743 5217 1012 743 5218 989 743 5219 965 743 5220 989 743 5221 988 743 5222 988 1054 5223 989 1054 5224 990 1054 5225 988 743 5226 990 743 5227 991 743 5228 1012 743 5229 966 743 5230 1011 743 5231 1011 1055 5232 966 1055 5233 967 1055 5234 1011 1056 5235 967 1056 5236 1010 1056 5237 1010 743 5238 967 743 5239 968 743 5240 1010 1057 5241 968 1057 5242 1009 1057 5243 1009 743 5244 968 743 5245 969 743 5246 1009 1058 5247 969 1058 5248 1008 1058 5249 1008 743 5250 969 743 5251 970 743 5252 1008 1059 5253 970 1059 5254 1007 1059 5255 1007 1060 5256 970 1060 5257 971 1060 5258 1007 1061 5259 971 1061 5260 972 1061 5261 1007 743 5262 972 743 5263 1006 743 5264 1006 1062 5265 972 1062 5266 973 1062 5267 1006 743 5268 973 743 5269 1005 743 5270 1005 1063 5271 973 1063 5272 974 1063 5273 1005 743 5274 974 743 5275 1004 743 5276 1004 743 5277 974 743 5278 975 743 5279 1004 743 5280 975 743 5281 1003 743 5282 1003 743 5283 975 743 5284 976 743 5285 1003 743 5286 976 743 5287 1002 743 5288 1002 1064 5289 976 1064 5290 977 1064 5291 1002 1065 5292 977 1065 5293 1001 1065 5294 1001 743 5295 977 743 5296 1000 743 5297 1000 743 5298 977 743 5299 978 743 5300 1000 1066 5301 978 1066 5302 999 1066 5303 999 743 5304 978 743 5305 979 743 5306 999 1067 5307 979 1067 5308 998 1067 5309 998 743 5310 979 743 5311 980 743 5312 998 743 5313 980 743 5314 997 743 5315 997 743 5316 980 743 5317 981 743 5318 997 1068 5319 981 1068 5320 996 1068 5321 996 743 5322 981 743 5323 982 743 5324 996 1069 5325 982 1069 5326 995 1069 5327 995 743 5328 982 743 5329 983 743 5330 995 743 5331 983 743 5332 984 743 5333 995 743 5334 984 743 5335 994 743 5336 994 743 5337 984 743 5338 985 743 5339 994 1070 5340 985 1070 5341 993 1070 5342 993 1071 5343 985 1071 5344 986 1071 5345 993 743 5346 986 743 5347 992 743 5348 992 1072 5349 986 1072 5350 987 1072 5351 992 1073 5352 987 1073 5353 991 1073 5354 991 743 5355 987 743 5356 988 743 5357 1014 1074 5358 1060 1074 5359 1013 1074 5360 1013 1075 5361 1060 1075 5362 1037 1075 5363 1013 1075 5364 1037 1075 5365 1038 1075 5366 1060 1076 5367 1014 1076 5368 1059 1076 5369 1059 1075 5370 1014 1075 5371 1015 1075 5372 1059 1075 5373 1015 1075 5374 1058 1075 5375 1058 1075 5376 1015 1075 5377 1016 1075 5378 1058 1077 5379 1016 1077 5380 1057 1077 5381 1057 1075 5382 1016 1075 5383 1017 1075 5384 1057 1075 5385 1017 1075 5386 1056 1075 5387 1056 1078 5388 1017 1078 5389 1018 1078 5390 1056 1079 5391 1018 1079 5392 1055 1079 5393 1055 1080 5394 1018 1080 5395 1019 1080 5396 1055 1081 5397 1019 1081 5398 1020 1081 5399 1055 1075 5400 1020 1075 5401 1054 1075 5402 1054 1075 5403 1020 1075 5404 1021 1075 5405 1054 1075 5406 1021 1075 5407 1053 1075 5408 1053 1075 5409 1021 1075 5410 1022 1075 5411 1053 1082 5412 1022 1082 5413 1052 1082 5414 1052 1075 5415 1022 1075 5416 1023 1075 5417 1052 1083 5418 1023 1083 5419 1051 1083 5420 1051 1075 5421 1023 1075 5422 1024 1075 5423 1051 1075 5424 1024 1075 5425 1050 1075 5426 1050 1075 5427 1024 1075 5428 1049 1075 5429 1049 1075 5430 1024 1075 5431 1025 1075 5432 1049 1084 5433 1025 1084 5434 1048 1084 5435 1048 1075 5436 1025 1075 5437 1026 1075 5438 1048 1085 5439 1026 1085 5440 1047 1085 5441 1047 1075 5442 1026 1075 5443 1027 1075 5444 1047 1086 5445 1027 1086 5446 1046 1086 5447 1046 1087 5448 1027 1087 5449 1028 1087 5450 1046 1075 5451 1028 1075 5452 1045 1075 5453 1045 1075 5454 1028 1075 5455 1029 1075 5456 1045 1075 5457 1029 1075 5458 1044 1075 5459 1044 1075 5460 1029 1075 5461 1030 1075 5462 1044 1075 5463 1030 1075 5464 1043 1075 5465 1043 1088 5466 1030 1088 5467 1031 1088 5468 1043 1075 5469 1031 1075 5470 1032 1075 5471 1043 1089 5472 1032 1089 5473 1042 1089 5474 1042 1075 5475 1032 1075 5476 1033 1075 5477 1042 1075 5478 1033 1075 5479 1041 1075 5480 1041 1090 5481 1033 1090 5482 1034 1090 5483 1041 1091 5484 1034 1091 5485 1040 1091 5486 1040 1075 5487 1034 1075 5488 1035 1075 5489 1040 1092 5490 1035 1092 5491 1039 1092 5492 1039 1075 5493 1035 1075 5494 1036 1075 5495 1039 1093 5496 1036 1093 5497 1038 1093 5498 1038 1075 5499 1036 1075 5500 1013 1075 5501 988 1094 5502 1014 1095 5503 965 1096 5504 965 1096 5505 1014 1095 5506 1013 1097 5507 965 1096 5508 1013 1097 5509 966 1098 5510 966 1098 5511 1013 1097 5512 1036 1099 5513 966 1098 5514 1036 1099 5515 967 1100 5516 967 1100 5517 1036 1099 5518 1035 1101 5519 967 1100 5520 1035 1101 5521 968 1102 5522 968 1102 5523 1035 1101 5524 1034 1103 5525 968 1102 5526 1034 1103 5527 969 1104 5528 969 1104 5529 1034 1103 5530 1033 1105 5531 969 1104 5532 1033 1105 5533 970 1106 5534 970 1106 5535 1033 1105 5536 1032 1107 5537 970 1106 5538 1032 1107 5539 971 1108 5540 971 1108 5541 1032 1107 5542 1031 1109 5543 971 1108 5544 1031 1109 5545 972 1110 5546 972 1110 5547 1031 1109 5548 1030 1111 5549 972 1110 5550 1030 1111 5551 973 1112 5552 973 1112 5553 1030 1111 5554 1029 1113 5555 973 1112 5556 1029 1113 5557 974 1114 5558 974 1114 5559 1029 1113 5560 1028 1115 5561 974 1114 5562 1028 1115 5563 975 1116 5564 975 1116 5565 1028 1115 5566 1027 1117 5567 975 1116 5568 1027 1117 5569 976 1118 5570 976 1118 5571 1027 1117 5572 1026 1119 5573 976 1118 5574 1026 1119 5575 977 1120 5576 977 1120 5577 1026 1119 5578 1025 1121 5579 977 1120 5580 1025 1121 5581 978 1122 5582 978 1122 5583 1025 1121 5584 1024 1123 5585 978 1122 5586 1024 1123 5587 979 1124 5588 979 1124 5589 1024 1123 5590 1023 1125 5591 979 1124 5592 1023 1125 5593 980 1126 5594 980 1126 5595 1023 1125 5596 1022 1127 5597 980 1126 5598 1022 1127 5599 981 1128 5600 981 1128 5601 1022 1127 5602 1021 1129 5603 981 1128 5604 1021 1129 5605 982 1130 5606 982 1130 5607 1021 1129 5608 1020 1130 5609 982 1130 5610 1020 1130 5611 983 1131 5612 983 1131 5613 1020 1130 5614 1019 1132 5615 983 1131 5616 1019 1132 5617 984 1133 5618 984 1133 5619 1019 1132 5620 1018 1134 5621 984 1133 5622 1018 1134 5623 985 1135 5624 985 1135 5625 1018 1134 5626 1017 1136 5627 985 1135 5628 1017 1136 5629 986 1137 5630 986 1137 5631 1017 1136 5632 1016 1138 5633 986 1137 5634 1016 1138 5635 987 1139 5636 987 1139 5637 1016 1138 5638 1015 1140 5639 987 1139 5640 1015 1140 5641 988 1094 5642 988 1094 5643 1015 1140 5644 1014 1095 5645 1012 1141 5646 1038 1142 5647 989 1143 5648 989 1143 5649 1038 1142 5650 1037 1144 5651 989 1143 5652 1037 1144 5653 990 1145 5654 990 1145 5655 1037 1144 5656 1060 1146 5657 990 1145 5658 1060 1146 5659 991 1147 5660 991 1147 5661 1060 1146 5662 1059 1148 5663 991 1147 5664 1059 1148 5665 992 1149 5666 992 1149 5667 1059 1148 5668 1058 1150 5669 992 1149 5670 1058 1150 5671 993 1151 5672 993 1151 5673 1058 1150 5674 1057 1152 5675 993 1151 5676 1057 1152 5677 994 1153 5678 994 1153 5679 1057 1152 5680 1056 1154 5681 994 1153 5682 1056 1154 5683 995 1155 5684 995 1155 5685 1056 1154 5686 1055 1156 5687 995 1155 5688 1055 1156 5689 996 1157 5690 996 1157 5691 1055 1156 5692 1054 1158 5693 996 1157 5694 1054 1158 5695 997 1159 5696 997 1159 5697 1054 1158 5698 1053 1160 5699 997 1159 5700 1053 1160 5701 998 1161 5702 998 1161 5703 1053 1160 5704 1052 1162 5705 998 1161 5706 1052 1162 5707 999 1163 5708 999 1163 5709 1052 1162 5710 1051 1164 5711 999 1163 5712 1051 1164 5713 1000 1165 5714 1000 1165 5715 1051 1164 5716 1050 1166 5717 1000 1165 5718 1050 1166 5719 1001 1167 5720 1001 1167 5721 1050 1166 5722 1049 1168 5723 1001 1167 5724 1049 1168 5725 1002 1169 5726 1002 1169 5727 1049 1168 5728 1048 1170 5729 1002 1169 5730 1048 1170 5731 1003 1171 5732 1003 1171 5733 1048 1170 5734 1047 1172 5735 1003 1171 5736 1047 1172 5737 1004 1173 5738 1004 1173 5739 1047 1172 5740 1046 1174 5741 1004 1173 5742 1046 1174 5743 1005 1175 5744 1005 1175 5745 1046 1174 5746 1045 1176 5747 1005 1175 5748 1045 1176 5749 1006 1177 5750 1006 1177 5751 1045 1176 5752 1044 1178 5753 1006 1177 5754 1044 1178 5755 1007 1179 5756 1007 1179 5757 1044 1178 5758 1043 1180 5759 1007 1179 5760 1043 1180 5761 1008 1181 5762 1008 1181 5763 1043 1180 5764 1042 1182 5765 1008 1181 5766 1042 1182 5767 1009 1183 5768 1009 1183 5769 1042 1182 5770 1041 1184 5771 1009 1183 5772 1041 1184 5773 1010 1185 5774 1010 1185 5775 1041 1184 5776 1040 1186 5777 1010 1185 5778 1040 1186 5779 1011 1187 5780 1011 1187 5781 1040 1186 5782 1039 1188 5783 1011 1187 5784 1039 1188 5785 1012 1141 5786 1012 1141 5787 1039 1188 5788 1038 1142 5789 1062 1075 5790 1108 1075 5791 1061 1075 5792 1061 1075 5793 1108 1075 5794 1085 1075 5795 1061 1189 5796 1085 1189 5797 1084 1189 5798 1084 1075 5799 1085 1075 5800 1086 1075 5801 1084 1190 5802 1086 1190 5803 1087 1190 5804 1108 1191 5805 1062 1191 5806 1107 1191 5807 1107 1075 5808 1062 1075 5809 1063 1075 5810 1107 1075 5811 1063 1075 5812 1106 1075 5813 1106 1192 5814 1063 1192 5815 1064 1192 5816 1106 1075 5817 1064 1075 5818 1105 1075 5819 1105 1193 5820 1064 1193 5821 1065 1193 5822 1105 1075 5823 1065 1075 5824 1104 1075 5825 1104 1194 5826 1065 1194 5827 1066 1194 5828 1104 1195 5829 1066 1195 5830 1103 1195 5831 1103 1075 5832 1066 1075 5833 1067 1075 5834 1103 1075 5835 1067 1075 5836 1068 1075 5837 1103 1196 5838 1068 1196 5839 1102 1196 5840 1102 1075 5841 1068 1075 5842 1069 1075 5843 1102 1197 5844 1069 1197 5845 1101 1197 5846 1101 1075 5847 1069 1075 5848 1070 1075 5849 1101 1198 5850 1070 1198 5851 1100 1198 5852 1100 1075 5853 1070 1075 5854 1071 1075 5855 1100 1075 5856 1071 1075 5857 1099 1075 5858 1099 1199 5859 1071 1199 5860 1072 1199 5861 1099 1075 5862 1072 1075 5863 1098 1075 5864 1098 1075 5865 1072 1075 5866 1073 1075 5867 1098 1075 5868 1073 1075 5869 1097 1075 5870 1097 1075 5871 1073 1075 5872 1096 1075 5873 1096 1075 5874 1073 1075 5875 1074 1075 5876 1096 1200 5877 1074 1200 5878 1095 1200 5879 1095 1201 5880 1074 1201 5881 1075 1201 5882 1095 1075 5883 1075 1075 5884 1094 1075 5885 1094 1075 5886 1075 1075 5887 1076 1075 5888 1094 1075 5889 1076 1075 5890 1093 1075 5891 1093 1075 5892 1076 1075 5893 1077 1075 5894 1093 1075 5895 1077 1075 5896 1092 1075 5897 1092 1075 5898 1077 1075 5899 1078 1075 5900 1092 1075 5901 1078 1075 5902 1091 1075 5903 1091 1075 5904 1078 1075 5905 1079 1075 5906 1091 1075 5907 1079 1075 5908 1080 1075 5909 1091 1075 5910 1080 1075 5911 1090 1075 5912 1090 1075 5913 1080 1075 5914 1081 1075 5915 1090 1202 5916 1081 1202 5917 1089 1202 5918 1089 1075 5919 1081 1075 5920 1082 1075 5921 1089 1203 5922 1082 1203 5923 1088 1203 5924 1088 1075 5925 1082 1075 5926 1083 1075 5927 1088 1075 5928 1083 1075 5929 1087 1075 5930 1087 1075 5931 1083 1075 5932 1084 1075 5933 1110 1204 5934 1156 1204 5935 1109 1204 5936 1109 1205 5937 1156 1205 5938 1133 1205 5939 1109 743 5940 1133 743 5941 1134 743 5942 1156 1206 5943 1110 1206 5944 1155 1206 5945 1155 1207 5946 1110 1207 5947 1111 1207 5948 1155 743 5949 1111 743 5950 1154 743 5951 1154 1208 5952 1111 1208 5953 1112 1208 5954 1154 743 5955 1112 743 5956 1153 743 5957 1153 743 5958 1112 743 5959 1113 743 5960 1153 1209 5961 1113 1209 5962 1152 1209 5963 1152 1210 5964 1113 1210 5965 1114 1210 5966 1152 743 5967 1114 743 5968 1151 743 5969 1151 743 5970 1114 743 5971 1115 743 5972 1151 743 5973 1115 743 5974 1116 743 5975 1151 1211 5976 1116 1211 5977 1150 1211 5978 1150 743 5979 1116 743 5980 1117 743 5981 1150 1212 5982 1117 1212 5983 1149 1212 5984 1149 1213 5985 1117 1213 5986 1118 1213 5987 1149 1214 5988 1118 1214 5989 1148 1214 5990 1148 1215 5991 1118 1215 5992 1119 1215 5993 1148 743 5994 1119 743 5995 1147 743 5996 1147 1216 5997 1119 1216 5998 1120 1216 5999 1147 743 6000 1120 743 6001 1146 743 6002 1146 743 6003 1120 743 6004 1145 743 6005 1145 743 6006 1120 743 6007 1121 743 6008 1145 743 6009 1121 743 6010 1144 743 6011 1144 743 6012 1121 743 6013 1122 743 6014 1144 743 6015 1122 743 6016 1143 743 6017 1143 1217 6018 1122 1217 6019 1123 1217 6020 1143 1218 6021 1123 1218 6022 1142 1218 6023 1142 1219 6024 1123 1219 6025 1124 1219 6026 1142 743 6027 1124 743 6028 1141 743 6029 1141 743 6030 1124 743 6031 1125 743 6032 1141 743 6033 1125 743 6034 1140 743 6035 1140 743 6036 1125 743 6037 1126 743 6038 1140 1220 6039 1126 1220 6040 1139 1220 6041 1139 743 6042 1126 743 6043 1127 743 6044 1139 1221 6045 1127 1221 6046 1128 1221 6047 1139 1222 6048 1128 1222 6049 1138 1222 6050 1138 1223 6051 1128 1223 6052 1129 1223 6053 1138 743 6054 1129 743 6055 1137 743 6056 1137 1224 6057 1129 1224 6058 1130 1224 6059 1137 1225 6060 1130 1225 6061 1136 1225 6062 1136 1226 6063 1130 1226 6064 1131 1226 6065 1136 743 6066 1131 743 6067 1135 743 6068 1135 1227 6069 1131 1227 6070 1132 1227 6071 1135 743 6072 1132 743 6073 1134 743 6074 1134 743 6075 1132 743 6076 1109 743 6077 1084 1228 6078 1110 1229 6079 1061 1230 6080 1061 1230 6081 1110 1229 6082 1109 1231 6083 1061 1230 6084 1109 1231 6085 1062 1232 6086 1062 1232 6087 1109 1231 6088 1132 1233 6089 1062 1232 6090 1132 1233 6091 1063 1234 6092 1063 1234 6093 1132 1233 6094 1131 1235 6095 1063 1234 6096 1131 1235 6097 1064 1236 6098 1064 1236 6099 1131 1235 6100 1130 1237 6101 1064 1236 6102 1130 1237 6103 1065 1238 6104 1065 1238 6105 1130 1237 6106 1129 1239 6107 1065 1238 6108 1129 1239 6109 1066 1240 6110 1066 1240 6111 1129 1239 6112 1128 1241 6113 1066 1240 6114 1128 1241 6115 1067 1242 6116 1067 1242 6117 1128 1241 6118 1127 1243 6119 1067 1242 6120 1127 1243 6121 1068 1244 6122 1068 1244 6123 1127 1243 6124 1126 1245 6125 1068 1244 6126 1126 1245 6127 1069 1246 6128 1069 1246 6129 1126 1245 6130 1125 1247 6131 1069 1246 6132 1125 1247 6133 1070 1248 6134 1070 1248 6135 1125 1247 6136 1124 1249 6137 1070 1248 6138 1124 1249 6139 1071 1250 6140 1071 1250 6141 1124 1249 6142 1123 1251 6143 1071 1250 6144 1123 1251 6145 1072 1252 6146 1072 1252 6147 1123 1251 6148 1122 1253 6149 1072 1252 6150 1122 1253 6151 1073 1254 6152 1073 1254 6153 1122 1253 6154 1121 1255 6155 1073 1254 6156 1121 1255 6157 1074 1256 6158 1074 1256 6159 1121 1255 6160 1120 1257 6161 1074 1256 6162 1120 1257 6163 1075 1258 6164 1075 1258 6165 1120 1257 6166 1119 1259 6167 1075 1258 6168 1119 1259 6169 1076 1260 6170 1076 1260 6171 1119 1259 6172 1118 1261 6173 1076 1260 6174 1118 1261 6175 1077 1262 6176 1077 1262 6177 1118 1261 6178 1117 1263 6179 1077 1262 6180 1117 1263 6181 1078 1264 6182 1078 1264 6183 1117 1263 6184 1116 1265 6185 1078 1264 6186 1116 1265 6187 1079 1266 6188 1079 1266 6189 1116 1265 6190 1115 1267 6191 1079 1266 6192 1115 1267 6193 1080 1268 6194 1080 1268 6195 1115 1267 6196 1114 1269 6197 1080 1268 6198 1114 1269 6199 1081 1270 6200 1081 1270 6201 1114 1269 6202 1113 1271 6203 1081 1270 6204 1113 1271 6205 1082 1272 6206 1082 1272 6207 1113 1271 6208 1112 1273 6209 1082 1272 6210 1112 1273 6211 1083 1274 6212 1083 1274 6213 1112 1273 6214 1111 1275 6215 1083 1274 6216 1111 1275 6217 1084 1228 6218 1084 1228 6219 1111 1275 6220 1110 1229 6221 1108 1276 6222 1134 1277 6223 1085 1278 6224 1085 1278 6225 1134 1277 6226 1133 1279 6227 1085 1278 6228 1133 1279 6229 1086 1280 6230 1086 1280 6231 1133 1279 6232 1156 1281 6233 1086 1280 6234 1156 1281 6235 1087 1282 6236 1087 1282 6237 1156 1281 6238 1155 1283 6239 1087 1282 6240 1155 1283 6241 1088 1284 6242 1088 1284 6243 1155 1283 6244 1154 1285 6245 1088 1284 6246 1154 1285 6247 1089 1286 6248 1089 1286 6249 1154 1285 6250 1153 1287 6251 1089 1286 6252 1153 1287 6253 1090 1288 6254 1090 1288 6255 1153 1287 6256 1152 1289 6257 1090 1288 6258 1152 1289 6259 1091 1290 6260 1091 1290 6261 1152 1289 6262 1151 1291 6263 1091 1290 6264 1151 1291 6265 1092 1292 6266 1092 1292 6267 1151 1291 6268 1150 1293 6269 1092 1292 6270 1150 1293 6271 1093 1294 6272 1093 1294 6273 1150 1293 6274 1149 1295 6275 1093 1294 6276 1149 1295 6277 1094 1296 6278 1094 1296 6279 1149 1295 6280 1148 1297 6281 1094 1296 6282 1148 1297 6283 1095 1298 6284 1095 1298 6285 1148 1297 6286 1147 1299 6287 1095 1298 6288 1147 1299 6289 1096 1300 6290 1096 1300 6291 1147 1299 6292 1146 1301 6293 1096 1300 6294 1146 1301 6295 1097 1302 6296 1097 1302 6297 1146 1301 6298 1145 1303 6299 1097 1302 6300 1145 1303 6301 1098 1304 6302 1098 1304 6303 1145 1303 6304 1144 1305 6305 1098 1304 6306 1144 1305 6307 1099 1306 6308 1099 1306 6309 1144 1305 6310 1143 1307 6311 1099 1306 6312 1143 1307 6313 1100 1308 6314 1100 1308 6315 1143 1307 6316 1142 1309 6317 1100 1308 6318 1142 1309 6319 1101 1310 6320 1101 1310 6321 1142 1309 6322 1141 1311 6323 1101 1310 6324 1141 1311 6325 1102 1312 6326 1102 1312 6327 1141 1311 6328 1140 1313 6329 1102 1312 6330 1140 1313 6331 1103 1314 6332 1103 1314 6333 1140 1313 6334 1139 1315 6335 1103 1314 6336 1139 1315 6337 1104 1316 6338 1104 1316 6339 1139 1315 6340 1138 1317 6341 1104 1316 6342 1138 1317 6343 1105 1318 6344 1105 1318 6345 1138 1317 6346 1137 1319 6347 1105 1318 6348 1137 1319 6349 1106 1320 6350 1106 1320 6351 1137 1319 6352 1136 1321 6353 1106 1320 6354 1136 1321 6355 1107 1322 6356 1107 1322 6357 1136 1321 6358 1135 1323 6359 1107 1322 6360 1135 1323 6361 1108 1276 6362 1108 1276 6363 1135 1323 6364 1134 1277 6365 1188 931 6366 1157 931 6367 1189 931 6368 1189 1324 6369 1157 1324 6370 1158 1324 6371 1189 1325 6372 1158 1326 6373 1216 1327 6374 1216 931 6375 1158 931 6376 1159 931 6377 1216 1328 6378 1159 1328 6379 1215 1328 6380 1215 1329 6381 1159 1329 6382 1160 1329 6383 1215 931 6384 1160 931 6385 1214 931 6386 1214 1330 6387 1160 1330 6388 1161 1330 6389 1214 931 6390 1161 931 6391 1213 931 6392 1213 931 6393 1161 931 6394 1162 931 6395 1213 1331 6396 1162 1331 6397 1212 1331 6398 1212 1332 6399 1162 1332 6400 1163 1332 6401 1212 931 6402 1163 931 6403 1211 931 6404 1211 931 6405 1163 931 6406 1164 931 6407 1211 931 6408 1164 931 6409 1210 931 6410 1210 931 6411 1164 931 6412 1165 931 6413 1210 931 6414 1165 931 6415 1166 931 6416 1210 1333 6417 1166 1333 6418 1209 1333 6419 1209 1334 6420 1166 1334 6421 1167 1334 6422 1209 1335 6423 1167 1335 6424 1208 1335 6425 1208 931 6426 1167 931 6427 1168 931 6428 1208 931 6429 1168 931 6430 1207 931 6431 1207 1336 6432 1168 1336 6433 1169 1336 6434 1207 1337 6435 1169 1337 6436 1206 1337 6437 1206 931 6438 1169 931 6439 1170 931 6440 1206 931 6441 1170 931 6442 1205 931 6443 1205 1338 6444 1170 1338 6445 1171 1338 6446 1205 1339 6447 1171 1339 6448 1204 1339 6449 1204 1340 6450 1171 1340 6451 1172 1340 6452 1204 1341 6453 1172 1341 6454 1203 1341 6455 1203 1342 6456 1172 1342 6457 1173 1342 6458 1203 1343 6459 1173 1343 6460 1174 1343 6461 1203 1344 6462 1174 1345 6463 1202 1346 6464 1202 1347 6465 1174 1347 6466 1175 1347 6467 1202 931 6468 1175 931 6469 1201 931 6470 1201 1348 6471 1175 1348 6472 1176 1348 6473 1201 931 6474 1176 931 6475 1200 931 6476 1200 931 6477 1176 931 6478 1177 931 6479 1200 1349 6480 1177 1349 6481 1199 1349 6482 1199 1350 6483 1177 1350 6484 1178 1350 6485 1199 931 6486 1178 931 6487 1198 931 6488 1198 931 6489 1178 931 6490 1179 931 6491 1198 1351 6492 1179 1351 6493 1197 1351 6494 1197 1352 6495 1179 1352 6496 1180 1352 6497 1197 931 6498 1180 931 6499 1196 931 6500 1196 931 6501 1180 931 6502 1181 931 6503 1196 931 6504 1181 931 6505 1182 931 6506 1196 1353 6507 1182 1353 6508 1195 1353 6509 1195 931 6510 1182 931 6511 1183 931 6512 1195 931 6513 1183 931 6514 1194 931 6515 1194 1354 6516 1183 1354 6517 1184 1354 6518 1194 1355 6519 1184 1355 6520 1193 1355 6521 1193 931 6522 1184 931 6523 1185 931 6524 1193 931 6525 1185 931 6526 1192 931 6527 1192 1356 6528 1185 1356 6529 1186 1356 6530 1192 1357 6531 1186 1357 6532 1191 1357 6533 1191 1358 6534 1186 1358 6535 1187 1358 6536 1191 1359 6537 1187 1359 6538 1190 1359 6539 1190 931 6540 1187 931 6541 1188 931 6542 1190 931 6543 1188 931 6544 1189 931 6545 1216 1360 6546 1244 1361 6547 1189 1362 6548 1189 1362 6549 1244 1361 6550 1217 1363 6551 1189 1362 6552 1217 1363 6553 1190 1364 6554 1190 1364 6555 1217 1363 6556 1218 1365 6557 1190 1364 6558 1218 1365 6559 1191 1366 6560 1191 1366 6561 1218 1365 6562 1219 1367 6563 1191 1366 6564 1219 1367 6565 1192 1368 6566 1192 1368 6567 1219 1367 6568 1220 1369 6569 1192 1368 6570 1220 1369 6571 1193 1370 6572 1193 1370 6573 1220 1369 6574 1221 1371 6575 1193 1370 6576 1221 1371 6577 1194 1372 6578 1194 1372 6579 1221 1371 6580 1222 1373 6581 1194 1372 6582 1222 1373 6583 1195 1374 6584 1195 1374 6585 1222 1373 6586 1223 1375 6587 1195 1374 6588 1223 1375 6589 1196 1376 6590 1196 1376 6591 1223 1375 6592 1224 1377 6593 1196 1376 6594 1224 1377 6595 1197 1378 6596 1197 1378 6597 1224 1377 6598 1225 1379 6599 1197 1378 6600 1225 1379 6601 1198 1380 6602 1198 1380 6603 1225 1379 6604 1226 1381 6605 1198 1380 6606 1226 1381 6607 1199 1382 6608 1199 1382 6609 1226 1381 6610 1227 1383 6611 1199 1382 6612 1227 1383 6613 1200 1384 6614 1200 1384 6615 1227 1383 6616 1228 1385 6617 1200 1384 6618 1228 1385 6619 1201 1386 6620 1201 1386 6621 1228 1385 6622 1229 1387 6623 1201 1386 6624 1229 1387 6625 1202 1388 6626 1202 1388 6627 1229 1387 6628 1230 1389 6629 1202 1388 6630 1230 1389 6631 1203 1390 6632 1203 1390 6633 1230 1389 6634 1231 1391 6635 1203 1390 6636 1231 1391 6637 1204 1392 6638 1204 1392 6639 1231 1391 6640 1232 1393 6641 1204 1392 6642 1232 1393 6643 1205 1394 6644 1205 1394 6645 1232 1393 6646 1233 1395 6647 1205 1394 6648 1233 1395 6649 1206 1396 6650 1206 1396 6651 1233 1395 6652 1234 1397 6653 1206 1396 6654 1234 1397 6655 1207 1398 6656 1207 1398 6657 1234 1397 6658 1235 1399 6659 1207 1398 6660 1235 1399 6661 1208 1400 6662 1208 1400 6663 1235 1399 6664 1236 1401 6665 1208 1400 6666 1236 1401 6667 1209 1402 6668 1209 1402 6669 1236 1401 6670 1237 1403 6671 1209 1402 6672 1237 1403 6673 1210 1404 6674 1210 1404 6675 1237 1403 6676 1238 1405 6677 1210 1404 6678 1238 1405 6679 1211 1406 6680 1211 1406 6681 1238 1405 6682 1239 1407 6683 1211 1406 6684 1239 1407 6685 1212 1408 6686 1212 1408 6687 1239 1407 6688 1240 1409 6689 1212 1408 6690 1240 1409 6691 1213 1410 6692 1213 1410 6693 1240 1409 6694 1241 1411 6695 1213 1410 6696 1241 1411 6697 1214 1412 6698 1214 1412 6699 1241 1411 6700 1242 1413 6701 1214 1412 6702 1242 1413 6703 1215 1414 6704 1215 1414 6705 1242 1413 6706 1243 1415 6707 1215 1414 6708 1243 1415 6709 1216 1360 6710 1216 1360 6711 1243 1415 6712 1244 1361 6713 1246 1416 6714 1163 1417 6715 1245 1418 6716 1245 1418 6717 1163 1417 6718 1162 1419 6719 1245 1418 6720 1162 1419 6721 1280 1420 6722 1280 1420 6723 1162 1419 6724 1161 1421 6725 1280 1420 6726 1161 1421 6727 1279 1422 6728 1279 1422 6729 1161 1421 6730 1160 1423 6731 1279 1422 6732 1160 1423 6733 1278 1424 6734 1278 1424 6735 1160 1423 6736 1159 1425 6737 1278 1424 6738 1159 1425 6739 1277 1426 6740 1277 1426 6741 1159 1425 6742 1158 1427 6743 1277 1426 6744 1158 1427 6745 1276 1428 6746 1276 1428 6747 1158 1427 6748 1157 1429 6749 1276 1428 6750 1157 1429 6751 1275 1430 6752 1275 1430 6753 1157 1429 6754 1188 1431 6755 1275 1430 6756 1188 1431 6757 1274 1432 6758 1274 1432 6759 1188 1431 6760 1187 1433 6761 1274 1432 6762 1187 1433 6763 1273 1434 6764 1273 1434 6765 1187 1433 6766 1186 1435 6767 1273 1434 6768 1186 1435 6769 1272 1436 6770 1272 1436 6771 1186 1435 6772 1185 1437 6773 1272 1436 6774 1185 1437 6775 1271 1438 6776 1271 1438 6777 1185 1437 6778 1184 1439 6779 1271 1438 6780 1184 1439 6781 1270 1440 6782 1270 1440 6783 1184 1439 6784 1183 1441 6785 1270 1440 6786 1183 1441 6787 1269 1442 6788 1269 1442 6789 1183 1441 6790 1182 1443 6791 1269 1442 6792 1182 1443 6793 1268 1444 6794 1268 1444 6795 1182 1443 6796 1181 1445 6797 1268 1444 6798 1181 1445 6799 1267 1446 6800 1267 1446 6801 1181 1445 6802 1266 1447 6803 1266 1447 6804 1181 1445 6805 1180 1448 6806 1266 1447 6807 1180 1448 6808 1265 1449 6809 1265 1449 6810 1180 1448 6811 1179 1450 6812 1265 1449 6813 1179 1450 6814 1264 1451 6815 1264 1451 6816 1179 1450 6817 1178 1452 6818 1264 1451 6819 1178 1452 6820 1263 1453 6821 1263 1453 6822 1178 1452 6823 1177 1454 6824 1263 1453 6825 1177 1454 6826 1262 1455 6827 1262 1455 6828 1177 1454 6829 1176 1456 6830 1262 1455 6831 1176 1456 6832 1261 1457 6833 1261 1457 6834 1176 1456 6835 1175 1458 6836 1261 1457 6837 1175 1458 6838 1260 1459 6839 1260 1459 6840 1175 1458 6841 1174 1460 6842 1260 1459 6843 1174 1460 6844 1259 1461 6845 1259 1461 6846 1174 1460 6847 1173 1462 6848 1259 1461 6849 1173 1462 6850 1258 1463 6851 1258 1463 6852 1173 1462 6853 1172 1464 6854 1258 1463 6855 1172 1464 6856 1257 1465 6857 1257 1465 6858 1172 1464 6859 1171 1466 6860 1257 1465 6861 1171 1466 6862 1256 1467 6863 1256 1467 6864 1171 1466 6865 1170 1468 6866 1256 1467 6867 1170 1468 6868 1255 1469 6869 1255 1469 6870 1170 1468 6871 1169 1470 6872 1255 1469 6873 1169 1470 6874 1254 1471 6875 1254 1471 6876 1169 1470 6877 1168 1472 6878 1254 1471 6879 1168 1472 6880 1253 1473 6881 1253 1473 6882 1168 1472 6883 1167 1474 6884 1253 1473 6885 1167 1474 6886 1252 1475 6887 1252 1475 6888 1167 1474 6889 1166 1476 6890 1252 1475 6891 1166 1476 6892 1251 1477 6893 1251 1477 6894 1166 1476 6895 1250 1478 6896 1250 1478 6897 1166 1476 6898 1165 1479 6899 1250 1478 6900 1165 1479 6901 1249 1480 6902 1249 1480 6903 1165 1479 6904 1248 1481 6905 1248 1481 6906 1165 1479 6907 1164 1482 6908 1248 1481 6909 1164 1482 6910 1247 1483 6911 1247 1483 6912 1164 1482 6913 1246 1416 6914 1246 1416 6915 1164 1482 6916 1163 1417 6917 1282 1484 6918 1343 1485 6919 1281 1486 6920 1281 1486 6921 1343 1485 6922 1344 1487 6923 1281 1486 6924 1344 1487 6925 1304 1488 6926 1304 1488 6927 1344 1487 6928 1345 1489 6929 1304 1488 6930 1345 1489 6931 1303 1490 6932 1303 1490 6933 1345 1489 6934 1346 1491 6935 1303 1490 6936 1346 1491 6937 1302 1492 6938 1302 1492 6939 1346 1491 6940 1347 1493 6941 1302 1492 6942 1347 1493 6943 1301 1494 6944 1301 1494 6945 1347 1493 6946 1348 1495 6947 1301 1494 6948 1348 1495 6949 1300 1496 6950 1300 1496 6951 1348 1495 6952 1349 1497 6953 1300 1496 6954 1349 1497 6955 1299 1498 6956 1299 1498 6957 1349 1497 6958 1350 1499 6959 1299 1498 6960 1350 1499 6961 1298 1500 6962 1298 1500 6963 1350 1499 6964 1351 1501 6965 1298 1500 6966 1351 1501 6967 1297 1502 6968 1297 1502 6969 1351 1501 6970 1352 1503 6971 1297 1502 6972 1352 1503 6973 1296 1504 6974 1296 1504 6975 1352 1503 6976 1353 1505 6977 1296 1504 6978 1353 1505 6979 1295 1506 6980 1295 1506 6981 1353 1505 6982 1354 1507 6983 1295 1506 6984 1354 1507 6985 1294 1508 6986 1294 1508 6987 1354 1507 6988 1355 1509 6989 1294 1508 6990 1355 1509 6991 1293 1510 6992 1293 1510 6993 1355 1509 6994 1356 1511 6995 1293 1510 6996 1356 1511 6997 1292 1512 6998 1292 1512 6999 1356 1511 7000 1357 1513 7001 1292 1512 7002 1357 1513 7003 1291 1514 7004 1291 1514 7005 1357 1513 7006 1358 1515 7007 1291 1514 7008 1358 1515 7009 1290 1516 7010 1290 1516 7011 1358 1515 7012 1359 1517 7013 1290 1516 7014 1359 1517 7015 1289 1518 7016 1289 1518 7017 1359 1517 7018 1360 1519 7019 1289 1518 7020 1360 1519 7021 1288 1520 7022 1288 1520 7023 1360 1519 7024 1329 1521 7025 1288 1520 7026 1329 1521 7027 1287 1522 7028 1287 1522 7029 1329 1521 7030 1338 1523 7031 1287 1522 7032 1338 1523 7033 1286 1524 7034 1286 1524 7035 1338 1523 7036 1339 1525 7037 1286 1524 7038 1339 1525 7039 1285 1526 7040 1285 1526 7041 1339 1525 7042 1340 1527 7043 1285 1526 7044 1340 1527 7045 1284 1528 7046 1284 1528 7047 1340 1527 7048 1341 1529 7049 1284 1528 7050 1341 1529 7051 1283 1530 7052 1283 1530 7053 1341 1529 7054 1342 1531 7055 1283 1530 7056 1342 1531 7057 1282 1484 7058 1282 1484 7059 1342 1531 7060 1343 1485 7061 1306 1532 7062 1378 1533 7063 1305 1534 7064 1305 1534 7065 1378 1533 7066 1379 1535 7067 1305 1534 7068 1379 1535 7069 1328 1536 7070 1328 1536 7071 1379 1535 7072 1380 1537 7073 1328 1536 7074 1380 1537 7075 1327 1538 7076 1327 1538 7077 1380 1537 7078 1381 1539 7079 1327 1538 7080 1381 1539 7081 1326 1540 7082 1326 1540 7083 1381 1539 7084 1382 1541 7085 1326 1540 7086 1382 1541 7087 1325 1542 7088 1325 1542 7089 1382 1541 7090 1383 1543 7091 1325 1542 7092 1383 1543 7093 1324 1544 7094 1324 1544 7095 1383 1543 7096 1337 1545 7097 1324 1544 7098 1337 1545 7099 1323 1546 7100 1323 1546 7101 1337 1545 7102 1361 1547 7103 1323 1546 7104 1361 1547 7105 1322 1548 7106 1322 1548 7107 1361 1547 7108 1362 1549 7109 1322 1548 7110 1362 1549 7111 1321 1550 7112 1321 1550 7113 1362 1549 7114 1363 1551 7115 1321 1550 7116 1363 1551 7117 1320 1552 7118 1320 1552 7119 1363 1551 7120 1364 1553 7121 1320 1552 7122 1364 1553 7123 1319 1554 7124 1319 1554 7125 1364 1553 7126 1365 1555 7127 1319 1554 7128 1365 1555 7129 1318 1556 7130 1318 1556 7131 1365 1555 7132 1366 1557 7133 1318 1556 7134 1366 1557 7135 1317 1558 7136 1317 1558 7137 1366 1557 7138 1367 1559 7139 1317 1558 7140 1367 1559 7141 1316 1560 7142 1316 1560 7143 1367 1559 7144 1368 1561 7145 1316 1560 7146 1368 1561 7147 1315 1562 7148 1315 1562 7149 1368 1561 7150 1369 1563 7151 1315 1562 7152 1369 1563 7153 1314 1564 7154 1314 1564 7155 1369 1563 7156 1370 1565 7157 1314 1564 7158 1370 1565 7159 1313 1566 7160 1313 1566 7161 1370 1565 7162 1371 1567 7163 1313 1566 7164 1371 1567 7165 1312 1568 7166 1312 1568 7167 1371 1567 7168 1372 1569 7169 1312 1568 7170 1372 1569 7171 1311 1570 7172 1311 1570 7173 1372 1569 7174 1373 1571 7175 1311 1570 7176 1373 1571 7177 1310 1572 7178 1310 1572 7179 1373 1571 7180 1374 1573 7181 1310 1572 7182 1374 1573 7183 1309 1574 7184 1309 1574 7185 1374 1573 7186 1375 1575 7187 1309 1574 7188 1375 1575 7189 1308 1576 7190 1308 1576 7191 1375 1575 7192 1376 1577 7193 1308 1576 7194 1376 1577 7195 1307 1578 7196 1307 1578 7197 1376 1577 7198 1377 1579 7199 1307 1578 7200 1377 1579 7201 1306 1532 7202 1306 1532 7203 1377 1579 7204 1378 1533 7205 1329 1521 7206 1330 1580 7207 1384 1581 7208 1384 1581 7209 1330 1580 7210 1407 1582 7211 1384 1581 7212 1407 1582 7213 1408 1583 7214 1408 1583 7215 1407 1582 7216 1431 1584 7217 1408 1583 7218 1431 1584 7219 1432 1585 7220 1432 1585 7221 1431 1584 7222 1455 1586 7223 1432 1585 7224 1455 1586 7225 1456 1587 7226 1456 1587 7227 1455 1586 7228 1479 1588 7229 1456 1587 7230 1479 1588 7231 1480 1589 7232 1480 1589 7233 1479 1588 7234 1503 1590 7235 1480 1589 7236 1503 1590 7237 1504 1591 7238 1504 1591 7239 1503 1590 7240 1527 1592 7241 1504 1591 7242 1527 1592 7243 1528 1593 7244 1528 1593 7245 1527 1592 7246 1377 1579 7247 1528 1593 7248 1377 1579 7249 1376 1577 7250 1330 1580 7251 1331 1594 7252 1407 1582 7253 1407 1582 7254 1331 1594 7255 1430 1595 7256 1407 1582 7257 1430 1595 7258 1431 1584 7259 1431 1584 7260 1430 1595 7261 1454 1596 7262 1431 1584 7263 1454 1596 7264 1455 1586 7265 1455 1586 7266 1454 1596 7267 1478 1597 7268 1455 1586 7269 1478 1597 7270 1479 1588 7271 1479 1588 7272 1478 1597 7273 1502 1598 7274 1479 1588 7275 1502 1598 7276 1503 1590 7277 1503 1590 7278 1502 1598 7279 1526 1599 7280 1503 1590 7281 1526 1599 7282 1527 1592 7283 1527 1592 7284 1526 1599 7285 1378 1533 7286 1527 1592 7287 1378 1533 7288 1377 1579 7289 1329 1521 7290 1360 1519 7291 1330 1580 7292 1330 1580 7293 1360 1519 7294 1406 1600 7295 1330 1580 7296 1406 1600 7297 1331 1594 7298 1331 1594 7299 1406 1600 7300 1429 1601 7301 1331 1594 7302 1429 1601 7303 1332 1602 7304 1332 1602 7305 1429 1601 7306 1452 1603 7307 1332 1602 7308 1452 1603 7309 1333 1604 7310 1333 1604 7311 1452 1603 7312 1475 1605 7313 1333 1604 7314 1475 1605 7315 1334 1606 7316 1334 1606 7317 1475 1605 7318 1498 1607 7319 1334 1606 7320 1498 1607 7321 1335 1608 7322 1335 1608 7323 1498 1607 7324 1521 1609 7325 1335 1608 7326 1521 1609 7327 1336 1610 7328 1336 1610 7329 1521 1609 7330 1544 1611 7331 1336 1610 7332 1544 1611 7333 1337 1545 7334 1337 1545 7335 1544 1611 7336 1361 1547 7337 1331 1594 7338 1332 1602 7339 1430 1595 7340 1430 1595 7341 1332 1602 7342 1453 1612 7343 1430 1595 7344 1453 1612 7345 1454 1596 7346 1454 1596 7347 1453 1612 7348 1477 1613 7349 1454 1596 7350 1477 1613 7351 1478 1597 7352 1478 1597 7353 1477 1613 7354 1501 1614 7355 1478 1597 7356 1501 1614 7357 1502 1598 7358 1502 1598 7359 1501 1614 7360 1525 1615 7361 1502 1598 7362 1525 1615 7363 1526 1599 7364 1526 1599 7365 1525 1615 7366 1379 1535 7367 1526 1599 7368 1379 1535 7369 1378 1533 7370 1332 1602 7371 1333 1604 7372 1453 1612 7373 1453 1612 7374 1333 1604 7375 1476 1616 7376 1453 1612 7377 1476 1616 7378 1477 1613 7379 1477 1613 7380 1476 1616 7381 1500 1617 7382 1477 1613 7383 1500 1617 7384 1501 1614 7385 1501 1614 7386 1500 1617 7387 1524 1618 7388 1501 1614 7389 1524 1618 7390 1525 1615 7391 1525 1615 7392 1524 1618 7393 1380 1537 7394 1525 1615 7395 1380 1537 7396 1379 1535 7397 1333 1604 7398 1334 1606 7399 1476 1616 7400 1476 1616 7401 1334 1606 7402 1499 1619 7403 1476 1616 7404 1499 1619 7405 1500 1617 7406 1500 1617 7407 1499 1619 7408 1523 1620 7409 1500 1617 7410 1523 1620 7411 1524 1618 7412 1524 1618 7413 1523 1620 7414 1381 1539 7415 1524 1618 7416 1381 1539 7417 1380 1537 7418 1334 1606 7419 1335 1608 7420 1499 1619 7421 1499 1619 7422 1335 1608 7423 1522 1621 7424 1499 1619 7425 1522 1621 7426 1523 1620 7427 1523 1620 7428 1522 1621 7429 1382 1541 7430 1523 1620 7431 1382 1541 7432 1381 1539 7433 1335 1608 7434 1336 1610 7435 1522 1621 7436 1522 1621 7437 1336 1610 7438 1383 1543 7439 1522 1621 7440 1383 1543 7441 1382 1541 7442 1336 1610 7443 1337 1545 7444 1383 1543 7445 1338 1523 7446 1329 1521 7447 1384 1581 7448 1339 1525 7449 1338 1523 7450 1385 1622 7451 1385 1622 7452 1338 1523 7453 1384 1581 7454 1385 1622 7455 1384 1581 7456 1408 1583 7457 1340 1527 7458 1339 1525 7459 1386 1623 7460 1386 1623 7461 1339 1525 7462 1385 1622 7463 1386 1623 7464 1385 1622 7465 1409 1624 7466 1409 1624 7467 1385 1622 7468 1408 1583 7469 1409 1624 7470 1408 1583 7471 1432 1585 7472 1341 1529 7473 1340 1527 7474 1387 1625 7475 1387 1625 7476 1340 1527 7477 1386 1623 7478 1387 1625 7479 1386 1623 7480 1410 1626 7481 1410 1626 7482 1386 1623 7483 1409 1624 7484 1410 1626 7485 1409 1624 7486 1433 1627 7487 1433 1627 7488 1409 1624 7489 1432 1585 7490 1433 1627 7491 1432 1585 7492 1456 1587 7493 1342 1531 7494 1341 1529 7495 1388 1628 7496 1388 1628 7497 1341 1529 7498 1387 1625 7499 1388 1628 7500 1387 1625 7501 1411 1629 7502 1411 1629 7503 1387 1625 7504 1410 1626 7505 1411 1629 7506 1410 1626 7507 1434 1630 7508 1434 1630 7509 1410 1626 7510 1433 1627 7511 1434 1630 7512 1433 1627 7513 1457 1631 7514 1457 1631 7515 1433 1627 7516 1456 1587 7517 1457 1631 7518 1456 1587 7519 1480 1589 7520 1343 1485 7521 1342 1531 7522 1389 1632 7523 1389 1632 7524 1342 1531 7525 1388 1628 7526 1389 1632 7527 1388 1628 7528 1412 1633 7529 1412 1633 7530 1388 1628 7531 1411 1629 7532 1412 1633 7533 1411 1629 7534 1435 1634 7535 1435 1634 7536 1411 1629 7537 1434 1630 7538 1435 1634 7539 1434 1630 7540 1458 1635 7541 1458 1635 7542 1434 1630 7543 1457 1631 7544 1458 1635 7545 1457 1631 7546 1481 1636 7547 1481 1636 7548 1457 1631 7549 1480 1589 7550 1481 1636 7551 1480 1589 7552 1504 1591 7553 1344 1487 7554 1343 1485 7555 1390 1637 7556 1390 1637 7557 1343 1485 7558 1389 1632 7559 1390 1637 7560 1389 1632 7561 1413 1638 7562 1413 1638 7563 1389 1632 7564 1412 1633 7565 1413 1638 7566 1412 1633 7567 1436 1639 7568 1436 1639 7569 1412 1633 7570 1435 1634 7571 1436 1639 7572 1435 1634 7573 1459 1640 7574 1459 1640 7575 1435 1634 7576 1458 1635 7577 1459 1640 7578 1458 1635 7579 1482 1641 7580 1482 1641 7581 1458 1635 7582 1481 1636 7583 1482 1641 7584 1481 1636 7585 1505 1642 7586 1505 1642 7587 1481 1636 7588 1504 1591 7589 1505 1642 7590 1504 1591 7591 1528 1593 7592 1345 1489 7593 1344 1487 7594 1391 1643 7595 1391 1643 7596 1344 1487 7597 1390 1637 7598 1391 1643 7599 1390 1637 7600 1414 1644 7601 1414 1644 7602 1390 1637 7603 1413 1638 7604 1414 1644 7605 1413 1638 7606 1437 1645 7607 1437 1645 7608 1413 1638 7609 1436 1639 7610 1437 1645 7611 1436 1639 7612 1460 1646 7613 1460 1646 7614 1436 1639 7615 1459 1640 7616 1460 1646 7617 1459 1640 7618 1483 1647 7619 1483 1647 7620 1459 1640 7621 1482 1641 7622 1483 1647 7623 1482 1641 7624 1506 1648 7625 1506 1648 7626 1482 1641 7627 1505 1642 7628 1506 1648 7629 1505 1642 7630 1529 1649 7631 1529 1649 7632 1505 1642 7633 1528 1593 7634 1529 1649 7635 1528 1593 7636 1376 1577 7637 1346 1491 7638 1345 1489 7639 1392 1650 7640 1392 1650 7641 1345 1489 7642 1391 1643 7643 1392 1650 7644 1391 1643 7645 1415 1651 7646 1415 1651 7647 1391 1643 7648 1414 1644 7649 1415 1651 7650 1414 1644 7651 1438 1652 7652 1438 1652 7653 1414 1644 7654 1437 1645 7655 1438 1652 7656 1437 1645 7657 1461 1653 7658 1461 1653 7659 1437 1645 7660 1460 1646 7661 1461 1653 7662 1460 1646 7663 1484 1654 7664 1484 1654 7665 1460 1646 7666 1483 1647 7667 1484 1654 7668 1483 1647 7669 1507 1655 7670 1507 1655 7671 1483 1647 7672 1506 1648 7673 1507 1655 7674 1506 1648 7675 1530 1656 7676 1530 1656 7677 1506 1648 7678 1529 1649 7679 1530 1656 7680 1529 1649 7681 1375 1575 7682 1375 1575 7683 1529 1649 7684 1376 1577 7685 1347 1493 7686 1346 1491 7687 1393 1657 7688 1393 1657 7689 1346 1491 7690 1392 1650 7691 1393 1657 7692 1392 1650 7693 1416 1658 7694 1416 1658 7695 1392 1650 7696 1415 1651 7697 1416 1658 7698 1415 1651 7699 1439 1659 7700 1439 1659 7701 1415 1651 7702 1438 1652 7703 1439 1659 7704 1438 1652 7705 1462 1660 7706 1462 1660 7707 1438 1652 7708 1461 1653 7709 1462 1660 7710 1461 1653 7711 1485 1661 7712 1485 1661 7713 1461 1653 7714 1484 1654 7715 1485 1661 7716 1484 1654 7717 1508 1662 7718 1508 1662 7719 1484 1654 7720 1507 1655 7721 1508 1662 7722 1507 1655 7723 1531 1663 7724 1531 1663 7725 1507 1655 7726 1530 1656 7727 1531 1663 7728 1530 1656 7729 1374 1573 7730 1374 1573 7731 1530 1656 7732 1375 1575 7733 1348 1495 7734 1347 1493 7735 1394 1664 7736 1394 1664 7737 1347 1493 7738 1393 1657 7739 1394 1664 7740 1393 1657 7741 1417 1665 7742 1417 1665 7743 1393 1657 7744 1416 1658 7745 1417 1665 7746 1416 1658 7747 1440 1666 7748 1440 1666 7749 1416 1658 7750 1439 1659 7751 1440 1666 7752 1439 1659 7753 1463 1667 7754 1463 1667 7755 1439 1659 7756 1462 1660 7757 1463 1667 7758 1462 1660 7759 1486 1668 7760 1486 1668 7761 1462 1660 7762 1485 1661 7763 1486 1668 7764 1485 1661 7765 1509 1669 7766 1509 1669 7767 1485 1661 7768 1508 1662 7769 1509 1669 7770 1508 1662 7771 1532 1670 7772 1532 1670 7773 1508 1662 7774 1531 1663 7775 1532 1670 7776 1531 1663 7777 1373 1571 7778 1373 1571 7779 1531 1663 7780 1374 1573 7781 1349 1497 7782 1348 1495 7783 1395 1671 7784 1395 1671 7785 1348 1495 7786 1394 1664 7787 1395 1671 7788 1394 1664 7789 1418 1672 7790 1418 1672 7791 1394 1664 7792 1417 1665 7793 1418 1672 7794 1417 1665 7795 1441 1673 7796 1441 1673 7797 1417 1665 7798 1440 1666 7799 1441 1673 7800 1440 1666 7801 1464 1674 7802 1464 1674 7803 1440 1666 7804 1463 1667 7805 1464 1674 7806 1463 1667 7807 1487 1675 7808 1487 1675 7809 1463 1667 7810 1486 1668 7811 1487 1675 7812 1486 1668 7813 1510 1676 7814 1510 1676 7815 1486 1668 7816 1509 1669 7817 1510 1676 7818 1509 1669 7819 1533 1677 7820 1533 1677 7821 1509 1669 7822 1532 1670 7823 1533 1677 7824 1532 1670 7825 1372 1569 7826 1372 1569 7827 1532 1670 7828 1373 1571 7829 1350 1499 7830 1349 1497 7831 1396 1678 7832 1396 1678 7833 1349 1497 7834 1395 1671 7835 1396 1678 7836 1395 1671 7837 1419 1679 7838 1419 1679 7839 1395 1671 7840 1418 1672 7841 1419 1679 7842 1418 1672 7843 1442 1680 7844 1442 1680 7845 1418 1672 7846 1441 1673 7847 1442 1680 7848 1441 1673 7849 1465 1681 7850 1465 1681 7851 1441 1673 7852 1464 1674 7853 1465 1681 7854 1464 1674 7855 1488 1682 7856 1488 1682 7857 1464 1674 7858 1487 1675 7859 1488 1682 7860 1487 1675 7861 1511 1683 7862 1511 1683 7863 1487 1675 7864 1510 1676 7865 1511 1683 7866 1510 1676 7867 1534 1684 7868 1534 1684 7869 1510 1676 7870 1533 1677 7871 1534 1684 7872 1533 1677 7873 1371 1567 7874 1371 1567 7875 1533 1677 7876 1372 1569 7877 1351 1501 7878 1350 1499 7879 1397 1685 7880 1397 1685 7881 1350 1499 7882 1396 1678 7883 1397 1685 7884 1396 1678 7885 1420 1686 7886 1420 1686 7887 1396 1678 7888 1419 1679 7889 1420 1686 7890 1419 1679 7891 1443 1687 7892 1443 1687 7893 1419 1679 7894 1442 1680 7895 1443 1687 7896 1442 1680 7897 1466 1688 7898 1466 1688 7899 1442 1680 7900 1465 1681 7901 1466 1688 7902 1465 1681 7903 1489 1689 7904 1489 1689 7905 1465 1681 7906 1488 1682 7907 1489 1689 7908 1488 1682 7909 1512 1690 7910 1512 1690 7911 1488 1682 7912 1511 1683 7913 1512 1690 7914 1511 1683 7915 1535 1691 7916 1535 1691 7917 1511 1683 7918 1534 1684 7919 1535 1691 7920 1534 1684 7921 1370 1565 7922 1370 1565 7923 1534 1684 7924 1371 1567 7925 1352 1503 7926 1351 1501 7927 1398 1692 7928 1398 1692 7929 1351 1501 7930 1397 1685 7931 1398 1692 7932 1397 1685 7933 1421 1693 7934 1421 1693 7935 1397 1685 7936 1420 1686 7937 1421 1693 7938 1420 1686 7939 1444 1694 7940 1444 1694 7941 1420 1686 7942 1443 1687 7943 1444 1694 7944 1443 1687 7945 1467 1695 7946 1467 1695 7947 1443 1687 7948 1466 1688 7949 1467 1695 7950 1466 1688 7951 1490 1696 7952 1490 1696 7953 1466 1688 7954 1489 1689 7955 1490 1696 7956 1489 1689 7957 1513 1697 7958 1513 1697 7959 1489 1689 7960 1512 1690 7961 1513 1697 7962 1512 1690 7963 1536 1698 7964 1536 1698 7965 1512 1690 7966 1535 1691 7967 1536 1698 7968 1535 1691 7969 1369 1563 7970 1369 1563 7971 1535 1691 7972 1370 1565 7973 1353 1505 7974 1352 1503 7975 1399 1699 7976 1399 1699 7977 1352 1503 7978 1398 1692 7979 1399 1699 7980 1398 1692 7981 1422 1700 7982 1422 1700 7983 1398 1692 7984 1421 1693 7985 1422 1700 7986 1421 1693 7987 1445 1701 7988 1445 1701 7989 1421 1693 7990 1444 1694 7991 1445 1701 7992 1444 1694 7993 1468 1702 7994 1468 1702 7995 1444 1694 7996 1467 1695 7997 1468 1702 7998 1467 1695 7999 1491 1703 8000 1491 1703 8001 1467 1695 8002 1490 1696 8003 1491 1703 8004 1490 1696 8005 1514 1704 8006 1514 1704 8007 1490 1696 8008 1513 1697 8009 1514 1704 8010 1513 1697 8011 1537 1705 8012 1537 1705 8013 1513 1697 8014 1536 1698 8015 1537 1705 8016 1536 1698 8017 1368 1561 8018 1368 1561 8019 1536 1698 8020 1369 1563 8021 1354 1507 8022 1353 1505 8023 1400 1706 8024 1400 1706 8025 1353 1505 8026 1399 1699 8027 1400 1706 8028 1399 1699 8029 1423 1707 8030 1423 1707 8031 1399 1699 8032 1422 1700 8033 1423 1707 8034 1422 1700 8035 1446 1708 8036 1446 1708 8037 1422 1700 8038 1445 1701 8039 1446 1708 8040 1445 1701 8041 1469 1709 8042 1469 1709 8043 1445 1701 8044 1468 1702 8045 1469 1709 8046 1468 1702 8047 1492 1710 8048 1492 1710 8049 1468 1702 8050 1491 1703 8051 1492 1710 8052 1491 1703 8053 1515 1711 8054 1515 1711 8055 1491 1703 8056 1514 1704 8057 1515 1711 8058 1514 1704 8059 1538 1712 8060 1538 1712 8061 1514 1704 8062 1537 1705 8063 1538 1712 8064 1537 1705 8065 1367 1559 8066 1367 1559 8067 1537 1705 8068 1368 1561 8069 1355 1509 8070 1354 1507 8071 1401 1713 8072 1401 1713 8073 1354 1507 8074 1400 1706 8075 1401 1713 8076 1400 1706 8077 1424 1714 8078 1424 1714 8079 1400 1706 8080 1423 1707 8081 1424 1714 8082 1423 1707 8083 1447 1715 8084 1447 1715 8085 1423 1707 8086 1446 1708 8087 1447 1715 8088 1446 1708 8089 1470 1716 8090 1470 1716 8091 1446 1708 8092 1469 1709 8093 1470 1716 8094 1469 1709 8095 1493 1717 8096 1493 1717 8097 1469 1709 8098 1492 1710 8099 1493 1717 8100 1492 1710 8101 1516 1718 8102 1516 1718 8103 1492 1710 8104 1515 1711 8105 1516 1718 8106 1515 1711 8107 1539 1719 8108 1539 1719 8109 1515 1711 8110 1538 1712 8111 1539 1719 8112 1538 1712 8113 1366 1557 8114 1366 1557 8115 1538 1712 8116 1367 1559 8117 1356 1511 8118 1355 1509 8119 1402 1720 8120 1402 1720 8121 1355 1509 8122 1401 1713 8123 1402 1720 8124 1401 1713 8125 1425 1721 8126 1425 1721 8127 1401 1713 8128 1424 1714 8129 1425 1721 8130 1424 1714 8131 1448 1722 8132 1448 1722 8133 1424 1714 8134 1447 1715 8135 1448 1722 8136 1447 1715 8137 1471 1723 8138 1471 1723 8139 1447 1715 8140 1470 1716 8141 1471 1723 8142 1470 1716 8143 1494 1724 8144 1494 1724 8145 1470 1716 8146 1493 1717 8147 1494 1724 8148 1493 1717 8149 1517 1725 8150 1517 1725 8151 1493 1717 8152 1516 1718 8153 1517 1725 8154 1516 1718 8155 1540 1726 8156 1540 1726 8157 1516 1718 8158 1539 1719 8159 1540 1726 8160 1539 1719 8161 1365 1555 8162 1365 1555 8163 1539 1719 8164 1366 1557 8165 1357 1513 8166 1356 1511 8167 1403 1727 8168 1403 1727 8169 1356 1511 8170 1402 1720 8171 1403 1727 8172 1402 1720 8173 1426 1728 8174 1426 1728 8175 1402 1720 8176 1425 1721 8177 1426 1728 8178 1425 1721 8179 1449 1729 8180 1449 1729 8181 1425 1721 8182 1448 1722 8183 1449 1729 8184 1448 1722 8185 1472 1730 8186 1472 1730 8187 1448 1722 8188 1471 1723 8189 1472 1730 8190 1471 1723 8191 1495 1731 8192 1495 1731 8193 1471 1723 8194 1494 1724 8195 1495 1731 8196 1494 1724 8197 1518 1732 8198 1518 1732 8199 1494 1724 8200 1517 1725 8201 1518 1732 8202 1517 1725 8203 1541 1733 8204 1541 1733 8205 1517 1725 8206 1540 1726 8207 1541 1733 8208 1540 1726 8209 1364 1553 8210 1364 1553 8211 1540 1726 8212 1365 1555 8213 1358 1515 8214 1357 1513 8215 1404 1734 8216 1404 1734 8217 1357 1513 8218 1403 1727 8219 1404 1734 8220 1403 1727 8221 1427 1735 8222 1427 1735 8223 1403 1727 8224 1426 1728 8225 1427 1735 8226 1426 1728 8227 1450 1736 8228 1450 1736 8229 1426 1728 8230 1449 1729 8231 1450 1736 8232 1449 1729 8233 1473 1737 8234 1473 1737 8235 1449 1729 8236 1472 1730 8237 1473 1737 8238 1472 1730 8239 1496 1738 8240 1496 1738 8241 1472 1730 8242 1495 1731 8243 1496 1738 8244 1495 1731 8245 1519 1739 8246 1519 1739 8247 1495 1731 8248 1518 1732 8249 1519 1739 8250 1518 1732 8251 1542 1740 8252 1542 1740 8253 1518 1732 8254 1541 1733 8255 1542 1740 8256 1541 1733 8257 1363 1551 8258 1363 1551 8259 1541 1733 8260 1364 1553 8261 1406 1600 8262 1360 1519 8263 1359 1517 8264 1359 1517 8265 1358 1515 8266 1405 1741 8267 1405 1741 8268 1358 1515 8269 1404 1734 8270 1405 1741 8271 1404 1734 8272 1428 1742 8273 1428 1742 8274 1404 1734 8275 1427 1735 8276 1428 1742 8277 1427 1735 8278 1451 1743 8279 1451 1743 8280 1427 1735 8281 1450 1736 8282 1451 1743 8283 1450 1736 8284 1474 1744 8285 1474 1744 8286 1450 1736 8287 1473 1737 8288 1474 1744 8289 1473 1737 8290 1497 1745 8291 1497 1745 8292 1473 1737 8293 1496 1738 8294 1497 1745 8295 1496 1738 8296 1520 1746 8297 1520 1746 8298 1496 1738 8299 1519 1739 8300 1520 1746 8301 1519 1739 8302 1543 1747 8303 1543 1747 8304 1519 1739 8305 1542 1740 8306 1543 1747 8307 1542 1740 8308 1362 1549 8309 1362 1549 8310 1542 1740 8311 1363 1551 8312 1543 1747 8313 1362 1549 8314 1361 1547 8315 1543 1747 8316 1361 1547 8317 1544 1611 8318 1429 1601 8319 1406 1600 8320 1405 1741 8321 1405 1741 8322 1406 1600 8323 1359 1517 8324 1429 1601 8325 1405 1741 8326 1428 1742 8327 1452 1603 8328 1429 1601 8329 1428 1742 8330 1452 1603 8331 1428 1742 8332 1451 1743 8333 1475 1605 8334 1452 1603 8335 1451 1743 8336 1475 1605 8337 1451 1743 8338 1474 1744 8339 1498 1607 8340 1475 1605 8341 1474 1744 8342 1498 1607 8343 1474 1744 8344 1497 1745 8345 1521 1609 8346 1498 1607 8347 1497 1745 8348 1521 1609 8349 1497 1745 8350 1520 1746 8351 1544 1611 8352 1521 1609 8353 1520 1746 8354 1544 1611 8355 1520 1746 8356 1543 1747 8357 1253 1748 8358 1545 1749 8359 1598 1750 8360 1598 1750 8361 1545 1749 8362 1546 1751 8363 1598 1750 8364 1546 1751 8365 1597 1752 8366 1597 1752 8367 1546 1751 8368 1547 1753 8369 1597 1752 8370 1547 1753 8371 1596 1754 8372 1596 1754 8373 1547 1753 8374 1548 1755 8375 1596 1754 8376 1548 1755 8377 1595 1756 8378 1595 1756 8379 1548 1755 8380 1549 1757 8381 1595 1756 8382 1549 1757 8383 1594 1758 8384 1594 1758 8385 1549 1757 8386 1550 1759 8387 1594 1758 8388 1550 1759 8389 1593 1760 8390 1593 1760 8391 1550 1759 8392 1551 1761 8393 1593 1760 8394 1551 1761 8395 1592 1762 8396 1592 1762 8397 1551 1761 8398 1552 1763 8399 1592 1762 8400 1552 1763 8401 1591 1764 8402 1591 1764 8403 1552 1763 8404 1553 1765 8405 1591 1764 8406 1553 1765 8407 1590 1766 8408 1590 1766 8409 1553 1765 8410 1554 1767 8411 1590 1766 8412 1554 1767 8413 1589 1768 8414 1589 1768 8415 1554 1767 8416 1555 1769 8417 1589 1768 8418 1555 1769 8419 1588 1770 8420 1588 1770 8421 1555 1769 8422 1556 1771 8423 1588 1770 8424 1556 1771 8425 1587 1772 8426 1587 1772 8427 1556 1771 8428 1557 1773 8429 1587 1772 8430 1557 1773 8431 1586 1774 8432 1586 1774 8433 1557 1773 8434 1558 1775 8435 1586 1774 8436 1558 1775 8437 1585 1776 8438 1585 1776 8439 1558 1775 8440 1559 1777 8441 1585 1776 8442 1559 1777 8443 1584 1778 8444 1584 1778 8445 1559 1777 8446 1560 1779 8447 1584 1778 8448 1560 1779 8449 1583 1780 8450 1583 1780 8451 1560 1779 8452 1561 1781 8453 1583 1780 8454 1561 1781 8455 1582 1782 8456 1582 1782 8457 1561 1781 8458 1562 1783 8459 1582 1782 8460 1562 1783 8461 1581 1784 8462 1581 1784 8463 1562 1783 8464 1563 1785 8465 1581 1784 8466 1563 1785 8467 1580 1786 8468 1580 1786 8469 1563 1785 8470 1564 1787 8471 1580 1786 8472 1564 1787 8473 1579 1788 8474 1579 1788 8475 1564 1787 8476 1565 1789 8477 1579 1788 8478 1565 1789 8479 1578 1790 8480 1578 1790 8481 1565 1789 8482 1566 1791 8483 1578 1790 8484 1566 1791 8485 1577 1792 8486 1577 1792 8487 1566 1791 8488 1567 1793 8489 1577 1792 8490 1567 1793 8491 1576 1794 8492 1576 1794 8493 1567 1793 8494 1568 1795 8495 1576 1794 8496 1568 1795 8497 1575 1796 8498 1575 1796 8499 1568 1795 8500 1569 1797 8501 1575 1796 8502 1569 1797 8503 1574 1798 8504 1574 1798 8505 1569 1797 8506 1570 1799 8507 1574 1798 8508 1570 1799 8509 1573 1800 8510 1573 1800 8511 1570 1799 8512 1571 1801 8513 1573 1800 8514 1571 1801 8515 1572 1802 8516 1572 1802 8517 1571 1801 8518 1245 1803 8519 1245 1804 8520 1280 1420 8521 1625 1805 8522 1625 1805 8523 1280 1420 8524 1279 1422 8525 1625 1805 8526 1279 1422 8527 1624 1806 8528 1624 1806 8529 1279 1422 8530 1278 1424 8531 1624 1806 8532 1278 1424 8533 1623 1807 8534 1623 1807 8535 1278 1424 8536 1277 1426 8537 1623 1807 8538 1277 1426 8539 1622 1808 8540 1622 1808 8541 1277 1426 8542 1276 1428 8543 1622 1808 8544 1276 1428 8545 1621 1809 8546 1621 1809 8547 1276 1428 8548 1275 1430 8549 1621 1809 8550 1275 1430 8551 1620 1810 8552 1620 1810 8553 1275 1430 8554 1274 1432 8555 1620 1810 8556 1274 1432 8557 1619 1811 8558 1619 1811 8559 1274 1432 8560 1273 1434 8561 1619 1811 8562 1273 1434 8563 1618 1812 8564 1618 1812 8565 1273 1434 8566 1272 1436 8567 1618 1812 8568 1272 1436 8569 1617 1813 8570 1617 1813 8571 1272 1436 8572 1271 1438 8573 1617 1813 8574 1271 1438 8575 1616 1814 8576 1616 1814 8577 1271 1438 8578 1270 1440 8579 1616 1814 8580 1270 1440 8581 1615 1815 8582 1615 1815 8583 1270 1440 8584 1269 1442 8585 1615 1815 8586 1269 1442 8587 1614 1816 8588 1614 1816 8589 1269 1442 8590 1268 1444 8591 1614 1816 8592 1268 1444 8593 1613 1817 8594 1613 1817 8595 1268 1444 8596 1267 1446 8597 1613 1817 8598 1267 1446 8599 1612 1818 8600 1612 1818 8601 1267 1446 8602 1266 1447 8603 1612 1818 8604 1266 1447 8605 1611 1819 8606 1611 1819 8607 1266 1447 8608 1265 1449 8609 1611 1819 8610 1265 1449 8611 1610 1820 8612 1610 1820 8613 1265 1449 8614 1264 1451 8615 1610 1820 8616 1264 1451 8617 1609 1821 8618 1609 1821 8619 1264 1451 8620 1263 1453 8621 1609 1821 8622 1263 1453 8623 1608 1822 8624 1608 1822 8625 1263 1453 8626 1262 1455 8627 1608 1822 8628 1262 1455 8629 1607 1823 8630 1607 1823 8631 1262 1455 8632 1261 1457 8633 1607 1823 8634 1261 1457 8635 1606 1824 8636 1606 1824 8637 1261 1457 8638 1260 1459 8639 1606 1824 8640 1260 1459 8641 1605 1825 8642 1605 1825 8643 1260 1459 8644 1259 1461 8645 1605 1825 8646 1259 1461 8647 1604 1826 8648 1604 1826 8649 1259 1461 8650 1258 1463 8651 1604 1826 8652 1258 1463 8653 1603 1827 8654 1603 1827 8655 1258 1463 8656 1257 1465 8657 1603 1827 8658 1257 1465 8659 1602 1828 8660 1602 1828 8661 1257 1465 8662 1256 1467 8663 1602 1828 8664 1256 1467 8665 1601 1829 8666 1601 1829 8667 1256 1467 8668 1255 1469 8669 1601 1829 8670 1255 1469 8671 1600 1830 8672 1600 1830 8673 1255 1469 8674 1254 1471 8675 1600 1830 8676 1254 1471 8677 1599 1831 8678 1599 1831 8679 1254 1471 8680 1253 1473 8681 1572 1802 8682 1245 1832 8683 1626 1833 8684 1626 1834 8685 1245 1835 8686 1653 1836 8687 1653 1837 8688 1245 1838 8689 1680 1839 8690 1680 1840 8691 1245 1841 8692 1707 1842 8693 1707 1842 8694 1245 1843 8695 1734 1844 8696 1734 1844 8697 1245 1845 8698 1761 1846 8699 1761 1846 8700 1245 1847 8701 1788 1848 8702 1788 1848 8703 1245 1849 8704 1815 1850 8705 1815 1850 8706 1245 1851 8707 1625 1805 8708 1599 1831 8709 1253 1852 8710 1841 1853 8711 1841 1853 8712 1253 1854 8713 1814 1855 8714 1814 1855 8715 1253 1856 8716 1787 1857 8717 1787 1857 8718 1253 1858 8719 1760 1859 8720 1760 1859 8721 1253 1860 8722 1733 1861 8723 1733 1861 8724 1253 1862 8725 1706 1863 8726 1706 1864 8727 1253 1865 8728 1679 1866 8729 1679 1867 8730 1253 1868 8731 1652 1869 8732 1652 1870 8733 1253 1871 8734 1598 1750 8735 1573 1800 8736 1572 1802 8737 1627 1872 8738 1627 1872 8739 1572 1802 8740 1626 1833 8741 1627 1872 8742 1626 1833 8743 1654 1873 8744 1654 1874 8745 1626 1834 8746 1653 1836 8747 1654 1873 8748 1653 1837 8749 1681 1875 8750 1681 1875 8751 1653 1837 8752 1680 1839 8753 1681 1875 8754 1680 1840 8755 1708 1876 8756 1708 1876 8757 1680 1840 8758 1707 1842 8759 1708 1876 8760 1707 1842 8761 1735 1877 8762 1735 1877 8763 1707 1842 8764 1734 1844 8765 1735 1877 8766 1734 1844 8767 1762 1878 8768 1762 1878 8769 1734 1844 8770 1761 1846 8771 1762 1878 8772 1761 1846 8773 1789 1879 8774 1789 1879 8775 1761 1846 8776 1788 1848 8777 1789 1879 8778 1788 1848 8779 1816 1880 8780 1816 1880 8781 1788 1848 8782 1815 1850 8783 1816 1880 8784 1815 1850 8785 1624 1806 8786 1624 1806 8787 1815 1850 8788 1625 1805 8789 1574 1798 8790 1573 1800 8791 1628 1881 8792 1628 1881 8793 1573 1800 8794 1627 1872 8795 1628 1881 8796 1627 1872 8797 1655 1882 8798 1655 1882 8799 1627 1872 8800 1654 1873 8801 1655 1882 8802 1654 1873 8803 1682 1883 8804 1682 1883 8805 1654 1873 8806 1681 1875 8807 1682 1883 8808 1681 1875 8809 1709 1884 8810 1709 1884 8811 1681 1875 8812 1708 1876 8813 1709 1884 8814 1708 1876 8815 1736 1885 8816 1736 1885 8817 1708 1876 8818 1735 1877 8819 1736 1885 8820 1735 1877 8821 1763 1886 8822 1763 1886 8823 1735 1877 8824 1762 1878 8825 1763 1886 8826 1762 1878 8827 1790 1887 8828 1790 1887 8829 1762 1878 8830 1789 1879 8831 1790 1887 8832 1789 1879 8833 1817 1888 8834 1817 1888 8835 1789 1879 8836 1816 1880 8837 1817 1888 8838 1816 1880 8839 1623 1807 8840 1623 1807 8841 1816 1880 8842 1624 1806 8843 1575 1796 8844 1574 1798 8845 1629 1889 8846 1629 1889 8847 1574 1798 8848 1628 1881 8849 1629 1889 8850 1628 1881 8851 1656 1890 8852 1656 1890 8853 1628 1881 8854 1655 1882 8855 1656 1890 8856 1655 1882 8857 1683 1891 8858 1683 1891 8859 1655 1882 8860 1682 1883 8861 1683 1891 8862 1682 1883 8863 1710 1892 8864 1710 1892 8865 1682 1883 8866 1709 1884 8867 1710 1892 8868 1709 1884 8869 1737 1893 8870 1737 1893 8871 1709 1884 8872 1736 1885 8873 1737 1893 8874 1736 1885 8875 1764 1894 8876 1764 1894 8877 1736 1885 8878 1763 1886 8879 1764 1894 8880 1763 1886 8881 1791 1895 8882 1791 1895 8883 1763 1886 8884 1790 1887 8885 1791 1895 8886 1790 1887 8887 1818 1896 8888 1818 1896 8889 1790 1887 8890 1817 1888 8891 1818 1896 8892 1817 1888 8893 1622 1808 8894 1622 1808 8895 1817 1888 8896 1623 1807 8897 1576 1794 8898 1575 1796 8899 1630 1897 8900 1630 1897 8901 1575 1796 8902 1629 1889 8903 1630 1897 8904 1629 1889 8905 1657 1898 8906 1657 1898 8907 1629 1889 8908 1656 1890 8909 1657 1898 8910 1656 1890 8911 1684 1899 8912 1684 1899 8913 1656 1890 8914 1683 1891 8915 1684 1899 8916 1683 1891 8917 1711 1900 8918 1711 1900 8919 1683 1891 8920 1710 1892 8921 1711 1900 8922 1710 1892 8923 1738 1901 8924 1738 1901 8925 1710 1892 8926 1737 1893 8927 1738 1901 8928 1737 1893 8929 1765 1902 8930 1765 1902 8931 1737 1893 8932 1764 1894 8933 1765 1902 8934 1764 1894 8935 1792 1903 8936 1792 1903 8937 1764 1894 8938 1791 1895 8939 1792 1903 8940 1791 1895 8941 1819 1904 8942 1819 1904 8943 1791 1895 8944 1818 1896 8945 1819 1904 8946 1818 1896 8947 1621 1809 8948 1621 1809 8949 1818 1896 8950 1622 1808 8951 1577 1792 8952 1576 1794 8953 1631 1905 8954 1631 1905 8955 1576 1794 8956 1630 1897 8957 1631 1905 8958 1630 1897 8959 1658 1906 8960 1658 1906 8961 1630 1897 8962 1657 1898 8963 1658 1906 8964 1657 1898 8965 1685 1907 8966 1685 1907 8967 1657 1898 8968 1684 1899 8969 1685 1907 8970 1684 1899 8971 1712 1908 8972 1712 1908 8973 1684 1899 8974 1711 1900 8975 1712 1908 8976 1711 1900 8977 1739 1909 8978 1739 1909 8979 1711 1900 8980 1738 1901 8981 1739 1909 8982 1738 1901 8983 1766 1910 8984 1766 1910 8985 1738 1901 8986 1765 1902 8987 1766 1910 8988 1765 1902 8989 1793 1911 8990 1793 1911 8991 1765 1902 8992 1792 1903 8993 1793 1911 8994 1792 1903 8995 1820 1912 8996 1820 1912 8997 1792 1903 8998 1819 1904 8999 1820 1912 9000 1819 1904 9001 1620 1810 9002 1620 1810 9003 1819 1904 9004 1621 1809 9005 1578 1790 9006 1577 1792 9007 1632 1913 9008 1632 1913 9009 1577 1792 9010 1631 1905 9011 1632 1913 9012 1631 1905 9013 1659 1914 9014 1659 1914 9015 1631 1905 9016 1658 1906 9017 1659 1914 9018 1658 1906 9019 1686 1915 9020 1686 1915 9021 1658 1906 9022 1685 1907 9023 1686 1915 9024 1685 1907 9025 1713 1916 9026 1713 1916 9027 1685 1907 9028 1712 1908 9029 1713 1916 9030 1712 1908 9031 1740 1917 9032 1740 1917 9033 1712 1908 9034 1739 1909 9035 1740 1917 9036 1739 1909 9037 1767 1918 9038 1767 1918 9039 1739 1909 9040 1766 1910 9041 1767 1918 9042 1766 1910 9043 1794 1919 9044 1794 1919 9045 1766 1910 9046 1793 1911 9047 1794 1919 9048 1793 1911 9049 1821 1920 9050 1821 1920 9051 1793 1911 9052 1820 1912 9053 1821 1920 9054 1820 1912 9055 1619 1811 9056 1619 1811 9057 1820 1912 9058 1620 1810 9059 1579 1788 9060 1578 1790 9061 1633 1921 9062 1633 1921 9063 1578 1790 9064 1632 1913 9065 1633 1921 9066 1632 1913 9067 1660 1922 9068 1660 1922 9069 1632 1913 9070 1659 1914 9071 1660 1922 9072 1659 1914 9073 1687 1923 9074 1687 1923 9075 1659 1914 9076 1686 1915 9077 1687 1923 9078 1686 1915 9079 1714 1924 9080 1714 1924 9081 1686 1915 9082 1713 1916 9083 1714 1924 9084 1713 1916 9085 1741 1925 9086 1741 1925 9087 1713 1916 9088 1740 1917 9089 1741 1925 9090 1740 1917 9091 1768 1926 9092 1768 1926 9093 1740 1917 9094 1767 1918 9095 1768 1926 9096 1767 1918 9097 1795 1927 9098 1795 1927 9099 1767 1918 9100 1794 1919 9101 1795 1927 9102 1794 1919 9103 1822 1928 9104 1822 1928 9105 1794 1919 9106 1821 1920 9107 1822 1928 9108 1821 1920 9109 1618 1812 9110 1618 1812 9111 1821 1920 9112 1619 1811 9113 1580 1786 9114 1579 1788 9115 1634 1929 9116 1634 1929 9117 1579 1788 9118 1633 1921 9119 1634 1929 9120 1633 1921 9121 1661 1930 9122 1661 1930 9123 1633 1921 9124 1660 1922 9125 1661 1930 9126 1660 1922 9127 1688 1931 9128 1688 1931 9129 1660 1922 9130 1687 1923 9131 1688 1931 9132 1687 1923 9133 1715 1932 9134 1715 1932 9135 1687 1923 9136 1714 1924 9137 1715 1932 9138 1714 1924 9139 1742 1933 9140 1742 1933 9141 1714 1924 9142 1741 1925 9143 1742 1933 9144 1741 1925 9145 1769 1934 9146 1769 1934 9147 1741 1925 9148 1768 1926 9149 1769 1934 9150 1768 1926 9151 1796 1935 9152 1796 1935 9153 1768 1926 9154 1795 1927 9155 1796 1935 9156 1795 1927 9157 1823 1936 9158 1823 1936 9159 1795 1927 9160 1822 1928 9161 1823 1936 9162 1822 1928 9163 1617 1813 9164 1617 1813 9165 1822 1928 9166 1618 1812 9167 1581 1784 9168 1580 1786 9169 1635 1937 9170 1635 1937 9171 1580 1786 9172 1634 1929 9173 1635 1937 9174 1634 1929 9175 1662 1938 9176 1662 1938 9177 1634 1929 9178 1661 1930 9179 1662 1938 9180 1661 1930 9181 1689 1939 9182 1689 1939 9183 1661 1930 9184 1688 1931 9185 1689 1939 9186 1688 1931 9187 1716 1940 9188 1716 1940 9189 1688 1931 9190 1715 1932 9191 1716 1940 9192 1715 1932 9193 1743 1941 9194 1743 1941 9195 1715 1932 9196 1742 1933 9197 1743 1941 9198 1742 1933 9199 1770 1942 9200 1770 1942 9201 1742 1933 9202 1769 1934 9203 1770 1942 9204 1769 1934 9205 1797 1943 9206 1797 1943 9207 1769 1934 9208 1796 1935 9209 1797 1943 9210 1796 1935 9211 1824 1944 9212 1824 1944 9213 1796 1935 9214 1823 1936 9215 1824 1944 9216 1823 1936 9217 1616 1814 9218 1616 1814 9219 1823 1936 9220 1617 1813 9221 1582 1782 9222 1581 1784 9223 1636 1945 9224 1636 1945 9225 1581 1784 9226 1635 1937 9227 1636 1945 9228 1635 1937 9229 1663 1946 9230 1663 1946 9231 1635 1937 9232 1662 1938 9233 1663 1946 9234 1662 1938 9235 1690 1947 9236 1690 1947 9237 1662 1938 9238 1689 1939 9239 1690 1947 9240 1689 1939 9241 1717 1948 9242 1717 1948 9243 1689 1939 9244 1716 1940 9245 1717 1948 9246 1716 1940 9247 1744 1949 9248 1744 1949 9249 1716 1940 9250 1743 1941 9251 1744 1949 9252 1743 1941 9253 1771 1950 9254 1771 1950 9255 1743 1941 9256 1770 1942 9257 1771 1950 9258 1770 1942 9259 1798 1951 9260 1798 1951 9261 1770 1942 9262 1797 1943 9263 1798 1951 9264 1797 1943 9265 1825 1952 9266 1825 1952 9267 1797 1943 9268 1824 1944 9269 1825 1952 9270 1824 1944 9271 1615 1815 9272 1615 1815 9273 1824 1944 9274 1616 1814 9275 1583 1780 9276 1582 1782 9277 1637 1953 9278 1637 1953 9279 1582 1782 9280 1636 1945 9281 1637 1953 9282 1636 1945 9283 1664 1954 9284 1664 1954 9285 1636 1945 9286 1663 1946 9287 1664 1954 9288 1663 1946 9289 1691 1955 9290 1691 1955 9291 1663 1946 9292 1690 1947 9293 1691 1955 9294 1690 1947 9295 1718 1956 9296 1718 1956 9297 1690 1947 9298 1717 1948 9299 1718 1956 9300 1717 1948 9301 1745 1957 9302 1745 1957 9303 1717 1948 9304 1744 1949 9305 1745 1957 9306 1744 1949 9307 1772 1958 9308 1772 1958 9309 1744 1949 9310 1771 1950 9311 1772 1958 9312 1771 1950 9313 1799 1959 9314 1799 1959 9315 1771 1950 9316 1798 1951 9317 1799 1959 9318 1798 1951 9319 1826 1960 9320 1826 1960 9321 1798 1951 9322 1825 1952 9323 1826 1960 9324 1825 1952 9325 1614 1816 9326 1614 1816 9327 1825 1952 9328 1615 1815 9329 1584 1778 9330 1583 1780 9331 1638 1961 9332 1638 1961 9333 1583 1780 9334 1637 1953 9335 1638 1961 9336 1637 1953 9337 1665 1962 9338 1665 1962 9339 1637 1953 9340 1664 1954 9341 1665 1962 9342 1664 1954 9343 1692 1963 9344 1692 1963 9345 1664 1954 9346 1691 1955 9347 1692 1963 9348 1691 1955 9349 1719 1964 9350 1719 1964 9351 1691 1955 9352 1718 1956 9353 1719 1964 9354 1718 1956 9355 1746 1965 9356 1746 1965 9357 1718 1956 9358 1745 1957 9359 1746 1965 9360 1745 1957 9361 1773 1966 9362 1773 1966 9363 1745 1957 9364 1772 1958 9365 1773 1966 9366 1772 1958 9367 1800 1967 9368 1800 1967 9369 1772 1958 9370 1799 1959 9371 1800 1967 9372 1799 1959 9373 1827 1968 9374 1827 1968 9375 1799 1959 9376 1826 1960 9377 1827 1968 9378 1826 1960 9379 1613 1817 9380 1613 1817 9381 1826 1960 9382 1614 1816 9383 1585 1776 9384 1584 1778 9385 1639 1969 9386 1639 1969 9387 1584 1778 9388 1638 1961 9389 1639 1969 9390 1638 1961 9391 1666 1970 9392 1666 1970 9393 1638 1961 9394 1665 1962 9395 1666 1970 9396 1665 1962 9397 1693 1971 9398 1693 1971 9399 1665 1962 9400 1692 1963 9401 1693 1971 9402 1692 1963 9403 1720 1972 9404 1720 1972 9405 1692 1963 9406 1719 1964 9407 1720 1972 9408 1719 1964 9409 1747 1973 9410 1747 1973 9411 1719 1964 9412 1746 1965 9413 1747 1973 9414 1746 1965 9415 1774 1974 9416 1774 1974 9417 1746 1965 9418 1773 1966 9419 1774 1974 9420 1773 1966 9421 1801 1975 9422 1801 1975 9423 1773 1966 9424 1800 1967 9425 1801 1975 9426 1800 1967 9427 1828 1976 9428 1828 1976 9429 1800 1967 9430 1827 1968 9431 1828 1976 9432 1827 1968 9433 1612 1818 9434 1612 1818 9435 1827 1968 9436 1613 1817 9437 1586 1774 9438 1585 1776 9439 1640 1977 9440 1640 1977 9441 1585 1776 9442 1639 1969 9443 1640 1977 9444 1639 1969 9445 1667 1978 9446 1667 1978 9447 1639 1969 9448 1666 1970 9449 1667 1978 9450 1666 1970 9451 1694 1979 9452 1694 1979 9453 1666 1970 9454 1693 1971 9455 1694 1979 9456 1693 1971 9457 1721 1980 9458 1721 1980 9459 1693 1971 9460 1720 1972 9461 1721 1980 9462 1720 1972 9463 1748 1981 9464 1748 1981 9465 1720 1972 9466 1747 1973 9467 1748 1981 9468 1747 1973 9469 1775 1982 9470 1775 1982 9471 1747 1973 9472 1774 1974 9473 1775 1982 9474 1774 1974 9475 1802 1983 9476 1802 1983 9477 1774 1974 9478 1801 1975 9479 1802 1983 9480 1801 1975 9481 1829 1984 9482 1829 1984 9483 1801 1975 9484 1828 1976 9485 1829 1984 9486 1828 1976 9487 1611 1819 9488 1611 1819 9489 1828 1976 9490 1612 1818 9491 1587 1772 9492 1586 1774 9493 1641 1985 9494 1641 1985 9495 1586 1774 9496 1640 1977 9497 1641 1985 9498 1640 1977 9499 1668 1986 9500 1668 1986 9501 1640 1977 9502 1667 1978 9503 1668 1986 9504 1667 1978 9505 1695 1987 9506 1695 1987 9507 1667 1978 9508 1694 1979 9509 1695 1987 9510 1694 1979 9511 1722 1988 9512 1722 1988 9513 1694 1979 9514 1721 1980 9515 1722 1988 9516 1721 1980 9517 1749 1989 9518 1749 1989 9519 1721 1980 9520 1748 1981 9521 1749 1989 9522 1748 1981 9523 1776 1990 9524 1776 1990 9525 1748 1981 9526 1775 1982 9527 1776 1990 9528 1775 1982 9529 1803 1991 9530 1803 1991 9531 1775 1982 9532 1802 1983 9533 1803 1991 9534 1802 1983 9535 1830 1992 9536 1830 1992 9537 1802 1983 9538 1829 1984 9539 1830 1992 9540 1829 1984 9541 1610 1820 9542 1610 1820 9543 1829 1984 9544 1611 1819 9545 1588 1770 9546 1587 1772 9547 1642 1993 9548 1642 1993 9549 1587 1772 9550 1641 1985 9551 1642 1993 9552 1641 1985 9553 1669 1994 9554 1669 1994 9555 1641 1985 9556 1668 1986 9557 1669 1994 9558 1668 1986 9559 1696 1995 9560 1696 1995 9561 1668 1986 9562 1695 1987 9563 1696 1995 9564 1695 1987 9565 1723 1996 9566 1723 1996 9567 1695 1987 9568 1722 1988 9569 1723 1996 9570 1722 1988 9571 1750 1997 9572 1750 1997 9573 1722 1988 9574 1749 1989 9575 1750 1997 9576 1749 1989 9577 1777 1998 9578 1777 1998 9579 1749 1989 9580 1776 1990 9581 1777 1998 9582 1776 1990 9583 1804 1999 9584 1804 1999 9585 1776 1990 9586 1803 1991 9587 1804 1999 9588 1803 1991 9589 1831 2000 9590 1831 2000 9591 1803 1991 9592 1830 1992 9593 1831 2000 9594 1830 1992 9595 1609 1821 9596 1609 1821 9597 1830 1992 9598 1610 1820 9599 1589 1768 9600 1588 1770 9601 1643 2001 9602 1643 2001 9603 1588 1770 9604 1642 1993 9605 1643 2001 9606 1642 1993 9607 1670 2002 9608 1670 2002 9609 1642 1993 9610 1669 1994 9611 1670 2002 9612 1669 1994 9613 1697 2003 9614 1697 2003 9615 1669 1994 9616 1696 1995 9617 1697 2003 9618 1696 1995 9619 1724 2004 9620 1724 2004 9621 1696 1995 9622 1723 1996 9623 1724 2004 9624 1723 1996 9625 1751 2005 9626 1751 2005 9627 1723 1996 9628 1750 1997 9629 1751 2005 9630 1750 1997 9631 1778 2006 9632 1778 2006 9633 1750 1997 9634 1777 1998 9635 1778 2006 9636 1777 1998 9637 1805 2007 9638 1805 2007 9639 1777 1998 9640 1804 1999 9641 1805 2007 9642 1804 1999 9643 1832 2008 9644 1832 2008 9645 1804 1999 9646 1831 2000 9647 1832 2008 9648 1831 2000 9649 1608 1822 9650 1608 1822 9651 1831 2000 9652 1609 1821 9653 1590 1766 9654 1589 1768 9655 1644 2009 9656 1644 2009 9657 1589 1768 9658 1643 2001 9659 1644 2009 9660 1643 2001 9661 1671 2010 9662 1671 2010 9663 1643 2001 9664 1670 2002 9665 1671 2010 9666 1670 2002 9667 1698 2011 9668 1698 2011 9669 1670 2002 9670 1697 2003 9671 1698 2011 9672 1697 2003 9673 1725 2012 9674 1725 2012 9675 1697 2003 9676 1724 2004 9677 1725 2012 9678 1724 2004 9679 1752 2013 9680 1752 2013 9681 1724 2004 9682 1751 2005 9683 1752 2013 9684 1751 2005 9685 1779 2014 9686 1779 2014 9687 1751 2005 9688 1778 2006 9689 1779 2014 9690 1778 2006 9691 1806 2015 9692 1806 2015 9693 1778 2006 9694 1805 2007 9695 1806 2015 9696 1805 2007 9697 1833 2016 9698 1833 2016 9699 1805 2007 9700 1832 2008 9701 1833 2016 9702 1832 2008 9703 1607 1823 9704 1607 1823 9705 1832 2008 9706 1608 1822 9707 1591 1764 9708 1590 1766 9709 1645 2017 9710 1645 2017 9711 1590 1766 9712 1644 2009 9713 1645 2017 9714 1644 2009 9715 1672 2018 9716 1672 2018 9717 1644 2009 9718 1671 2010 9719 1672 2018 9720 1671 2010 9721 1699 2019 9722 1699 2019 9723 1671 2010 9724 1698 2011 9725 1699 2019 9726 1698 2011 9727 1726 2020 9728 1726 2020 9729 1698 2011 9730 1725 2012 9731 1726 2020 9732 1725 2012 9733 1753 2021 9734 1753 2021 9735 1725 2012 9736 1752 2013 9737 1753 2021 9738 1752 2013 9739 1780 2022 9740 1780 2022 9741 1752 2013 9742 1779 2014 9743 1780 2022 9744 1779 2014 9745 1807 2023 9746 1807 2023 9747 1779 2014 9748 1806 2015 9749 1807 2023 9750 1806 2015 9751 1834 2024 9752 1834 2024 9753 1806 2015 9754 1833 2016 9755 1834 2024 9756 1833 2016 9757 1606 1824 9758 1606 1824 9759 1833 2016 9760 1607 1823 9761 1592 1762 9762 1591 1764 9763 1646 2025 9764 1646 2025 9765 1591 1764 9766 1645 2017 9767 1646 2025 9768 1645 2017 9769 1673 2026 9770 1673 2026 9771 1645 2017 9772 1672 2018 9773 1673 2026 9774 1672 2018 9775 1700 2027 9776 1700 2027 9777 1672 2018 9778 1699 2019 9779 1700 2027 9780 1699 2019 9781 1727 2028 9782 1727 2028 9783 1699 2019 9784 1726 2020 9785 1727 2028 9786 1726 2020 9787 1754 2029 9788 1754 2029 9789 1726 2020 9790 1753 2021 9791 1754 2029 9792 1753 2021 9793 1781 2030 9794 1781 2030 9795 1753 2021 9796 1780 2022 9797 1781 2030 9798 1780 2022 9799 1808 2031 9800 1808 2031 9801 1780 2022 9802 1807 2023 9803 1808 2031 9804 1807 2023 9805 1835 2032 9806 1835 2032 9807 1807 2023 9808 1834 2024 9809 1835 2032 9810 1834 2024 9811 1605 1825 9812 1605 1825 9813 1834 2024 9814 1606 1824 9815 1593 1760 9816 1592 1762 9817 1647 2033 9818 1647 2033 9819 1592 1762 9820 1646 2025 9821 1647 2033 9822 1646 2025 9823 1674 2034 9824 1674 2034 9825 1646 2025 9826 1673 2026 9827 1674 2034 9828 1673 2026 9829 1701 2035 9830 1701 2035 9831 1673 2026 9832 1700 2027 9833 1701 2035 9834 1700 2027 9835 1728 2036 9836 1728 2036 9837 1700 2027 9838 1727 2028 9839 1728 2036 9840 1727 2028 9841 1755 2037 9842 1755 2037 9843 1727 2028 9844 1754 2029 9845 1755 2037 9846 1754 2029 9847 1782 2038 9848 1782 2038 9849 1754 2029 9850 1781 2030 9851 1782 2038 9852 1781 2030 9853 1809 2039 9854 1809 2039 9855 1781 2030 9856 1808 2031 9857 1809 2039 9858 1808 2031 9859 1836 2040 9860 1836 2040 9861 1808 2031 9862 1835 2032 9863 1836 2040 9864 1835 2032 9865 1604 1826 9866 1604 1826 9867 1835 2032 9868 1605 1825 9869 1594 1758 9870 1593 1760 9871 1648 2041 9872 1648 2041 9873 1593 1760 9874 1647 2033 9875 1648 2041 9876 1647 2033 9877 1675 2042 9878 1675 2042 9879 1647 2033 9880 1674 2034 9881 1675 2042 9882 1674 2034 9883 1702 2043 9884 1702 2043 9885 1674 2034 9886 1701 2035 9887 1702 2043 9888 1701 2035 9889 1729 2044 9890 1729 2044 9891 1701 2035 9892 1728 2036 9893 1729 2044 9894 1728 2036 9895 1756 2045 9896 1756 2045 9897 1728 2036 9898 1755 2037 9899 1756 2045 9900 1755 2037 9901 1783 2046 9902 1783 2046 9903 1755 2037 9904 1782 2038 9905 1783 2046 9906 1782 2038 9907 1810 2047 9908 1810 2047 9909 1782 2038 9910 1809 2039 9911 1810 2047 9912 1809 2039 9913 1837 2048 9914 1837 2048 9915 1809 2039 9916 1836 2040 9917 1837 2048 9918 1836 2040 9919 1603 1827 9920 1603 1827 9921 1836 2040 9922 1604 1826 9923 1595 1756 9924 1594 1758 9925 1649 2049 9926 1649 2049 9927 1594 1758 9928 1648 2041 9929 1649 2049 9930 1648 2041 9931 1676 2050 9932 1676 2050 9933 1648 2041 9934 1675 2042 9935 1676 2050 9936 1675 2042 9937 1703 2051 9938 1703 2051 9939 1675 2042 9940 1702 2043 9941 1703 2051 9942 1702 2043 9943 1730 2052 9944 1730 2052 9945 1702 2043 9946 1729 2044 9947 1730 2052 9948 1729 2044 9949 1757 2053 9950 1757 2053 9951 1729 2044 9952 1756 2045 9953 1757 2053 9954 1756 2045 9955 1784 2054 9956 1784 2054 9957 1756 2045 9958 1783 2046 9959 1784 2054 9960 1783 2046 9961 1811 2055 9962 1811 2055 9963 1783 2046 9964 1810 2047 9965 1811 2055 9966 1810 2047 9967 1838 2056 9968 1838 2056 9969 1810 2047 9970 1837 2048 9971 1838 2056 9972 1837 2048 9973 1602 1828 9974 1602 1828 9975 1837 2048 9976 1603 1827 9977 1596 1754 9978 1595 1756 9979 1650 2057 9980 1650 2057 9981 1595 1756 9982 1649 2049 9983 1650 2057 9984 1649 2049 9985 1677 2058 9986 1677 2058 9987 1649 2049 9988 1676 2050 9989 1677 2058 9990 1676 2050 9991 1704 2059 9992 1704 2059 9993 1676 2050 9994 1703 2051 9995 1704 2059 9996 1703 2051 9997 1731 2060 9998 1731 2060 9999 1703 2051 10000 1730 2052 10001 1731 2060 10002 1730 2052 10003 1758 2061 10004 1758 2061 10005 1730 2052 10006 1757 2053 10007 1758 2061 10008 1757 2053 10009 1785 2062 10010 1785 2062 10011 1757 2053 10012 1784 2054 10013 1785 2062 10014 1784 2054 10015 1812 2063 10016 1812 2063 10017 1784 2054 10018 1811 2055 10019 1812 2063 10020 1811 2055 10021 1839 2064 10022 1839 2064 10023 1811 2055 10024 1838 2056 10025 1839 2064 10026 1838 2056 10027 1601 1829 10028 1601 1829 10029 1838 2056 10030 1602 1828 10031 1652 1870 10032 1598 1750 10033 1597 1752 10034 1597 1752 10035 1596 1754 10036 1651 2065 10037 1651 2065 10038 1596 1754 10039 1650 2057 10040 1651 2065 10041 1650 2057 10042 1678 2066 10043 1678 2066 10044 1650 2057 10045 1677 2058 10046 1678 2066 10047 1677 2058 10048 1705 2067 10049 1705 2067 10050 1677 2058 10051 1704 2059 10052 1705 2067 10053 1704 2059 10054 1732 2068 10055 1732 2068 10056 1704 2059 10057 1731 2060 10058 1732 2068 10059 1731 2060 10060 1759 2069 10061 1759 2069 10062 1731 2060 10063 1758 2061 10064 1759 2069 10065 1758 2061 10066 1786 2070 10067 1786 2070 10068 1758 2061 10069 1785 2062 10070 1786 2070 10071 1785 2062 10072 1813 2071 10073 1813 2071 10074 1785 2062 10075 1812 2063 10076 1813 2071 10077 1812 2063 10078 1840 2072 10079 1840 2072 10080 1812 2063 10081 1839 2064 10082 1840 2072 10083 1839 2064 10084 1600 1830 10085 1600 1830 10086 1839 2064 10087 1601 1829 10088 1840 2072 10089 1600 1830 10090 1599 1831 10091 1840 2072 10092 1599 1831 10093 1841 1853 10094 1679 1867 10095 1652 1869 10096 1651 2073 10097 1651 2065 10098 1652 1870 10099 1597 1752 10100 1679 2074 10101 1651 2065 10102 1678 2066 10103 1706 1864 10104 1679 1866 10105 1678 2075 10106 1706 1863 10107 1678 2066 10108 1705 2067 10109 1733 1861 10110 1706 1863 10111 1705 2067 10112 1733 1861 10113 1705 2067 10114 1732 2068 10115 1760 1859 10116 1733 1861 10117 1732 2068 10118 1760 1859 10119 1732 2068 10120 1759 2069 10121 1787 1857 10122 1760 1859 10123 1759 2069 10124 1787 1857 10125 1759 2069 10126 1786 2070 10127 1814 1855 10128 1787 1857 10129 1786 2070 10130 1814 1855 10131 1786 2070 10132 1813 2071 10133 1841 1853 10134 1814 1855 10135 1813 2071 10136 1841 1853 10137 1813 2071 10138 1840 2072 10139 1869 743 10140 1842 743 10141 1287 743 10142 1287 2076 10143 1842 2076 10144 1843 2076 10145 1287 743 10146 1843 743 10147 1288 743 10148 1288 2077 10149 1843 2077 10150 1844 2077 10151 1288 2078 10152 1844 2078 10153 1289 2078 10154 1289 743 10155 1844 743 10156 1845 743 10157 1289 743 10158 1845 743 10159 1290 743 10160 1290 743 10161 1845 743 10162 1846 743 10163 1290 743 10164 1846 743 10165 1291 743 10166 1291 2079 10167 1846 2079 10168 1847 2079 10169 1291 743 10170 1847 743 10171 1292 743 10172 1292 743 10173 1847 743 10174 1848 743 10175 1292 743 10176 1848 743 10177 1293 743 10178 1293 743 10179 1848 743 10180 1849 743 10181 1293 743 10182 1849 743 10183 1850 743 10184 1293 2080 10185 1850 2080 10186 1294 2080 10187 1294 743 10188 1850 743 10189 1851 743 10190 1294 2081 10191 1851 2081 10192 1295 2081 10193 1295 2082 10194 1851 2082 10195 1852 2082 10196 1295 743 10197 1852 743 10198 1296 743 10199 1296 743 10200 1852 743 10201 1853 743 10202 1296 2083 10203 1853 2083 10204 1297 2083 10205 1297 2084 10206 1853 2084 10207 1854 2084 10208 1297 2085 10209 1854 2085 10210 1298 2085 10211 1298 743 10212 1854 743 10213 1855 743 10214 1298 743 10215 1855 743 10216 1299 743 10217 1299 2086 10218 1855 2086 10219 1856 2086 10220 1299 2087 10221 1856 2087 10222 1857 2087 10223 1299 2088 10224 1857 2088 10225 1300 2088 10226 1300 743 10227 1857 743 10228 1858 743 10229 1300 743 10230 1858 743 10231 1301 743 10232 1301 2089 10233 1858 2089 10234 1859 2089 10235 1301 743 10236 1859 743 10237 1302 743 10238 1302 743 10239 1859 743 10240 1860 743 10241 1302 743 10242 1860 743 10243 1303 743 10244 1303 2090 10245 1860 2090 10246 1861 2090 10247 1303 743 10248 1861 743 10249 1304 743 10250 1304 743 10251 1861 743 10252 1862 743 10253 1304 2091 10254 1862 2091 10255 1281 2091 10256 1281 743 10257 1862 743 10258 1863 743 10259 1281 743 10260 1863 743 10261 1864 743 10262 1281 2092 10263 1864 2092 10264 1282 2092 10265 1282 743 10266 1864 743 10267 1865 743 10268 1282 2093 10269 1865 2093 10270 1283 2093 10271 1283 2094 10272 1865 2094 10273 1866 2094 10274 1283 743 10275 1866 743 10276 1284 743 10277 1284 743 10278 1866 743 10279 1867 743 10280 1284 748 10281 1867 748 10282 1285 748 10283 1285 743 10284 1867 743 10285 1868 743 10286 1285 743 10287 1868 743 10288 1286 743 10289 1286 2095 10290 1868 2095 10291 1869 2095 10292 1286 2096 10293 1869 2096 10294 1287 2096 10295 1218 931 10296 1217 931 10297 1317 931 10298 1317 2097 10299 1217 2097 10300 1244 2097 10301 1317 931 10302 1244 931 10303 1318 931 10304 1318 2098 10305 1244 2098 10306 1243 2098 10307 1318 931 10308 1243 931 10309 1319 931 10310 1319 2099 10311 1243 2099 10312 1242 2099 10313 1319 931 10314 1242 931 10315 1320 931 10316 1320 2100 10317 1242 2100 10318 1241 2100 10319 1320 2101 10320 1241 2102 10321 1321 2103 10322 1321 931 10323 1241 931 10324 1240 931 10325 1321 931 10326 1240 931 10327 1322 931 10328 1322 931 10329 1240 931 10330 1239 931 10331 1322 931 10332 1239 931 10333 1323 931 10334 1323 931 10335 1239 931 10336 1238 931 10337 1323 931 10338 1238 931 10339 1237 931 10340 1323 2104 10341 1237 2104 10342 1324 2104 10343 1324 2105 10344 1237 2105 10345 1236 2105 10346 1324 2106 10347 1236 2106 10348 1325 2106 10349 1325 2107 10350 1236 2107 10351 1235 2107 10352 1325 931 10353 1235 931 10354 1326 931 10355 1326 931 10356 1235 931 10357 1234 931 10358 1326 931 10359 1234 931 10360 1327 931 10361 1327 2108 10362 1234 2108 10363 1233 2108 10364 1327 2109 10365 1233 2109 10366 1328 2109 10367 1328 2110 10368 1233 2110 10369 1232 2110 10370 1328 2111 10371 1232 2111 10372 1305 2111 10373 1305 2112 10374 1232 2112 10375 1231 2112 10376 1305 2113 10377 1231 2113 10378 1230 2113 10379 1305 931 10380 1230 931 10381 1306 931 10382 1306 2114 10383 1230 2114 10384 1229 2114 10385 1306 2115 10386 1229 2115 10387 1307 2115 10388 1307 2116 10389 1229 2116 10390 1228 2116 10391 1307 931 10392 1228 931 10393 1308 931 10394 1308 931 10395 1228 931 10396 1227 931 10397 1308 931 10398 1227 931 10399 1309 931 10400 1309 2117 10401 1227 2117 10402 1226 2117 10403 1309 2118 10404 1226 2119 10405 1310 2120 10406 1310 2121 10407 1226 2121 10408 1225 2121 10409 1310 2122 10410 1225 2122 10411 1311 2122 10412 1311 931 10413 1225 931 10414 1224 931 10415 1311 931 10416 1224 931 10417 1223 931 10418 1311 2123 10419 1223 2124 10420 1312 2125 10421 1312 931 10422 1223 931 10423 1222 931 10424 1312 2126 10425 1222 2126 10426 1313 2126 10427 1313 931 10428 1222 931 10429 1221 931 10430 1313 2127 10431 1221 2128 10432 1314 2129 10433 1314 2130 10434 1221 2130 10435 1220 2130 10436 1314 2131 10437 1220 2131 10438 1315 2131 10439 1315 2132 10440 1220 2132 10441 1219 2132 10442 1315 931 10443 1219 931 10444 1316 931 10445 1316 2133 10446 1219 2133 10447 1218 2133 10448 1316 2134 10449 1218 2134 10450 1317 2134 10451 1901 743 10452 1870 743 10453 1902 743 10454 1902 743 10455 1870 743 10456 1871 743 10457 1902 2135 10458 1871 2135 10459 1929 2135 10460 1929 743 10461 1871 743 10462 1872 743 10463 1929 2136 10464 1872 2136 10465 1928 2136 10466 1928 2137 10467 1872 2137 10468 1873 2137 10469 1928 2138 10470 1873 2138 10471 1927 2138 10472 1927 2139 10473 1873 2139 10474 1874 2139 10475 1927 2140 10476 1874 2140 10477 1926 2140 10478 1926 743 10479 1874 743 10480 1875 743 10481 1926 743 10482 1875 743 10483 1925 743 10484 1925 2141 10485 1875 2141 10486 1876 2141 10487 1925 743 10488 1876 743 10489 1924 743 10490 1924 743 10491 1876 743 10492 1877 743 10493 1924 743 10494 1877 743 10495 1923 743 10496 1923 743 10497 1877 743 10498 1878 743 10499 1923 743 10500 1878 743 10501 1879 743 10502 1923 743 10503 1879 743 10504 1922 743 10505 1922 743 10506 1879 743 10507 1880 743 10508 1922 743 10509 1880 743 10510 1921 743 10511 1921 2142 10512 1880 2142 10513 1881 2142 10514 1921 743 10515 1881 743 10516 1920 743 10517 1920 743 10518 1881 743 10519 1882 743 10520 1920 2143 10521 1882 2143 10522 1919 2143 10523 1919 2144 10524 1882 2144 10525 1883 2144 10526 1919 743 10527 1883 743 10528 1918 743 10529 1918 2145 10530 1883 2145 10531 1884 2145 10532 1918 2146 10533 1884 2146 10534 1917 2146 10535 1917 743 10536 1884 743 10537 1885 743 10538 1917 743 10539 1885 743 10540 1916 743 10541 1916 743 10542 1885 743 10543 1886 743 10544 1916 743 10545 1886 743 10546 1887 743 10547 1916 2147 10548 1887 2147 10549 1915 2147 10550 1915 743 10551 1887 743 10552 1888 743 10553 1915 2148 10554 1888 2148 10555 1914 2148 10556 1914 2149 10557 1888 2149 10558 1889 2149 10559 1914 2150 10560 1889 2150 10561 1913 2150 10562 1913 2151 10563 1889 2151 10564 1890 2151 10565 1913 2152 10566 1890 2152 10567 1912 2152 10568 1912 743 10569 1890 743 10570 1891 743 10571 1912 2153 10572 1891 2153 10573 1911 2153 10574 1911 2154 10575 1891 2154 10576 1892 2154 10577 1911 743 10578 1892 743 10579 1910 743 10580 1910 2155 10581 1892 2155 10582 1893 2155 10583 1910 743 10584 1893 743 10585 1909 743 10586 1909 2156 10587 1893 2156 10588 1894 2156 10589 1909 2157 10590 1894 2157 10591 1895 2157 10592 1909 743 10593 1895 743 10594 1908 743 10595 1908 2158 10596 1895 2158 10597 1896 2158 10598 1908 743 10599 1896 743 10600 1907 743 10601 1907 2159 10602 1896 2159 10603 1897 2159 10604 1907 2160 10605 1897 2160 10606 1906 2160 10607 1906 743 10608 1897 743 10609 1898 743 10610 1906 2161 10611 1898 2161 10612 1905 2161 10613 1905 802 10614 1898 802 10615 1899 802 10616 1905 2162 10617 1899 2162 10618 1904 2162 10619 1904 2163 10620 1899 2163 10621 1900 2163 10622 1904 743 10623 1900 743 10624 1903 743 10625 1903 743 10626 1900 743 10627 1901 743 10628 1903 2164 10629 1901 2164 10630 1902 2164 10631 1901 2165 10632 1550 1759 10633 1870 2166 10634 1870 2166 10635 1550 1759 10636 1549 1757 10637 1870 2166 10638 1549 1757 10639 1871 2167 10640 1871 2167 10641 1549 1757 10642 1548 1755 10643 1871 2167 10644 1548 1755 10645 1872 2168 10646 1872 2168 10647 1548 1755 10648 1547 1753 10649 1872 2168 10650 1547 1753 10651 1873 2169 10652 1873 2169 10653 1547 1753 10654 1546 1751 10655 1873 2169 10656 1546 1751 10657 1874 2170 10658 1874 2170 10659 1546 1751 10660 1545 1749 10661 1874 2170 10662 1545 1749 10663 1875 2171 10664 1875 2171 10665 1545 1749 10666 1253 2172 10667 1875 2171 10668 1253 2172 10669 1876 2173 10670 1876 2173 10671 1253 2172 10672 1252 2174 10673 1876 2173 10674 1252 2174 10675 1877 2175 10676 1877 2175 10677 1252 2174 10678 1251 2176 10679 1877 2175 10680 1251 2176 10681 1250 2177 10682 1550 1759 10683 1901 2165 10684 1551 1761 10685 1551 1761 10686 1901 2165 10687 1900 2178 10688 1551 1761 10689 1900 2178 10690 1552 1763 10691 1552 1763 10692 1900 2178 10693 1899 2179 10694 1552 1763 10695 1899 2179 10696 1553 1765 10697 1553 1765 10698 1899 2179 10699 1898 2180 10700 1553 1765 10701 1898 2180 10702 1554 1767 10703 1554 1767 10704 1898 2180 10705 1897 2181 10706 1554 1767 10707 1897 2181 10708 1555 1769 10709 1555 1769 10710 1897 2181 10711 1896 2182 10712 1555 1769 10713 1896 2182 10714 1556 1771 10715 1556 1771 10716 1896 2182 10717 1895 2183 10718 1556 1771 10719 1895 2183 10720 1557 1773 10721 1557 1773 10722 1895 2183 10723 1894 2184 10724 1557 1773 10725 1894 2184 10726 1558 1775 10727 1558 1775 10728 1894 2184 10729 1559 1777 10730 1559 1777 10731 1894 2184 10732 1893 2185 10733 1559 1777 10734 1893 2185 10735 1560 1779 10736 1560 1779 10737 1893 2185 10738 1892 2186 10739 1560 1779 10740 1892 2186 10741 1561 1781 10742 1561 1781 10743 1892 2186 10744 1891 2187 10745 1561 1781 10746 1891 2187 10747 1562 1783 10748 1562 1783 10749 1891 2187 10750 1890 2188 10751 1562 1783 10752 1890 2188 10753 1563 1785 10754 1563 1785 10755 1890 2188 10756 1889 2189 10757 1563 1785 10758 1889 2189 10759 1564 1787 10760 1564 1787 10761 1889 2189 10762 1888 2190 10763 1564 1787 10764 1888 2190 10765 1565 1789 10766 1565 1789 10767 1888 2190 10768 1887 2191 10769 1565 1789 10770 1887 2191 10771 1566 1791 10772 1566 1791 10773 1887 2191 10774 1886 2192 10775 1566 1791 10776 1886 2192 10777 1567 1793 10778 1567 1793 10779 1886 2192 10780 1885 2193 10781 1567 1793 10782 1885 2193 10783 1568 1795 10784 1568 1795 10785 1885 2193 10786 1884 2194 10787 1568 1795 10788 1884 2194 10789 1569 1797 10790 1569 1797 10791 1884 2194 10792 1883 2195 10793 1569 1797 10794 1883 2195 10795 1570 1799 10796 1570 1799 10797 1883 2195 10798 1882 2196 10799 1570 1799 10800 1882 2196 10801 1571 1801 10802 1571 1801 10803 1882 2196 10804 1881 2197 10805 1571 1801 10806 1881 2197 10807 1245 1803 10808 1245 1803 10809 1881 2197 10810 1880 2198 10811 1245 1803 10812 1880 2198 10813 1246 2199 10814 1246 2199 10815 1880 2198 10816 1879 2200 10817 1246 2199 10818 1879 2200 10819 1247 2201 10820 1247 2201 10821 1879 2200 10822 1248 2202 10823 1248 2202 10824 1879 2200 10825 1878 2203 10826 1248 2202 10827 1878 2203 10828 1249 2204 10829 1249 2204 10830 1878 2203 10831 1250 2177 10832 1250 2177 10833 1878 2203 10834 1877 2175 10835 1869 2205 10836 1924 2206 10837 1842 2207 10838 1842 2207 10839 1924 2206 10840 1923 2208 10841 1842 2207 10842 1923 2208 10843 1843 2209 10844 1843 2209 10845 1923 2208 10846 1922 2210 10847 1843 2209 10848 1922 2210 10849 1844 2211 10850 1844 2211 10851 1922 2210 10852 1921 2212 10853 1844 2211 10854 1921 2212 10855 1845 2213 10856 1845 2213 10857 1921 2212 10858 1920 2214 10859 1845 2213 10860 1920 2214 10861 1846 2215 10862 1846 2215 10863 1920 2214 10864 1919 2216 10865 1846 2215 10866 1919 2216 10867 1847 2217 10868 1847 2217 10869 1919 2216 10870 1918 2218 10871 1847 2217 10872 1918 2218 10873 1848 2219 10874 1848 2219 10875 1918 2218 10876 1917 2220 10877 1848 2219 10878 1917 2220 10879 1849 2221 10880 1849 2221 10881 1917 2220 10882 1916 2222 10883 1849 2221 10884 1916 2222 10885 1850 2223 10886 1850 2223 10887 1916 2222 10888 1915 2224 10889 1850 2223 10890 1915 2224 10891 1851 2225 10892 1851 2225 10893 1915 2224 10894 1914 2226 10895 1851 2225 10896 1914 2226 10897 1852 2227 10898 1852 2227 10899 1914 2226 10900 1913 2228 10901 1852 2227 10902 1913 2228 10903 1853 2229 10904 1853 2229 10905 1913 2228 10906 1912 2230 10907 1853 2229 10908 1912 2230 10909 1854 2231 10910 1854 2231 10911 1912 2230 10912 1911 2232 10913 1854 2231 10914 1911 2232 10915 1855 2233 10916 1855 2233 10917 1911 2232 10918 1910 2234 10919 1855 2233 10920 1910 2234 10921 1856 2235 10922 1856 2235 10923 1910 2234 10924 1909 2236 10925 1856 2235 10926 1909 2236 10927 1857 2237 10928 1857 2237 10929 1909 2236 10930 1908 2238 10931 1857 2237 10932 1908 2238 10933 1858 2239 10934 1858 2239 10935 1908 2238 10936 1907 2240 10937 1858 2239 10938 1907 2240 10939 1859 2241 10940 1859 2241 10941 1907 2240 10942 1906 2242 10943 1859 2241 10944 1906 2242 10945 1860 2243 10946 1860 2243 10947 1906 2242 10948 1905 2244 10949 1860 2243 10950 1905 2244 10951 1861 2245 10952 1861 2245 10953 1905 2244 10954 1904 2246 10955 1861 2245 10956 1904 2246 10957 1862 2247 10958 1862 2247 10959 1904 2246 10960 1903 2248 10961 1862 2247 10962 1903 2248 10963 1863 2249 10964 1863 2249 10965 1903 2248 10966 1902 2250 10967 1863 2249 10968 1902 2250 10969 1864 2251 10970 1864 2251 10971 1902 2250 10972 1929 2252 10973 1864 2251 10974 1929 2252 10975 1865 2253 10976 1865 2253 10977 1929 2252 10978 1928 2254 10979 1865 2253 10980 1928 2254 10981 1866 2255 10982 1866 2255 10983 1928 2254 10984 1927 2256 10985 1866 2255 10986 1927 2256 10987 1867 2257 10988 1867 2257 10989 1927 2256 10990 1926 2258 10991 1867 2257 10992 1926 2258 10993 1868 2259 10994 1868 2259 10995 1926 2258 10996 1925 2260 10997 1868 2259 10998 1925 2260 10999 1869 2205 11000 1869 2205 11001 1925 2260 11002 1924 2206 11003 1957 2261 11004 1954 2261 11005 1960 2261 11006 1960 743 11007 1954 743 11008 1955 743 11009 1960 743 11010 1955 743 11011 1959 743 11012 1959 2262 11013 1955 2262 11014 1956 2262 11015 1959 2263 11016 1956 2263 11017 1958 2263 11018 1958 743 11019 1956 743 11020 1957 743 11021 1958 743 11022 1957 743 11023 1961 743 11024 1961 743 11025 1957 743 11026 1960 743 11027 1960 6 11028 1959 6 11029 1950 6 11030 1950 6 11031 1959 6 11032 1951 6 11033 1961 2264 11034 1960 2264 11035 1953 2264 11036 1953 2264 11037 1960 2264 11038 1950 2264 11039 1958 931 11040 1961 931 11041 1952 931 11042 1952 931 11043 1961 931 11044 1953 931 11045 1959 2265 11046 1958 2265 11047 1951 2265 11048 1951 2265 11049 1958 2265 11050 1952 2265 11051</p>
        </triangles>
        <triangles material="Opaque_192_192_192_-material" count="576">
          <input semantic="VERTEX" source="#Gate2_v1-mesh-vertices" offset="0"/>
          <input semantic="NORMAL" source="#Gate2_v1-mesh-normals" offset="1"/>
          <input semantic="TEXCOORD" source="#Gate2_v1-mesh-map-0" offset="2" set="0"/>
          <p>774 931 11052 820 931 11053 773 931 11054 773 2266 11055 820 2266 11056 797 2266 11057 773 931 11058 797 931 11059 796 931 11060 796 2267 11061 797 2267 11062 798 2267 11063 796 2268 11064 798 2268 11065 799 2268 11066 820 2269 11067 774 2269 11068 819 2269 11069 819 2270 11070 774 2270 11071 775 2270 11072 819 2271 11073 775 2271 11074 818 2271 11075 818 2272 11076 775 2272 11077 776 2272 11078 818 2273 11079 776 2273 11080 817 2273 11081 817 2274 11082 776 2274 11083 777 2274 11084 817 2275 11085 777 2275 11086 816 2275 11087 816 931 11088 777 931 11089 778 931 11090 816 2276 11091 778 2276 11092 815 2276 11093 815 931 11094 778 931 11095 779 931 11096 815 931 11097 779 931 11098 780 931 11099 815 2277 11100 780 2277 11101 814 2277 11102 814 931 11103 780 931 11104 781 931 11105 814 931 11106 781 931 11107 813 931 11108 813 2278 11109 781 2278 11110 782 2278 11111 813 2279 11112 782 2279 11113 812 2279 11114 812 2280 11115 782 2280 11116 783 2280 11117 812 2281 11118 783 2281 11119 811 2281 11120 811 2282 11121 783 2282 11122 784 2282 11123 811 2283 11124 784 2283 11125 810 2283 11126 810 2284 11127 784 2284 11128 785 2284 11129 810 2285 11130 785 2285 11131 809 2285 11132 809 2286 11133 785 2286 11134 808 2286 11135 808 2287 11136 785 2287 11137 786 2287 11138 808 931 11139 786 931 11140 807 931 11141 807 2288 11142 786 2288 11143 787 2288 11144 807 2289 11145 787 2289 11146 806 2289 11147 806 2290 11148 787 2290 11149 788 2290 11150 806 931 11151 788 931 11152 805 931 11153 805 931 11154 788 931 11155 789 931 11156 805 931 11157 789 931 11158 804 931 11159 804 931 11160 789 931 11161 790 931 11162 804 931 11163 790 931 11164 803 931 11165 803 2291 11166 790 2291 11167 791 2291 11168 803 2292 11169 791 2292 11170 792 2292 11171 803 2293 11172 792 2293 11173 802 2293 11174 802 2294 11175 792 2294 11176 793 2294 11177 802 2295 11178 793 2295 11179 801 2295 11180 801 2296 11181 793 2296 11182 794 2296 11183 801 2297 11184 794 2297 11185 800 2297 11186 800 2298 11187 794 2298 11188 795 2298 11189 800 931 11190 795 931 11191 799 931 11192 799 2299 11193 795 2299 11194 796 2299 11195 822 6 11196 868 6 11197 821 6 11198 821 2300 11199 868 2300 11200 845 2300 11201 821 2301 11202 845 2301 11203 846 2301 11204 868 6 11205 822 6 11206 867 6 11207 867 2302 11208 822 2302 11209 823 2302 11210 867 6 11211 823 6 11212 866 6 11213 866 2303 11214 823 2303 11215 824 2303 11216 866 6 11217 824 6 11218 865 6 11219 865 6 11220 824 6 11221 825 6 11222 865 6 11223 825 6 11224 864 6 11225 864 6 11226 825 6 11227 826 6 11228 864 6 11229 826 6 11230 863 6 11231 863 2304 11232 826 2304 11233 827 2304 11234 863 2305 11235 827 2305 11236 828 2305 11237 863 2306 11238 828 2306 11239 862 2306 11240 862 6 11241 828 6 11242 829 6 11243 862 6 11244 829 6 11245 861 6 11246 861 2307 11247 829 2307 11248 830 2307 11249 861 2308 11250 830 2308 11251 860 2308 11252 860 2309 11253 830 2309 11254 831 2309 11255 860 2310 11256 831 2310 11257 859 2310 11258 859 2311 11259 831 2311 11260 832 2311 11261 859 6 11262 832 6 11263 858 6 11264 858 2312 11265 832 2312 11266 857 2312 11267 857 2313 11268 832 2313 11269 833 2313 11270 857 6 11271 833 6 11272 856 6 11273 856 2314 11274 833 2314 11275 834 2314 11276 856 2315 11277 834 2315 11278 855 2315 11279 855 2316 11280 834 2316 11281 835 2316 11282 855 2317 11283 835 2317 11284 854 2317 11285 854 2318 11286 835 2318 11287 836 2318 11288 854 2319 11289 836 2319 11290 853 2319 11291 853 2320 11292 836 2320 11293 837 2320 11294 853 2321 11295 837 2321 11296 852 2321 11297 852 2322 11298 837 2322 11299 838 2322 11300 852 2323 11301 838 2323 11302 851 2323 11303 851 2324 11304 838 2324 11305 839 2324 11306 851 6 11307 839 6 11308 840 6 11309 851 2325 11310 840 2325 11311 850 2325 11312 850 2326 11313 840 2326 11314 841 2326 11315 850 2327 11316 841 2327 11317 849 2327 11318 849 2328 11319 841 2328 11320 842 2328 11321 849 2329 11322 842 2329 11323 848 2329 11324 848 2330 11325 842 2330 11326 843 2330 11327 848 2331 11328 843 2331 11329 847 2331 11330 847 2332 11331 843 2332 11332 844 2332 11333 847 6 11334 844 6 11335 846 6 11336 846 2333 11337 844 2333 11338 821 2333 11339 796 2334 11340 822 2335 11341 773 2336 11342 773 2336 11343 822 2335 11344 821 2337 11345 773 2336 11346 821 2337 11347 774 2338 11348 774 2338 11349 821 2337 11350 844 2339 11351 774 2338 11352 844 2339 11353 775 2340 11354 775 2340 11355 844 2339 11356 843 2341 11357 775 2340 11358 843 2341 11359 776 2342 11360 776 2342 11361 843 2341 11362 842 2343 11363 776 2342 11364 842 2343 11365 777 2344 11366 777 2344 11367 842 2343 11368 841 2345 11369 777 2344 11370 841 2345 11371 778 2346 11372 778 2346 11373 841 2345 11374 840 2347 11375 778 2346 11376 840 2347 11377 779 2348 11378 779 2348 11379 840 2347 11380 839 2349 11381 779 2348 11382 839 2349 11383 780 2350 11384 780 2350 11385 839 2349 11386 838 2351 11387 780 2350 11388 838 2351 11389 781 2352 11390 781 2352 11391 838 2351 11392 837 2353 11393 781 2352 11394 837 2353 11395 782 2354 11396 782 2354 11397 837 2353 11398 836 2355 11399 782 2354 11400 836 2355 11401 783 2356 11402 783 2356 11403 836 2355 11404 835 2357 11405 783 2356 11406 835 2357 11407 784 2358 11408 784 2358 11409 835 2357 11410 834 2359 11411 784 2358 11412 834 2359 11413 785 2360 11414 785 2360 11415 834 2359 11416 833 2361 11417 785 2360 11418 833 2361 11419 786 2362 11420 786 2362 11421 833 2361 11422 832 2363 11423 786 2362 11424 832 2363 11425 787 2364 11426 787 2364 11427 832 2363 11428 831 2365 11429 787 2364 11430 831 2365 11431 788 2366 11432 788 2366 11433 831 2365 11434 830 2367 11435 788 2366 11436 830 2367 11437 789 2368 11438 789 2368 11439 830 2367 11440 829 2369 11441 789 2368 11442 829 2369 11443 790 2370 11444 790 2370 11445 829 2369 11446 828 2371 11447 790 2370 11448 828 2371 11449 791 2372 11450 791 2372 11451 828 2371 11452 827 2373 11453 791 2372 11454 827 2373 11455 792 2374 11456 792 2374 11457 827 2373 11458 826 2375 11459 792 2374 11460 826 2375 11461 793 2376 11462 793 2376 11463 826 2375 11464 825 2377 11465 793 2376 11466 825 2377 11467 794 2378 11468 794 2378 11469 825 2377 11470 824 2379 11471 794 2378 11472 824 2379 11473 795 2380 11474 795 2380 11475 824 2379 11476 823 2381 11477 795 2380 11478 823 2381 11479 796 2334 11480 796 2334 11481 823 2381 11482 822 2335 11483 820 2382 11484 846 2383 11485 797 2384 11486 797 2384 11487 846 2383 11488 845 2385 11489 797 2384 11490 845 2385 11491 798 2386 11492 798 2386 11493 845 2385 11494 868 2387 11495 798 2386 11496 868 2387 11497 799 2388 11498 799 2388 11499 868 2387 11500 867 2389 11501 799 2388 11502 867 2389 11503 800 2390 11504 800 2390 11505 867 2389 11506 866 2391 11507 800 2390 11508 866 2391 11509 801 2392 11510 801 2392 11511 866 2391 11512 865 2393 11513 801 2392 11514 865 2393 11515 802 2394 11516 802 2394 11517 865 2393 11518 864 2395 11519 802 2394 11520 864 2395 11521 803 2396 11522 803 2396 11523 864 2395 11524 863 2397 11525 803 2396 11526 863 2397 11527 804 2398 11528 804 2398 11529 863 2397 11530 862 2399 11531 804 2398 11532 862 2399 11533 805 2400 11534 805 2400 11535 862 2399 11536 861 2401 11537 805 2400 11538 861 2401 11539 806 2402 11540 806 2402 11541 861 2401 11542 860 2403 11543 806 2402 11544 860 2403 11545 807 2404 11546 807 2404 11547 860 2403 11548 859 2405 11549 807 2404 11550 859 2405 11551 808 2406 11552 808 2406 11553 859 2405 11554 858 2407 11555 808 2406 11556 858 2407 11557 809 2408 11558 809 2408 11559 858 2407 11560 857 2409 11561 809 2408 11562 857 2409 11563 810 2410 11564 810 2410 11565 857 2409 11566 856 2411 11567 810 2410 11568 856 2411 11569 811 2412 11570 811 2412 11571 856 2411 11572 855 2413 11573 811 2412 11574 855 2413 11575 812 2414 11576 812 2414 11577 855 2413 11578 854 2415 11579 812 2414 11580 854 2415 11581 813 2416 11582 813 2416 11583 854 2415 11584 853 2417 11585 813 2416 11586 853 2417 11587 814 2418 11588 814 2418 11589 853 2417 11590 852 2419 11591 814 2418 11592 852 2419 11593 815 2420 11594 815 2420 11595 852 2419 11596 851 2421 11597 815 2420 11598 851 2421 11599 816 2422 11600 816 2422 11601 851 2421 11602 850 2423 11603 816 2422 11604 850 2423 11605 817 2424 11606 817 2424 11607 850 2423 11608 849 2425 11609 817 2424 11610 849 2425 11611 818 2426 11612 818 2426 11613 849 2425 11614 848 2427 11615 818 2426 11616 848 2427 11617 819 2428 11618 819 2428 11619 848 2427 11620 847 2429 11621 819 2428 11622 847 2429 11623 820 2382 11624 820 2382 11625 847 2429 11626 846 2383 11627 1995 2430 11628 2041 2430 11629 1994 2430 11630 1994 931 11631 2041 931 11632 2018 931 11633 1994 931 11634 2018 931 11635 2017 931 11636 2017 931 11637 2018 931 11638 2019 931 11639 2017 2431 11640 2019 2431 11641 2020 2431 11642 2041 2432 11643 1995 2432 11644 2040 2432 11645 2040 931 11646 1995 931 11647 1996 931 11648 2040 931 11649 1996 931 11650 2039 931 11651 2039 2433 11652 1996 2433 11653 1997 2433 11654 2039 931 11655 1997 931 11656 2038 931 11657 2038 2434 11658 1997 2434 11659 1998 2434 11660 2038 931 11661 1998 931 11662 2037 931 11663 2037 2435 11664 1998 2435 11665 1999 2435 11666 2037 2436 11667 1999 2436 11668 2036 2436 11669 2036 2437 11670 1999 2437 11671 2000 2437 11672 2036 2438 11673 2000 2438 11674 2001 2438 11675 2036 931 11676 2001 931 11677 2035 931 11678 2035 2439 11679 2001 2439 11680 2002 2439 11681 2035 2440 11682 2002 2440 11683 2034 2440 11684 2034 2441 11685 2002 2441 11686 2003 2441 11687 2034 931 11688 2003 931 11689 2033 931 11690 2033 2442 11691 2003 2442 11692 2004 2442 11693 2033 931 11694 2004 931 11695 2032 931 11696 2032 931 11697 2004 931 11698 2005 931 11699 2032 2443 11700 2005 2443 11701 2031 2443 11702 2031 2444 11703 2005 2444 11704 2006 2444 11705 2031 2445 11706 2006 2445 11707 2030 2445 11708 2030 2446 11709 2006 2446 11710 2029 2446 11711 2029 931 11712 2006 931 11713 2007 931 11714 2029 2447 11715 2007 2447 11716 2028 2447 11717 2028 931 11718 2007 931 11719 2008 931 11720 2028 2448 11721 2008 2448 11722 2027 2448 11723 2027 931 11724 2008 931 11725 2009 931 11726 2027 931 11727 2009 931 11728 2026 931 11729 2026 2449 11730 2009 2449 11731 2010 2449 11732 2026 2450 11733 2010 2450 11734 2025 2450 11735 2025 2451 11736 2010 2451 11737 2011 2451 11738 2025 931 11739 2011 931 11740 2024 931 11741 2024 2452 11742 2011 2452 11743 2012 2452 11744 2024 2453 11745 2012 2453 11746 2013 2453 11747 2024 931 11748 2013 931 11749 2023 931 11750 2023 2454 11751 2013 2454 11752 2014 2454 11753 2023 931 11754 2014 931 11755 2022 931 11756 2022 2455 11757 2014 2455 11758 2015 2455 11759 2022 2456 11760 2015 2456 11761 2021 2456 11762 2021 931 11763 2015 931 11764 2016 931 11765 2021 931 11766 2016 931 11767 2020 931 11768 2020 931 11769 2016 931 11770 2017 931 11771 2043 6 11772 2089 6 11773 2042 6 11774 2042 2457 11775 2089 2457 11776 2066 2457 11777 2042 6 11778 2066 6 11779 2067 6 11780 2089 2458 11781 2043 2458 11782 2088 2458 11783 2088 6 11784 2043 6 11785 2044 6 11786 2088 2459 11787 2044 2459 11788 2087 2459 11789 2087 6 11790 2044 6 11791 2045 6 11792 2087 6 11793 2045 6 11794 2086 6 11795 2086 2460 11796 2045 2460 11797 2046 2460 11798 2086 6 11799 2046 6 11800 2085 6 11801 2085 2461 11802 2046 2461 11803 2047 2461 11804 2085 2462 11805 2047 2462 11806 2084 2462 11807 2084 6 11808 2047 6 11809 2048 6 11810 2084 2463 11811 2048 2463 11812 2049 2463 11813 2084 6 11814 2049 6 11815 2083 6 11816 2083 2464 11817 2049 2464 11818 2050 2464 11819 2083 6 11820 2050 6 11821 2082 6 11822 2082 2465 11823 2050 2465 11824 2051 2465 11825 2082 2466 11826 2051 2466 11827 2081 2466 11828 2081 6 11829 2051 6 11830 2052 6 11831 2081 2467 11832 2052 2467 11833 2080 2467 11834 2080 6 11835 2052 6 11836 2053 6 11837 2080 6 11838 2053 6 11839 2079 6 11840 2079 6 11841 2053 6 11842 2078 6 11843 2078 6 11844 2053 6 11845 2054 6 11846 2078 6 11847 2054 6 11848 2077 6 11849 2077 6 11850 2054 6 11851 2055 6 11852 2077 2468 11853 2055 2468 11854 2076 2468 11855 2076 6 11856 2055 6 11857 2056 6 11858 2076 2469 11859 2056 2469 11860 2075 2469 11861 2075 2470 11862 2056 2470 11863 2057 2470 11864 2075 2471 11865 2057 2471 11866 2074 2471 11867 2074 2472 11868 2057 2472 11869 2058 2472 11870 2074 2473 11871 2058 2473 11872 2073 2473 11873 2073 2474 11874 2058 2474 11875 2059 2474 11876 2073 6 11877 2059 6 11878 2072 6 11879 2072 6 11880 2059 6 11881 2060 6 11882 2072 2475 11883 2060 2475 11884 2061 2475 11885 2072 6 11886 2061 6 11887 2071 6 11888 2071 2476 11889 2061 2476 11890 2062 2476 11891 2071 6 11892 2062 6 11893 2070 6 11894 2070 6 11895 2062 6 11896 2063 6 11897 2070 2477 11898 2063 2477 11899 2069 2477 11900 2069 6 11901 2063 6 11902 2064 6 11903 2069 6 11904 2064 6 11905 2068 6 11906 2068 6 11907 2064 6 11908 2065 6 11909 2068 6 11910 2065 6 11911 2067 6 11912 2067 6 11913 2065 6 11914 2042 6 11915 2017 2478 11916 2043 2479 11917 1994 2480 11918 1994 2480 11919 2043 2479 11920 2042 2481 11921 1994 2480 11922 2042 2481 11923 1995 2482 11924 1995 2482 11925 2042 2481 11926 2065 2483 11927 1995 2482 11928 2065 2483 11929 1996 2484 11930 1996 2484 11931 2065 2483 11932 2064 2485 11933 1996 2484 11934 2064 2485 11935 1997 2486 11936 1997 2486 11937 2064 2485 11938 2063 2487 11939 1997 2486 11940 2063 2487 11941 1998 2488 11942 1998 2488 11943 2063 2487 11944 2062 2489 11945 1998 2488 11946 2062 2489 11947 1999 2490 11948 1999 2490 11949 2062 2489 11950 2061 2491 11951 1999 2490 11952 2061 2491 11953 2000 2492 11954 2000 2492 11955 2061 2491 11956 2060 2493 11957 2000 2492 11958 2060 2493 11959 2001 2494 11960 2001 2494 11961 2060 2493 11962 2059 2495 11963 2001 2494 11964 2059 2495 11965 2002 2496 11966 2002 2496 11967 2059 2495 11968 2058 2497 11969 2002 2496 11970 2058 2497 11971 2003 2498 11972 2003 2498 11973 2058 2497 11974 2057 2499 11975 2003 2498 11976 2057 2499 11977 2004 2500 11978 2004 2500 11979 2057 2499 11980 2056 2501 11981 2004 2500 11982 2056 2501 11983 2005 2502 11984 2005 2502 11985 2056 2501 11986 2055 2503 11987 2005 2502 11988 2055 2503 11989 2006 2504 11990 2006 2504 11991 2055 2503 11992 2054 2505 11993 2006 2504 11994 2054 2505 11995 2007 2506 11996 2007 2506 11997 2054 2505 11998 2053 2507 11999 2007 2506 12000 2053 2507 12001 2008 2508 12002 2008 2508 12003 2053 2507 12004 2052 2509 12005 2008 2508 12006 2052 2509 12007 2009 2510 12008 2009 2510 12009 2052 2509 12010 2051 2511 12011 2009 2510 12012 2051 2511 12013 2010 2512 12014 2010 2512 12015 2051 2511 12016 2050 2513 12017 2010 2512 12018 2050 2513 12019 2011 2514 12020 2011 2514 12021 2050 2513 12022 2049 2515 12023 2011 2514 12024 2049 2515 12025 2012 2516 12026 2012 2516 12027 2049 2515 12028 2048 2517 12029 2012 2516 12030 2048 2517 12031 2013 2518 12032 2013 2518 12033 2048 2517 12034 2047 2519 12035 2013 2518 12036 2047 2519 12037 2014 2520 12038 2014 2520 12039 2047 2519 12040 2046 2521 12041 2014 2520 12042 2046 2521 12043 2015 2522 12044 2015 2522 12045 2046 2521 12046 2045 2523 12047 2015 2522 12048 2045 2523 12049 2016 2524 12050 2016 2524 12051 2045 2523 12052 2044 2525 12053 2016 2524 12054 2044 2525 12055 2017 2478 12056 2017 2478 12057 2044 2525 12058 2043 2479 12059 2041 2526 12060 2067 2527 12061 2018 2528 12062 2018 2528 12063 2067 2527 12064 2066 2529 12065 2018 2528 12066 2066 2529 12067 2019 2530 12068 2019 2530 12069 2066 2529 12070 2089 2531 12071 2019 2530 12072 2089 2531 12073 2020 2532 12074 2020 2532 12075 2089 2531 12076 2088 2533 12077 2020 2532 12078 2088 2533 12079 2021 2534 12080 2021 2534 12081 2088 2533 12082 2087 2535 12083 2021 2534 12084 2087 2535 12085 2022 2536 12086 2022 2536 12087 2087 2535 12088 2086 2537 12089 2022 2536 12090 2086 2537 12091 2023 2538 12092 2023 2538 12093 2086 2537 12094 2085 2539 12095 2023 2538 12096 2085 2539 12097 2024 2540 12098 2024 2540 12099 2085 2539 12100 2084 2541 12101 2024 2540 12102 2084 2541 12103 2025 2542 12104 2025 2542 12105 2084 2541 12106 2083 2543 12107 2025 2542 12108 2083 2543 12109 2026 2544 12110 2026 2544 12111 2083 2543 12112 2082 2545 12113 2026 2544 12114 2082 2545 12115 2027 2546 12116 2027 2546 12117 2082 2545 12118 2081 2547 12119 2027 2546 12120 2081 2547 12121 2028 2548 12122 2028 2548 12123 2081 2547 12124 2080 2549 12125 2028 2548 12126 2080 2549 12127 2029 2550 12128 2029 2550 12129 2080 2549 12130 2079 2551 12131 2029 2550 12132 2079 2551 12133 2030 2552 12134 2030 2552 12135 2079 2551 12136 2078 2553 12137 2030 2552 12138 2078 2553 12139 2031 2554 12140 2031 2554 12141 2078 2553 12142 2077 2555 12143 2031 2554 12144 2077 2555 12145 2032 2556 12146 2032 2556 12147 2077 2555 12148 2076 2557 12149 2032 2556 12150 2076 2557 12151 2033 2558 12152 2033 2558 12153 2076 2557 12154 2075 2559 12155 2033 2558 12156 2075 2559 12157 2034 2560 12158 2034 2560 12159 2075 2559 12160 2074 2561 12161 2034 2560 12162 2074 2561 12163 2035 2562 12164 2035 2562 12165 2074 2561 12166 2073 2563 12167 2035 2562 12168 2073 2563 12169 2036 2564 12170 2036 2564 12171 2073 2563 12172 2072 2565 12173 2036 2564 12174 2072 2565 12175 2037 2566 12176 2037 2566 12177 2072 2565 12178 2071 2567 12179 2037 2566 12180 2071 2567 12181 2038 2568 12182 2038 2568 12183 2071 2567 12184 2070 2569 12185 2038 2568 12186 2070 2569 12187 2039 2570 12188 2039 2570 12189 2070 2569 12190 2069 2571 12191 2039 2570 12192 2069 2571 12193 2040 2572 12194 2040 2572 12195 2069 2571 12196 2068 2573 12197 2040 2572 12198 2068 2573 12199 2041 2526 12200 2041 2526 12201 2068 2573 12202 2067 2527 12203 2091 931 12204 2137 931 12205 2090 931 12206 2090 2574 12207 2137 2574 12208 2114 2574 12209 2090 931 12210 2114 931 12211 2113 931 12212 2113 931 12213 2114 931 12214 2115 931 12215 2113 931 12216 2115 931 12217 2116 931 12218 2137 931 12219 2091 931 12220 2136 931 12221 2136 931 12222 2091 931 12223 2092 931 12224 2136 931 12225 2092 931 12226 2135 931 12227 2135 931 12228 2092 931 12229 2093 931 12230 2135 2575 12231 2093 2575 12232 2134 2575 12233 2134 931 12234 2093 931 12235 2094 931 12236 2134 2576 12237 2094 2576 12238 2133 2576 12239 2133 2577 12240 2094 2577 12241 2095 2577 12242 2133 2578 12243 2095 2578 12244 2132 2578 12245 2132 2579 12246 2095 2579 12247 2096 2579 12248 2132 2580 12249 2096 2580 12250 2097 2580 12251 2132 931 12252 2097 931 12253 2131 931 12254 2131 2581 12255 2097 2581 12256 2098 2581 12257 2131 2582 12258 2098 2582 12259 2130 2582 12260 2130 2583 12261 2098 2583 12262 2099 2583 12263 2130 2584 12264 2099 2584 12265 2129 2584 12266 2129 931 12267 2099 931 12268 2100 931 12269 2129 931 12270 2100 931 12271 2128 931 12272 2128 2585 12273 2100 2585 12274 2101 2585 12275 2128 2586 12276 2101 2586 12277 2127 2586 12278 2127 2587 12279 2101 2587 12280 2102 2587 12281 2127 931 12282 2102 931 12283 2126 931 12284 2126 2588 12285 2102 2588 12286 2125 2588 12287 2125 2589 12288 2102 2589 12289 2103 2589 12290 2125 931 12291 2103 931 12292 2124 931 12293 2124 2590 12294 2103 2590 12295 2104 2590 12296 2124 931 12297 2104 931 12298 2123 931 12299 2123 931 12300 2104 931 12301 2105 931 12302 2123 2591 12303 2105 2591 12304 2122 2591 12305 2122 2592 12306 2105 2592 12307 2106 2592 12308 2122 2593 12309 2106 2593 12310 2121 2593 12311 2121 2594 12312 2106 2594 12313 2107 2594 12314 2121 931 12315 2107 931 12316 2120 931 12317 2120 2595 12318 2107 2595 12319 2108 2595 12320 2120 2596 12321 2108 2596 12322 2109 2596 12323 2120 931 12324 2109 931 12325 2119 931 12326 2119 2597 12327 2109 2597 12328 2110 2597 12329 2119 2598 12330 2110 2598 12331 2118 2598 12332 2118 2599 12333 2110 2599 12334 2111 2599 12335 2118 931 12336 2111 931 12337 2117 931 12338 2117 2600 12339 2111 2600 12340 2112 2600 12341 2117 931 12342 2112 931 12343 2116 931 12344 2116 2601 12345 2112 2601 12346 2113 2601 12347 2139 6 12348 2185 6 12349 2138 6 12350 2138 6 12351 2185 6 12352 2162 6 12353 2138 2602 12354 2162 2602 12355 2163 2602 12356 2185 6 12357 2139 6 12358 2184 6 12359 2184 2603 12360 2139 2603 12361 2140 2603 12362 2184 6 12363 2140 6 12364 2183 6 12365 2183 6 12366 2140 6 12367 2141 6 12368 2183 6 12369 2141 6 12370 2182 6 12371 2182 2604 12372 2141 2604 12373 2142 2604 12374 2182 6 12375 2142 6 12376 2181 6 12377 2181 2605 12378 2142 2605 12379 2143 2605 12380 2181 6 12381 2143 6 12382 2180 6 12383 2180 2606 12384 2143 2606 12385 2144 2606 12386 2180 6 12387 2144 6 12388 2145 6 12389 2180 6 12390 2145 6 12391 2179 6 12392 2179 6 12393 2145 6 12394 2146 6 12395 2179 6 12396 2146 6 12397 2178 6 12398 2178 6 12399 2146 6 12400 2147 6 12401 2178 6 12402 2147 6 12403 2177 6 12404 2177 6 12405 2147 6 12406 2148 6 12407 2177 2607 12408 2148 2607 12409 2176 2607 12410 2176 2608 12411 2148 2608 12412 2149 2608 12413 2176 2609 12414 2149 2609 12415 2175 2609 12416 2175 2610 12417 2149 2610 12418 2174 2610 12419 2174 2611 12420 2149 2611 12421 2150 2611 12422 2174 2612 12423 2150 2612 12424 2173 2612 12425 2173 6 12426 2150 6 12427 2151 6 12428 2173 6 12429 2151 6 12430 2172 6 12431 2172 2613 12432 2151 2613 12433 2152 2613 12434 2172 2614 12435 2152 2614 12436 2171 2614 12437 2171 2615 12438 2152 2615 12439 2153 2615 12440 2171 2616 12441 2153 2616 12442 2170 2616 12443 2170 2617 12444 2153 2617 12445 2154 2617 12446 2170 6 12447 2154 6 12448 2169 6 12449 2169 2618 12450 2154 2618 12451 2155 2618 12452 2169 6 12453 2155 6 12454 2168 6 12455 2168 2619 12456 2155 2619 12457 2156 2619 12458 2168 2620 12459 2156 2620 12460 2157 2620 12461 2168 6 12462 2157 6 12463 2167 6 12464 2167 6 12465 2157 6 12466 2158 6 12467 2167 2621 12468 2158 2621 12469 2166 2621 12470 2166 6 12471 2158 6 12472 2159 6 12473 2166 6 12474 2159 6 12475 2165 6 12476 2165 2622 12477 2159 2622 12478 2160 2622 12479 2165 2623 12480 2160 2623 12481 2164 2623 12482 2164 6 12483 2160 6 12484 2161 6 12485 2164 2624 12486 2161 2624 12487 2163 2624 12488 2163 2625 12489 2161 2625 12490 2138 2625 12491 2113 2626 12492 2139 2627 12493 2090 2628 12494 2090 2628 12495 2139 2627 12496 2138 2629 12497 2090 2628 12498 2138 2629 12499 2091 2630 12500 2091 2630 12501 2138 2629 12502 2161 2631 12503 2091 2630 12504 2161 2631 12505 2092 2632 12506 2092 2632 12507 2161 2631 12508 2160 2633 12509 2092 2632 12510 2160 2633 12511 2093 2634 12512 2093 2634 12513 2160 2633 12514 2159 2635 12515 2093 2634 12516 2159 2635 12517 2094 2636 12518 2094 2636 12519 2159 2635 12520 2158 2637 12521 2094 2636 12522 2158 2637 12523 2095 2638 12524 2095 2638 12525 2158 2637 12526 2157 2639 12527 2095 2638 12528 2157 2639 12529 2096 2640 12530 2096 2640 12531 2157 2639 12532 2156 2641 12533 2096 2640 12534 2156 2641 12535 2097 2642 12536 2097 2642 12537 2156 2641 12538 2155 2643 12539 2097 2642 12540 2155 2643 12541 2098 2644 12542 2098 2644 12543 2155 2643 12544 2154 2645 12545 2098 2644 12546 2154 2645 12547 2099 2646 12548 2099 2646 12549 2154 2645 12550 2153 2647 12551 2099 2646 12552 2153 2647 12553 2100 2648 12554 2100 2648 12555 2153 2647 12556 2152 2649 12557 2100 2648 12558 2152 2649 12559 2101 2650 12560 2101 2650 12561 2152 2649 12562 2151 2651 12563 2101 2650 12564 2151 2651 12565 2102 2652 12566 2102 2652 12567 2151 2651 12568 2150 2653 12569 2102 2652 12570 2150 2653 12571 2103 2654 12572 2103 2654 12573 2150 2653 12574 2149 2655 12575 2103 2654 12576 2149 2655 12577 2104 2656 12578 2104 2656 12579 2149 2655 12580 2148 2657 12581 2104 2656 12582 2148 2657 12583 2105 2658 12584 2105 2658 12585 2148 2657 12586 2147 2659 12587 2105 2658 12588 2147 2659 12589 2106 2660 12590 2106 2660 12591 2147 2659 12592 2146 2661 12593 2106 2660 12594 2146 2661 12595 2107 2662 12596 2107 2662 12597 2146 2661 12598 2145 2663 12599 2107 2662 12600 2145 2663 12601 2108 2664 12602 2108 2664 12603 2145 2663 12604 2144 2665 12605 2108 2664 12606 2144 2665 12607 2109 2666 12608 2109 2666 12609 2144 2665 12610 2143 2667 12611 2109 2666 12612 2143 2667 12613 2110 2668 12614 2110 2668 12615 2143 2667 12616 2142 2669 12617 2110 2668 12618 2142 2669 12619 2111 2670 12620 2111 2670 12621 2142 2669 12622 2141 2671 12623 2111 2670 12624 2141 2671 12625 2112 2672 12626 2112 2672 12627 2141 2671 12628 2140 2673 12629 2112 2672 12630 2140 2673 12631 2113 2626 12632 2113 2626 12633 2140 2673 12634 2139 2627 12635 2137 2674 12636 2163 2675 12637 2114 2676 12638 2114 2676 12639 2163 2675 12640 2162 2677 12641 2114 2676 12642 2162 2677 12643 2115 2678 12644 2115 2678 12645 2162 2677 12646 2185 2679 12647 2115 2678 12648 2185 2679 12649 2116 2680 12650 2116 2680 12651 2185 2679 12652 2184 2681 12653 2116 2680 12654 2184 2681 12655 2117 2682 12656 2117 2682 12657 2184 2681 12658 2183 2683 12659 2117 2682 12660 2183 2683 12661 2118 2684 12662 2118 2684 12663 2183 2683 12664 2182 2685 12665 2118 2684 12666 2182 2685 12667 2119 2686 12668 2119 2686 12669 2182 2685 12670 2181 2687 12671 2119 2686 12672 2181 2687 12673 2120 2688 12674 2120 2688 12675 2181 2687 12676 2180 2689 12677 2120 2688 12678 2180 2689 12679 2121 2690 12680 2121 2690 12681 2180 2689 12682 2179 2691 12683 2121 2690 12684 2179 2691 12685 2122 2692 12686 2122 2692 12687 2179 2691 12688 2178 2693 12689 2122 2692 12690 2178 2693 12691 2123 2694 12692 2123 2694 12693 2178 2693 12694 2177 2695 12695 2123 2694 12696 2177 2695 12697 2124 2696 12698 2124 2696 12699 2177 2695 12700 2176 2697 12701 2124 2696 12702 2176 2697 12703 2125 2698 12704 2125 2698 12705 2176 2697 12706 2175 2699 12707 2125 2698 12708 2175 2699 12709 2126 2700 12710 2126 2700 12711 2175 2699 12712 2174 2701 12713 2126 2700 12714 2174 2701 12715 2127 2702 12716 2127 2702 12717 2174 2701 12718 2173 2703 12719 2127 2702 12720 2173 2703 12721 2128 2704 12722 2128 2704 12723 2173 2703 12724 2172 2705 12725 2128 2704 12726 2172 2705 12727 2129 2706 12728 2129 2706 12729 2172 2705 12730 2171 2707 12731 2129 2706 12732 2171 2707 12733 2130 2708 12734 2130 2708 12735 2171 2707 12736 2170 2709 12737 2130 2708 12738 2170 2709 12739 2131 2710 12740 2131 2710 12741 2170 2709 12742 2169 2711 12743 2131 2710 12744 2169 2711 12745 2132 2712 12746 2132 2712 12747 2169 2711 12748 2168 2713 12749 2132 2712 12750 2168 2713 12751 2133 2714 12752 2133 2714 12753 2168 2713 12754 2167 2715 12755 2133 2714 12756 2167 2715 12757 2134 2716 12758 2134 2716 12759 2167 2715 12760 2166 2717 12761 2134 2716 12762 2166 2717 12763 2135 2718 12764 2135 2718 12765 2166 2717 12766 2165 2719 12767 2135 2718 12768 2165 2719 12769 2136 2720 12770 2136 2720 12771 2165 2719 12772 2164 2721 12773 2136 2720 12774 2164 2721 12775 2137 2674 12776 2137 2674 12777 2164 2721 12778 2163 2675 12779</p>
        </triangles>
        <triangles material="Red-material" count="52">
          <input semantic="VERTEX" source="#Gate2_v1-mesh-vertices" offset="0"/>
          <input semantic="NORMAL" source="#Gate2_v1-mesh-normals" offset="1"/>
          <input semantic="TEXCOORD" source="#Gate2_v1-mesh-map-0" offset="2" set="0"/>
          <p>1955 931 12780 1954 931 12781 1946 931 12782 1946 931 12783 1954 931 12784 1947 931 12785 1954 2265 12786 1957 2265 12787 1947 2265 12788 1947 2265 12789 1957 2265 12790 1948 2265 12791 1957 6 12792 1956 6 12793 1948 6 12794 1948 6 12795 1956 6 12796 1949 6 12797 1956 2264 12798 1955 2264 12799 1949 2264 12800 1949 2264 12801 1955 2264 12802 1946 2264 12803 2186 931 12804 2187 931 12805 2189 931 12806 2189 931 12807 2187 931 12808 2188 931 12809 2187 743 12810 2190 743 12811 2188 743 12812 2188 743 12813 2190 743 12814 2191 743 12815 2190 6 12816 2192 6 12817 2191 6 12818 2191 6 12819 2192 6 12820 2193 6 12821 2192 1075 12822 2186 1075 12823 2193 1075 12824 2193 1075 12825 2186 1075 12826 2189 1075 12827 2189 2265 12828 2188 2265 12829 2193 2265 12830 2193 2265 12831 2188 2265 12832 2191 2265 12833 2187 2264 12834 2186 2264 12835 2190 2264 12836 2190 2264 12837 2186 2264 12838 2192 2264 12839 1965 2722 12840 1962 2722 12841 1967 2722 12842 1967 1075 12843 1962 1075 12844 1963 1075 12845 1967 1075 12846 1963 1075 12847 1966 1075 12848 1966 1075 12849 1963 1075 12850 1964 1075 12851 1966 2723 12852 1964 2723 12853 1969 2723 12854 1969 1075 12855 1964 1075 12856 1965 1075 12857 1969 1075 12858 1965 1075 12859 1968 1075 12860 1968 2724 12861 1965 2724 12862 1967 2724 12863 1973 2725 12864 1970 2725 12865 1976 2725 12866 1976 743 12867 1970 743 12868 1971 743 12869 1976 743 12870 1971 743 12871 1975 743 12872 1975 743 12873 1971 743 12874 1972 743 12875 1975 2726 12876 1972 2726 12877 1974 2726 12878 1974 743 12879 1972 743 12880 1973 743 12881 1974 743 12882 1973 743 12883 1977 743 12884 1977 743 12885 1973 743 12886 1976 743 12887 1971 931 12888 1970 931 12889 1962 931 12890 1962 931 12891 1970 931 12892 1963 931 12893 1970 2265 12894 1973 2265 12895 1963 2265 12896 1963 2265 12897 1973 2265 12898 1964 2265 12899 1973 6 12900 1972 6 12901 1964 6 12902 1964 6 12903 1972 6 12904 1965 6 12905 1972 2264 12906 1971 2264 12907 1965 2264 12908 1965 2264 12909 1971 2264 12910 1962 2264 12911 1976 6 12912 1975 6 12913 1966 6 12914 1966 6 12915 1975 6 12916 1967 6 12917 1977 2264 12918 1976 2264 12919 1969 2264 12920 1969 2264 12921 1976 2264 12922 1966 2264 12923 1974 931 12924 1977 931 12925 1968 931 12926 1968 931 12927 1977 931 12928 1969 931 12929 1975 2265 12930 1974 2265 12931 1967 2265 12932 1967 2265 12933 1974 2265 12934 1968 2265 12935</p>
        </triangles>
        <triangles material="Black-material" count="72">
          <input semantic="VERTEX" source="#Gate2_v1-mesh-vertices" offset="0"/>
          <input semantic="NORMAL" source="#Gate2_v1-mesh-normals" offset="1"/>
          <input semantic="TEXCOORD" source="#Gate2_v1-mesh-map-0" offset="2" set="0"/>
          <p>1981 2727 12936 1978 2727 12937 1983 2727 12938 1983 1075 12939 1978 1075 12940 1979 1075 12941 1983 1075 12942 1979 1075 12943 1982 1075 12944 1982 1075 12945 1979 1075 12946 1980 1075 12947 1982 2728 12948 1980 2728 12949 1985 2728 12950 1985 1075 12951 1980 1075 12952 1981 1075 12953 1985 1075 12954 1981 1075 12955 1984 1075 12956 1984 1075 12957 1981 1075 12958 1983 1075 12959 1989 2729 12960 1986 2729 12961 1992 2729 12962 1992 743 12963 1986 743 12964 1987 743 12965 1992 743 12966 1987 743 12967 1991 743 12968 1991 743 12969 1987 743 12970 1988 743 12971 1991 2730 12972 1988 2730 12973 1990 2730 12974 1990 743 12975 1988 743 12976 1989 743 12977 1990 743 12978 1989 743 12979 1993 743 12980 1993 743 12981 1989 743 12982 1992 743 12983 1987 931 12984 1986 931 12985 1978 931 12986 1978 931 12987 1986 931 12988 1979 931 12989 1986 2265 12990 1989 2265 12991 1979 2265 12992 1979 2265 12993 1989 2265 12994 1980 2265 12995 1989 6 12996 1988 6 12997 1980 6 12998 1980 6 12999 1988 6 13000 1981 6 13001 1988 2264 13002 1987 2264 13003 1981 2264 13004 1981 2264 13005 1987 2264 13006 1978 2264 13007 1992 6 13008 1991 6 13009 1982 6 13010 1982 6 13011 1991 6 13012 1983 6 13013 1993 2264 13014 1992 2264 13015 1985 2264 13016 1985 2264 13017 1992 2264 13018 1982 2264 13019 1990 931 13020 1993 931 13021 1984 931 13022 1984 931 13023 1993 931 13024 1985 931 13025 1991 2265 13026 1990 2265 13027 1983 2265 13028 1983 2265 13029 1990 2265 13030 1984 2265 13031 1933 2731 13032 1930 2731 13033 1935 2731 13034 1935 1075 13035 1930 1075 13036 1931 1075 13037 1935 1075 13038 1931 1075 13039 1934 1075 13040 1934 1075 13041 1931 1075 13042 1932 1075 13043 1934 2732 13044 1932 2732 13045 1937 2732 13046 1937 1075 13047 1932 1075 13048 1933 1075 13049 1937 1075 13050 1933 1075 13051 1936 1075 13052 1936 2733 13053 1933 2733 13054 1935 2733 13055 1941 2734 13056 1938 2734 13057 1944 2734 13058 1944 743 13059 1938 743 13060 1939 743 13061 1944 743 13062 1939 743 13063 1943 743 13064 1943 743 13065 1939 743 13066 1940 743 13067 1943 2735 13068 1940 2735 13069 1942 2735 13070 1942 743 13071 1940 743 13072 1941 743 13073 1942 743 13074 1941 743 13075 1945 743 13076 1945 2736 13077 1941 2736 13078 1944 2736 13079 1939 931 13080 1938 931 13081 1930 931 13082 1930 931 13083 1938 931 13084 1931 931 13085 1938 2265 13086 1941 2265 13087 1931 2265 13088 1931 2265 13089 1941 2265 13090 1932 2265 13091 1941 6 13092 1940 6 13093 1932 6 13094 1932 6 13095 1940 6 13096 1933 6 13097 1940 2264 13098 1939 2264 13099 1933 2264 13100 1933 2264 13101 1939 2264 13102 1930 2264 13103 1944 6 13104 1943 6 13105 1934 6 13106 1934 6 13107 1943 6 13108 1935 6 13109 1945 2264 13110 1944 2264 13111 1937 2264 13112 1937 2264 13113 1944 2264 13114 1934 2264 13115 1942 931 13116 1945 931 13117 1936 931 13118 1936 931 13119 1945 931 13120 1937 931 13121 1943 2265 13122 1942 2265 13123 1935 2265 13124 1935 2265 13125 1942 2265 13126 1936 2265 13127 1949 2737 13128 1946 2737 13129 1951 2737 13130 1951 1075 13131 1946 1075 13132 1947 1075 13133 1951 1075 13134 1947 1075 13135 1950 1075 13136 1950 1075 13137 1947 1075 13138 1948 1075 13139 1950 2738 13140 1948 2738 13141 1953 2738 13142 1953 1075 13143 1948 1075 13144 1949 1075 13145 1953 1075 13146 1949 1075 13147 1952 1075 13148 1952 2739 13149 1949 2739 13150 1951 2739 13151</p>
        </triangles>
      </mesh>
    </geometry>
    <geometry id="Plane-mesh" name="Plane">
      <mesh>
        <source id="Plane-mesh-positions">
          <float_array id="Plane-mesh-positions-array" count="12">-1 -1 0 1 -1 0 -1 1 0 1 1 0</float_array>
          <technique_common>
            <accessor source="#Plane-mesh-positions-array" count="4" stride="3">
              <param name="X" type="float"/>
              <param name="Y" type="float"/>
              <param name="Z" type="float"/>
            </accessor>
          </technique_common>
        </source>
        <source id="Plane-mesh-normals">
          <float_array id="Plane-mesh-normals-array" count="3">0 0 1</float_array>
          <technique_common>
            <accessor source="#Plane-mesh-normals-array" count="1" stride="3">
              <param name="X" type="float"/>
              <param name="Y" type="float"/>
              <param name="Z" type="float"/>
            </accessor>
          </technique_common>
        </source>
        <source id="Plane-mesh-map-0">
          <float_array id="Plane-mesh-map-0-array" count="12">1 0 0 1 0 0 1 0 1 1 0 1</float_array>
          <technique_common>
            <accessor source="#Plane-mesh-map-0-array" count="6" stride="2">
              <param name="S" type="float"/>
              <param name="T" type="float"/>
            </accessor>
          </technique_common>
        </source>
        <vertices id="Plane-mesh-vertices">
          <input semantic="POSITION" source="#Plane-mesh-positions"/>
        </vertices>
        <triangles material="Material_004-material" count="2">
          <input semantic="VERTEX" source="#Plane-mesh-vertices" offset="0"/>
          <input semantic="NORMAL" source="#Plane-mesh-normals" offset="1"/>
          <input semantic="TEXCOORD" source="#Plane-mesh-map-0" offset="2" set="0"/>
          <p>1 0 0 2 0 1 0 0 2 1 0 3 3 0 4 2 0 5</p>
        </triangles>
      </mesh>
    </geometry>
    <geometry id="Plane_001-mesh" name="Plane.001">
      <mesh>
        <source id="Plane_001-mesh-positions">
          <float_array id="Plane_001-mesh-positions-array" count="12">-1 -1 0 1 -1 0 -1 1 0 1 1 0</float_array>
          <technique_common>
            <accessor source="#Plane_001-mesh-positions-array" count="4" stride="3">
              <param name="X" type="float"/>
              <param name="Y" type="float"/>
              <param name="Z" type="float"/>
            </accessor>
          </technique_common>
        </source>
        <source id="Plane_001-mesh-normals">
          <float_array id="Plane_001-mesh-normals-array" count="3">0 0 1</float_array>
          <technique_common>
            <accessor source="#Plane_001-mesh-normals-array" count="1" stride="3">
              <param name="X" type="float"/>
              <param name="Y" type="float"/>
              <param name="Z" type="float"/>
            </accessor>
          </technique_common>
        </source>
        <source id="Plane_001-mesh-map-0">
          <float_array id="Plane_001-mesh-map-0-array" count="12">1 0 0 1 0 0 1 0 1 1 0 1</float_array>
          <technique_common>
            <accessor source="#Plane_001-mesh-map-0-array" count="6" stride="2">
              <param name="S" type="float"/>
              <param name="T" type="float"/>
            </accessor>
          </technique_common>
        </source>
        <vertices id="Plane_001-mesh-vertices">
          <input semantic="POSITION" source="#Plane_001-mesh-positions"/>
        </vertices>
        <triangles material="Material_003-material" count="2">
          <input semantic="VERTEX" source="#Plane_001-mesh-vertices" offset="0"/>
          <input semantic="NORMAL" source="#Plane_001-mesh-normals" offset="1"/>
          <input semantic="TEXCOORD" source="#Plane_001-mesh-map-0" offset="2" set="0"/>
          <p>1 0 0 2 0 1 0 0 2 1 0 3 3 0 4 2 0 5</p>
        </triangles>
      </mesh>
    </geometry>
  </library_geometries>
  <library_visual_scenes>
    <visual_scene id="Scene" name="Scene">
      <node id="Gate2_v1" name="Gate2_v1" type="NODE">
        <matrix sid="transform">1 0 0 0 0 7.54979e-8 -1 0.00545566 0 1 7.54979e-8 0.01501751 0 0 0 1</matrix>
        <instance_geometry url="#Gate2_v1-mesh" name="Gate2_v1">
          <bind_material>
            <technique_common>
              <instance_material symbol="Right_Side_Image-material" target="#Right_Side_Image-material">
                <bind_vertex_input semantic="Gate2_v1-mesh-map-0" input_semantic="TEXCOORD" input_set="0"/>
              </instance_material>
              <instance_material symbol="Steel_-_Satin-material" target="#Steel_-_Satin-material">
                <bind_vertex_input semantic="Gate2_v1-mesh-map-0" input_semantic="TEXCOORD" input_set="0"/>
              </instance_material>
              <instance_material symbol="Opaque_192_192_192_-material" target="#Opaque_192_192_192_-material">
                <bind_vertex_input semantic="Gate2_v1-mesh-map-0" input_semantic="TEXCOORD" input_set="0"/>
              </instance_material>
              <instance_material symbol="Red-material" target="#Red-material">
                <bind_vertex_input semantic="Gate2_v1-mesh-map-0" input_semantic="TEXCOORD" input_set="0"/>
              </instance_material>
              <instance_material symbol="Black-material" target="#Black-material">
                <bind_vertex_input semantic="Gate2_v1-mesh-map-0" input_semantic="TEXCOORD" input_set="0"/>
              </instance_material>
              <instance_material symbol="Material_002-material" target="#Material_002-material">
                <bind_vertex_input semantic="Gate2_v1-mesh-map-0" input_semantic="TEXCOORD" input_set="0"/>
              </instance_material>
              <instance_material symbol="Opaque_255_0_0_-material" target="#Opaque_255_0_0_-material">
                <bind_vertex_input semantic="Gate2_v1-mesh-map-0" input_semantic="TEXCOORD" input_set="0"/>
              </instance_material>
            </technique_common>
          </bind_material>
        </instance_geometry>
      </node>
      <node id="Empty" name="Empty" type="NODE">
        <matrix sid="transform">1 0 0 0 0 7.54979e-8 -1 0 0 1 7.54979e-8 0 0 0 0 1</matrix>
      </node>
      <node id="Plane" name="Plane" type="NODE">
        <matrix sid="transform">0.1618832 0 0 0.9108744 0 1.29397e-8 -0.9647052 -2.53478e-8 0 0.1713916 7.28332e-8 0.1886574 0 0 0 1</matrix>
        <instance_geometry url="#Plane-mesh" name="Plane">
          <bind_material>
            <technique_common>
              <instance_material symbol="Material_004-material" target="#Material_004-material">
                <bind_vertex_input semantic="Plane-mesh-map-0" input_semantic="TEXCOORD" input_set="0"/>
              </instance_material>
            </technique_common>
          </bind_material>
        </instance_geometry>
      </node>
      <node id="Plane_001" name="Plane.001" type="NODE">
        <matrix sid="transform">0.1618832 0 0 -0.7291256 0 1.29397e-8 -0.9647052 -2.53478e-8 0 0.1713916 7.28332e-8 0.1886574 0 0 0 1</matrix>
        <instance_geometry url="#Plane_001-mesh" name="Plane.001">
          <bind_material>
            <technique_common>
              <instance_material symbol="Material_003-material" target="#Material_003-material">
                <bind_vertex_input semantic="Plane_001-mesh-map-0" input_semantic="TEXCOORD" input_set="0"/>
              </instance_material>
            </technique_common>
          </bind_material>
        </instance_geometry>
      </node>
      <node id="Camera" name="Camera" type="NODE">
        <matrix sid="transform">0.6859207 -0.3240135 0.6515582 7.358891 0.7276763 0.3054208 -0.6141704 -6.925791 0 0.8953956 0.4452714 4.958309 0 0 0 1</matrix>
        <instance_camera url="#Camera-camera"/>
      </node>
      <node id="Light" name="Light" type="NODE">
        <matrix sid="transform">-0.2908646 -0.7711008 0.5663932 4.076245 0.9551712 -0.1998834 0.2183912 1.005454 -0.05518906 0.6045247 0.7946723 5.903862 0 0 0 1</matrix>
        <instance_light url="#Light-light"/>
      </node>
    </visual_scene>
  </library_visual_scenes>
  <scene>
    <instance_visual_scene url="#Scene"/>
  </scene>
</COLLADA>